方向,盈亏%,开仓时张力,开仓时加速度,开仓时量能比率,开仓时DXY燃料,开仓时张力加速度比,平仓时张力,平仓时加速度,平仓时量能比率,平仓时DXY燃料,平仓时张力加速度比
short,-0.3529916447284448,0.9831506757954052,-0.0010740527214371,,0.0,915.3653784145099,0.9917460281362236,-0.0010843785365016,,0.0,914.5754870211415
short,0.7005962919621999,0.9879905412340652,-0.0010798540660563,,0.0,914.9296856771335,0.9917460281362236,-0.0010843785365016,,0.0,914.5754870211415
short,-0.8308513443871599,0.9917460281362236,-0.0010843785365016,,0.0,914.5754870211415,0.9944138998441778,-0.0010876151942043,,0.0,914.3067374777636
short,-0.19550324538985822,0.9944138998441778,-0.0010876151942043,,0.0,914.3067374777636,0.6054837457320356,-0.000605141419588,2.289428097153722,-0.0707214880617256,1000.5656961050008
short,0.5931081005364073,0.9959922167088174,-0.0010895548433145,,0.0,914.1276575660398,0.6054837457320356,-0.000605141419588,2.289428097153722,-0.0707214880617256,1000.5656961050008
short,0.48760903303627967,0.9964803435210025,-0.0010901900524546,,0.0,914.0427774748019,0.6054837457320356,-0.000605141419588,2.289428097153722,-0.0707214880617256,1000.5656961050008
short,0.33054153861315366,0.9958789551592756,-0.0010895151739115,,0.0,914.0569851670276,0.6054837457320356,-0.000605141419588,2.289428097153722,-0.0707214880617256,1000.5656961050008
short,0.7296725965902632,0.9941900404373624,-0.0010875263601867,,0.0,914.1755794008393,0.6054837457320356,-0.000605141419588,2.289428097153722,-0.0707214880617256,1000.5656961050008
short,1.027147187719311,0.9914169041375072,-0.0010842215779418,,0.0,914.4043286977688,0.6054837457320356,-0.000605141419588,2.289428097153722,-0.0707214880617256,1000.5656961050008
short,1.2232886649828096,0.9875641672184002,-0.0010796006192517,,0.0,914.7495375677973,0.4438526260555777,-0.0004012923928162,1.6378010813631323,0.0955034364495672,1106.057911889875
short,1.8282820410686969,0.98263776518915,-0.0010736651101433,,0.0,915.2181214661985,0.4154287166285036,-0.0003653594805625,1.4784476274359761,0.0955034364495672,1137.0410205010091
short,2.1448124063368623,0.9766449446434826,-0.0010664185164169,,0.0,915.817692218013,0.3866758148422801,-0.0003289923591493,1.9955779839777328,0.6626971946283834,1175.3337245951136
short,2.552314452781821,0.9695942579510916,-0.0010578661467237,,0.0,916.5566560136234,0.3576306732630595,-0.0002922397929971,1.0520713573825171,0.6626971946283834,1223.7576190269488
short,2.5331340324110476,0.96149555610585,-0.0010480151528503,,0.0,917.4443265356026,0.3576306732630595,-0.0002922397929971,1.0520713573825171,0.6626971946283834,1223.7576190269488
short,2.9547987810338756,0.9523599797333436,-0.001036874527265,,0.0,918.4910562374569,0.3576306732630595,-0.0002922397929971,1.0520713573825171,0.6626971946283834,1223.7576190269488
short,4.73379287155347,0.9421999482629873,-0.0010244550978499,,0.0,919.708389601899,0.2691140750133109,-0.0001801666106439,1.3309832411918798,0.6626971946283834,1493.6956079238007
short,5.1229676537100985,0.9310291472727764,-0.0010107695198541,,0.0,921.1092429925728,0.2392734668435961,-0.0001423721344584,1.0754797324944787,0.6626971946283834,1680.6200718547905
short,5.021511386016322,0.9188625140174964,-0.0009958322650696,0.6293413530056361,0.0,922.7081168667254,0.2392734668435961,-0.0001423721344584,1.0754797324944787,0.6626971946283834,1680.6200718547905
short,4.711581160639199,0.905716221153994,-0.0009796596082221,0.8012307549644325,0.0,924.5213475706123,0.2392734668435961,-0.0001423721344584,1.0754797324944787,0.6626971946283834,1680.6200718547905
short,4.653434992189108,0.8916076586799014,-0.0009622696105902,0.8266536740881302,0.0,926.5674077902568,0.2392734668435961,-0.0001423721344584,1.0754797324944787,0.6626971946283834,1680.6200718547905
short,4.94052632541865,0.8437000850851574,-0.000903002563186,0.7675091820771771,0.0,934.3274531894906,0.0892640663966385,4.755989227478441e-05,1.102095731315519,0.6626971946283834,1876.876967695847
short,5.365403746851194,0.7878704864899468,-0.0008335966131498,1.0952358980189842,0.0,945.1459783562773,0.0892640663966385,4.755989227478441e-05,1.102095731315519,0.6626971946283834,1876.876967695847
short,4.850617325399172,0.7247719279297558,-0.0007548144817784,0.8612669876433118,0.0,960.1987580075813,0.0892640663966385,4.755989227478441e-05,1.102095731315519,0.6626971946283834,1876.876967695847
short,5.020612825440218,0.70224855687849,-0.0007266203371056,0.6054275405247762,-0.0707214880617256,966.4587144309888,0.0892640663966385,4.755989227478441e-05,1.102095731315519,0.6626971946283834,1876.876967695847
short,4.989366593350438,0.6790276677784624,-0.0006975180487618,0.6026882508835435,-0.0707214880617256,973.4911791656706,0.0892640663966385,4.755989227478441e-05,1.102095731315519,0.6626971946283834,1876.876967695847
short,4.550578716667697,0.6551392338138905,-0.0006675448645442,1.0582654543962433,-0.0707214880617256,981.416034503119,0.0892640663966385,4.755989227478441e-05,1.102095731315519,0.6626971946283834,1876.876967695847
short,4.761427117887518,0.5797806388639944,-0.0005727921173196,0.556151390130891,-0.0707214880617256,1012.2007990911213,0.0892640663966385,4.755989227478441e-05,1.102095731315519,0.6626971946283834,1876.876967695847
short,5.264559139007991,0.5535377982693492,-0.000539733726604,0.9483271275884086,0.0955034364495672,1025.5757070291017,0.0892640663966385,4.755989227478441e-05,1.102095731315519,0.6626971946283834,1876.876967695847
short,5.4240908324433725,0.5267889480449768,-0.0005060096297272,0.7803234801127893,0.0955034364495672,1041.0650649652246,0.0892640663966385,4.755989227478441e-05,1.102095731315519,0.6626971946283834,1876.876967695847
short,5.188616323642778,0.4995684335557847,-0.0004716642648196,0.5334998693286288,0.0955034364495672,1059.1610830361662,0.0892640663966385,4.755989227478441e-05,1.102095731315519,0.6626971946283834,1876.876967695847
short,2.4785419967037403,0.3576306732630595,-0.0002922397929971,1.0520713573825171,0.6626971946283834,1223.7576190269488,0.0892640663966385,4.755989227478441e-05,1.102095731315519,0.6626971946283834,1876.876967695847
long,3.7136941898888285,-0.3048737439358518,0.0005421582645353,0.8410533024649831,-0.1398384676452419,562.3334806067527,-0.7032376605200769,0.0009617002330655,2.06698436307623,0.1260400013773703,731.2441406803531
long,3.975003882610907,-0.3297984245947503,0.0005729007047327,1.324439832509119,-0.1398384676452419,575.6641977751193,-0.7032376605200769,0.0009617002330655,2.06698436307623,0.1260400013773703,731.2441406803531
long,3.198662127318926,-0.3541203201326947,0.0006027851209541,0.987709604882306,-0.1398384676452419,587.473558690676,-0.7032376605200769,0.0009617002330655,2.06698436307623,0.1260400013773703,731.2441406803531
long,5.207466307754972,-0.3778104462014914,0.0006317694691475,2.609413511452225,-0.1398384676452419,598.0194749064132,-0.6971496749143261,0.0009367877901755,1.3638201976536084,0.1260400013773703,744.191675239192
long,4.575461385368955,-0.4008407593393343,0.0006598129309539,0.8085663585515835,-0.1398384676452419,607.5066742930208,-0.6971496749143261,0.0009367877901755,1.3638201976536084,0.1260400013773703,744.191675239192
long,4.524902577986892,-0.4231841965012917,0.0006868759758854,0.5222108181318144,-0.1398384676452419,616.0998657083571,-0.6884462050349226,0.0009133186351164,1.3922173027557188,0.1260400013773703,753.7853478125759
long,7.240791271462765,-0.4448147132415196,0.0007129204217294,0.6612511622576,0.2622599159323994,623.9331904148426,-0.6827382360279681,0.0008995747496944,3.521463755893149,-0.4171160897338265,758.9566473046351
long,6.566766388354652,-0.4657073204887144,0.0007379094930331,0.9093174676540122,0.2622599159323994,631.1171287070356,-0.6827382360279681,0.0008995747496944,3.521463755893149,-0.4171160897338265,758.9566473046351
long,6.567904576417301,-0.4858381198582858,0.0007618078776233,0.8318873735192488,0.2622599159323994,637.7436281887909,-0.6827382360279681,0.0008995747496944,3.521463755893149,-0.4171160897338265,758.9566473046351
long,5.471716700947651,-0.5051843374468081,0.0007845817810491,2.0937092368533827,0.2622599159323994,643.8899674311875,-0.6827382360279681,0.0008995747496944,3.521463755893149,-0.4171160897338265,758.9566473046351
long,5.612528684064609,-0.523724356056472,0.0008061989788583,1.0166347274353078,0.2622599159323994,649.6217060435193,-0.6827382360279681,0.0008995747496944,3.521463755893149,-0.4171160897338265,758.9566473046351
long,5.85841117842095,-0.5414377457995156,0.0008266288666203,0.4431533265342622,0.2622599159323994,654.9949652898067,-0.6827382360279681,0.0008995747496944,3.521463755893149,-0.4171160897338265,758.9566473046351
long,6.2708065919002225,-0.5583052930349214,0.0008458425076378,0.7112378679817738,-0.3143946401825003,660.0582117752758,-0.6827382360279681,0.0008995747496944,3.521463755893149,-0.4171160897338265,758.9566473046351
long,6.046799843781566,-0.5743090275920993,0.0008638126782277,0.7603841517438357,-0.3143946401825003,664.8536680086931,-0.6827382360279681,0.0008995747496944,3.521463755893149,-0.4171160897338265,758.9566473046351
long,4.470889987283683,-0.5894322482387303,0.0008805139105469,2.047191802200058,-0.3143946401825003,669.4184398207012,-0.6827382360279681,0.0008995747496944,3.521463755893149,-0.4171160897338265,758.9566473046351
long,4.318440487648414,-0.603659546352519,0.0008959225328423,1.4589299261994673,-0.3143946401825003,673.7854270027327,-0.6827382360279681,0.0008995747496944,3.521463755893149,-0.4171160897338265,758.9566473046351
long,3.6326733126753092,-0.6169768277592065,0.0009100167071011,1.3956902656134087,-0.3143946401825003,677.9840666053423,-0.6827382360279681,0.0008995747496944,3.521463755893149,-0.4171160897338265,758.9566473046351
long,3.623824943490803,-0.6293713327018928,0.0009227764640011,0.9466056698383646,-0.3143946401825003,682.0409462688058,-0.6827382360279681,0.0008995747496944,3.521463755893149,-0.4171160897338265,758.9566473046351
long,4.27595795176094,-0.64083165390943,0.0009341837351491,1.238108268935766,0.1260400013773703,685.9803160747069,-0.6827382360279681,0.0008995747496944,3.521463755893149,-0.4171160897338265,758.9566473046351
long,4.2046893954562705,-0.6513477527344796,0.0009442223824874,0.74446541974002,0.1260400013773703,689.8245210186716,-0.6827382360279681,0.0008995747496944,3.521463755893149,-0.4171160897338265,758.9566473046351
long,4.138435717016583,-0.6609109733346407,0.0009528782248886,0.5711570252798993,0.1260400013773703,693.5943713184411,-0.6827382360279681,0.0008995747496944,3.521463755893149,-0.4171160897338265,758.9566473046351
long,4.751234621392098,-0.669514054872968,0.0009601390618336,1.2947494732579927,0.1260400013773703,697.3094643127854,-0.6827382360279681,0.0008995747496944,3.521463755893149,-0.4171160897338265,758.9566473046351
long,5.401988657953428,-0.6771511417171164,0.0009659946941789,0.859466583481194,0.1260400013773703,700.988468981911,-0.4850665314002454,0.0005203966433911,1.2082802981338485,-0.2164446315852984,932.1092623491377
long,5.683912387548485,-0.6838177916193313,0.0009704369419335,0.4799431018195136,0.1260400013773703,704.6493822224984,-0.4673343036187211,0.0004885285146566,1.1171152887352953,-0.2164446315852984,956.6162252519141
long,5.974300077819973,-0.6895109818625038,0.0009734596590423,0.5530491062196259,0.1260400013773703,708.3097645164383,-0.4491461245958141,0.0004559512413827,0.9593934229690093,-0.5320719862965069,985.0749023815596
long,5.636652023309126,-0.6942291133605337,0.0009750587451425,1.1144900702826204,0.1260400013773703,711.9869616256562,-0.4491461245958141,0.0004559512413827,0.9593934229690093,-0.5320719862965069,985.0749023815596
long,5.317342669285287,-0.6979720127043114,0.0009752321542522,1.2531341747689688,0.1260400013773703,715.6983182527555,-0.4491461245958141,0.0004559512413827,0.9593934229690093,-0.5320719862965069,985.0749023815596
long,5.513332039266515,-0.7007409321476874,0.0009739799004017,0.7373148051261362,0.1260400013773703,719.4613891505151,-0.4491461245958141,0.0004559512413827,0.9593934229690093,-0.5320719862965069,985.0749023815596
long,5.836366524281099,-0.7025385475308997,0.0009713040601636,0.6427188880458344,0.1260400013773703,723.2941530302764,-0.4491461245958141,0.0004559512413827,0.9593934229690093,-0.5320719862965069,985.0749023815596
long,5.903105942054184,-0.703368954142021,0.0009672087720909,0.891483360829576,0.1260400013773703,727.2152346400733,-0.4491461245958141,0.0004559512413827,0.9593934229690093,-0.5320719862965069,985.0749023815596
long,4.081974683544303,-0.7032376605200769,0.0009617002330655,2.06698436307623,0.1260400013773703,731.2441406803531,-0.4491461245958141,0.0004559512413827,0.9593934229690093,-0.5320719862965069,985.0749023815596
long,4.693081896606603,-0.7021515802066133,0.0009547866915193,1.24176188936316,0.1260400013773703,735.4015157975418,-0.4491461245958141,0.0004559512413827,0.9593934229690093,-0.5320719862965069,985.0749023815596
long,4.230994219752829,-0.7001190214555575,0.0009464784375922,0.7592711438615745,0.1260400013773703,739.7094256437895,-0.4491461245958141,0.0004559512413827,0.9593934229690093,-0.5320719862965069,985.0749023815596
long,3.8060345915919704,-0.6971496749143261,0.0009367877901755,1.3638201976536084,0.1260400013773703,744.191675239192,-0.4491461245958141,0.0004559512413827,0.9593934229690093,-0.5320719862965069,985.0749023815596
long,3.9389336599049996,-0.6932545992921826,0.0009257290809121,0.5174068363442774,0.1260400013773703,748.874172354113,-0.4491461245958141,0.0004559512413827,0.9593934229690093,-0.5320719862965069,985.0749023815596
long,3.3892145967764895,-0.6884462050349226,0.0009133186351164,1.3922173027557188,0.1260400013773703,753.7853478125759,-0.4491461245958141,0.0004559512413827,0.9593934229690093,-0.5320719862965069,985.0749023815596
long,1.3210903992549303,-0.6827382360279681,0.0008995747496944,3.521463755893149,-0.4171160897338265,758.9566473046351,-0.4491461245958141,0.0004559512413827,0.9593934229690093,-0.5320719862965069,985.0749023815596
long,1.4810204122772381,-0.676145749352966,0.0008845176680476,1.869424428554104,-0.4171160897338265,764.4231130458091,-0.4491461245958141,0.0004559512413827,0.9593934229690093,-0.5320719862965069,985.0749023815596
long,2.302226730016891,-0.6686850931259359,0.0008681695520279,1.771144876157207,-0.4171160897338265,770.2240784233893,-0.4491461245958141,0.0004559512413827,0.9593934229690093,-0.5320719862965069,985.0749023815596
long,2.5123675968961368,-0.660373882447955,0.0008505544509508,2.0378275951840865,-0.4171160897338265,776.4040053047163,-0.4491461245958141,0.0004559512413827,0.9593934229690093,-0.5320719862965069,985.0749023815596
long,3.56693674410715,-0.6512309735022298,0.0008316982677443,1.0595895455110125,-0.4171160897338265,783.0135023227515,-0.4491461245958141,0.0004559512413827,0.9593934229690093,-0.5320719862965069,985.0749023815596
long,3.9188615337950554,-0.6412764358342603,0.0008116287222442,0.8785752044819258,-0.4171160897338265,790.1105742796955,-0.4491461245958141,0.0004559512413827,0.9593934229690093,-0.5320719862965069,985.0749023815596
long,3.7687419494067296,-0.6305315228545589,0.0007903753117318,0.7138738550606636,0.6214514966931809,797.7621688017992,-0.4491461245958141,0.0004559512413827,0.9593934229690093,-0.5320719862965069,985.0749023815596
long,3.6562231482639396,-0.6190186406061395,0.000767969268718,1.1326997300871011,0.6214514966931809,806.0461086411578,-0.4491461245958141,0.0004559512413827,0.9593934229690093,-0.5320719862965069,985.0749023815596
long,4.062461874237588,-0.6067613148416332,0.0007444435160869,0.8271255130585244,0.6214514966931809,815.0535288842586,-0.4491461245958141,0.0004559512413827,0.9593934229690093,-0.5320719862965069,985.0749023815596
long,2.8383680888496072,-0.5937841564575116,0.0007198326196152,1.6482155316097566,0.6214514966931809,824.8919822151572,-0.4491461245958141,0.0004559512413827,0.9593934229690093,-0.5320719862965069,985.0749023815596
long,3.068450854621391,-0.5801128253353977,0.0006941727379923,0.7750578732292701,0.6214514966931809,835.6894380687022,-0.4491461245958141,0.0004559512413827,0.9593934229690093,-0.5320719862965069,985.0749023815596
long,2.6662375905321767,-0.565773992642934,0.0006675015703496,0.7030837419697976,0.6214514966931809,847.5994930567927,-0.4491461245958141,0.0004559512413827,0.9593934229690093,-0.5320719862965069,985.0749023815596
long,3.226535944616269,-0.5507953016490426,0.0006398583014278,0.7680472753185286,-0.2164446315852984,860.8082452317655,-0.4491461245958141,0.0004559512413827,0.9593934229690093,-0.5320719862965069,985.0749023815596
long,3.1416018009640423,-0.5352053271106989,0.0006112835444521,0.7470319474570372,-0.2164446315852984,875.5434887265111,-0.4491461245958141,0.0004559512413827,0.9593934229690093,-0.5320719862965069,985.0749023815596
long,2.2947006649475568,-0.5190335332905894,0.0005818192817658,1.044211254308015,-0.2164446315852984,892.0871988211561,-0.4491461245958141,0.0004559512413827,0.9593934229690093,-0.5320719862965069,985.0749023815596
long,1.9984350063702983,-0.502310230667113,0.0005515088033669,2.179693775037162,-0.2164446315852984,910.792769944133,-0.4491461245958141,0.0004559512413827,0.9593934229690093,-0.5320719862965069,985.0749023815596
long,0.4830614820853814,-0.4850665314002454,0.0005203966433911,1.2082802981338483,-0.2164446315852984,932.1092623491377,-0.4491461245958141,0.0004559512413827,0.9593934229690093,-0.5320719862965069,985.0749023815596
long,0.0249054327499437,-0.4673343036187211,0.0004885285146566,1.1171152887352953,-0.2164446315852984,956.6162252519141,-0.4491461245958141,0.0004559512413827,0.9593934229690093,-0.5320719862965069,985.0749023815596
long,-1.3068488534759293,-0.4491461245958141,0.0004559512413827,0.9593934229690092,-0.5320719862965069,985.0749023815596,-0.4305352328827652,0.0004227126901419,1.0197022046484472,-0.5320719862965069,1018.5055781936408
long,-0.637205195862717,-0.4305352328827652,0.0004227126901419,1.0197022046484472,-0.5320719862965069,1018.5055781936408,-0.4115354794705271,0.0003888616991891,0.9947307652650311,-0.5320719862965069,1058.3080831275208
long,-1.6069990104148308,-0.4115354794705271,0.0003888616991891,0.9947307652650312,-0.5320719862965069,1058.3080831275208,-0.2913309879133396,0.0001757334145889,0.3193277812009142,0.6540682150561441,1657.8007580109993
long,0.6331620260068578,-0.3921812780520158,0.0003544480062732,3.024131221058726,-0.5320719862965069,1106.4564368003016,-0.2913309879133396,0.0001757334145889,0.3193277812009142,0.6540682150561441,1657.8007580109993
long,0.8987932774613964,-0.3725075544585066,0.0003195221749978,0.9310625417100084,-0.5320719862965069,1165.8269240971192,-0.2913309879133396,0.0001757334145889,0.3193277812009142,0.6540682150561441,1657.8007580109993
long,0.6009716886812447,-0.3525496953451074,0.0002841355198899,0.5817779103316446,-0.5320719862965069,1240.7800879021295,-0.2913309879133396,0.0001757334145889,0.3193277812009142,0.6540682150561441,1657.8007580109993
long,0.03118461789722312,-0.3323434962014297,0.0002483400302784,0.522357206601743,0.6540682150561441,1338.2598682494247,-0.2913309879133396,0.0001757334145889,0.3193277812009142,0.6540682150561441,1657.8007580109993
long,0.04166230582704651,-0.3119251087646791,0.0002121882930729,0.4845422413720835,0.6540682150561441,1470.0392007843395,-0.2913309879133396,0.0001757334145889,0.3193277812009142,0.6540682150561441,1657.8007580109993
long,-0.1811710316246201,-0.3146777799523012,-0.0003716832563279,0.817583264615477,0.5477121377377486,846.6288825092824,-0.3432132251015826,-0.0003382858855067,0.47501260804026413,0.5477121377377486,1014.565607984212
long,-0.20427922689722325,-0.3432132251015826,-0.0003382858855067,0.4750126080402641,0.5477121377377486,1014.565607984212,-0.3720531444318438,-0.0003044741809796,1.0509701468803228,0.5477121377377486,1221.9530182651895
long,-0.099069450054065,-0.3720531444318438,-0.0003044741809796,1.0509701468803228,0.5477121377377486,1221.9530182651895,-0.4305093958168529,-0.0002358137074794,0.41351997900940596,0.5477121377377486,1825.633464731735
long,0.5947559529213886,-0.4011633632706086,-0.0002702995085037,0.6411084836338397,0.5477121377377486,1484.1438872432032,-0.4305093958168529,-0.0002358137074794,0.41351997900940596,0.5477121377377486,1825.633464731735
long,-0.7663620478133433,-0.4305093958168529,-0.0002358137074794,0.4135199790094059,0.5477121377377486,1825.633464731735,-0.4600564973735714,-0.0002010690104742,0.8152060400955488,-0.3457639667035008,2288.052725223926
long,-0.4155796069674364,-0.4600564973735714,-0.0002010690104742,0.8152060400955488,-0.3457639667035008,2288.052725223926,-1.2512789068809185,0.0006894161331079,0.692369452061827,-0.4309008803207105,1814.9835009519304
long,1.109468168244531,-0.4897697168924487,-0.0001661179621587,1.7274220631815929,-0.3457639667035008,2948.324856191948,-1.2512789068809185,0.0006894161331079,0.692369452061827,-0.4309008803207105,1814.9835009519304
long,1.2161439347073837,-0.5196139497490952,-0.0001310133377692,1.1861479794205512,-0.3457639667035008,3966.114890260063,-1.3098411725886197,0.0007446867585831,0.63628929280795,0.5278052750243878,1758.9156212215014
long,3.539665509170316,-0.5495539906670406,-9.58080612988299e-05,2.870913144066673,-0.3457639667035008,5735.98905162015,-1.3278622048359954,0.0007607970444853,1.420357788248189,0.5278052750243878,1745.3566814712462
long,3.706363092229791,-0.5795545867084313,-6.055512344538272e-05,0.9544664611055004,-0.3457639667035008,9570.694496744882,-1.3278622048359954,0.0007607970444853,1.420357788248189,0.5278052750243878,1745.3566814712462
long,3.548101356924978,-0.6095804902493528,-2.530749953078004e-05,1.1358943829325332,-0.3457639667035008,24086.950570045672,-1.3278622048359954,0.0007607970444853,1.420357788248189,0.5278052750243878,1745.3566814712462
long,3.491951949625686,-0.6395965118577424,9.881932531929928e-06,1.2300505987398176,-0.3457639667035008,64723.82904772069,-1.3278622048359954,0.0007607970444853,1.420357788248189,0.5278052750243878,1745.3566814712462
long,3.4079753227527285,-0.6695675729920506,4.496047408131254e-05,1.143757154384635,-0.3457639667035008,14892.360160195709,-1.3278622048359954,0.0007607970444853,1.420357788248189,0.5278052750243878,1745.3566814712462
long,3.259780708522212,-0.6994587584391522,7.987568720668747e-05,0.5385779558990268,-0.3457639667035008,8756.841823835864,-1.3278622048359954,0.0007607970444853,1.420357788248189,0.5278052750243878,1745.3566814712462
long,3.079600088105104,-0.7292353684104087,0.000114575475845,0.5885642363758226,-0.3457639667035008,6364.672396359348,-1.3278622048359954,0.0007607970444853,1.420357788248189,0.5278052750243878,1745.3566814712462
long,3.1190499753143355,-0.7588629702154167,0.0001490081662485,0.2634861872117263,-0.3457639667035008,5092.760949422501,-1.3278622048359954,0.0007607970444853,1.420357788248189,0.5278052750243878,1745.3566814712462
long,3.130421693141097,-0.788307449433625,0.0001831225867997,0.3177352509579297,-0.3457639667035008,4304.807305370134,-1.3278622048359954,0.0007607970444853,1.420357788248189,0.5278052750243878,1745.3566814712462
long,2.7456460054874547,-0.8175350605048746,0.0002168681469586,0.7206988869860957,-0.3457639667035008,3769.733231782266,-1.3278622048359954,0.0007607970444853,1.420357788248189,0.5278052750243878,1745.3566814712462
long,3.905922144278652,-0.8465124766608132,0.0002501949153109,0.4974993314729847,-0.3457639667035008,3383.4119914423936,-1.4635586268175858,0.0008537888801911,1.461637902800368,0.7188476720878467,1714.1926543831346
long,4.211246523656858,-0.8752068391202695,0.0002830536964822,0.6668434354753796,-0.3457639667035008,3092.0169918194565,-1.4635586268175858,0.0008537888801911,1.461637902800368,0.7188476720878467,1714.1926543831346
long,3.8004776569172125,-0.9035858054727892,0.0003153961069365,1.0244078469761382,-0.3457639667035008,2864.923775532562,-1.4635586268175858,0.0008537888801911,1.461637902800368,0.7188476720878467,1714.1926543831346
long,3.6944092536491393,-0.9316175971759302,0.0003471746493789,0.5190840144753737,-0.3457639667035008,2683.4263355420862,-1.4635586268175858,0.0008537888801911,1.461637902800368,0.7188476720878467,1714.1926543831346
long,4.349310623406702,-0.959271046093256,0.0003783427858149,0.5647501203015256,-0.3457639667035008,2535.4548363519443,-1.4635586268175858,0.0008537888801911,1.461637902800368,0.7188476720878467,1714.1926543831346
long,4.917619829312678,-0.9865156400015715,0.0004088550090103,1.3620279883672546,-0.3457639667035008,2412.8740464488696,-1.4635586268175858,0.0008537888801911,1.461637902800368,0.7188476720878467,1714.1926543831346
long,3.2177956574155577,-1.013321566997555,0.0004386669123321,1.188074509137548,-0.3457639667035008,2310.002278517882,-1.4635586268175858,0.0008537888801911,1.461637902800368,0.7188476720878467,1714.1926543831346
long,3.834647510711246,-1.03965975873574,0.0004677352577985,1.2475851400062914,-0.3457639667035008,2222.7525964776096,-1.4635586268175858,0.0008537888801911,1.461637902800368,0.7188476720878467,1714.1926543831346
long,3.833263485650925,-1.0655019324316253,0.0004960180422994,0.9466299085628728,-0.3457639667035008,2148.1112410594146,-1.4635586268175858,0.0008537888801911,1.461637902800368,0.7188476720878467,1714.1926543831346
long,3.4213154578326432,-1.0908206315657003,0.0005234745618101,0.6667709059605984,-0.3457639667035008,2083.8082901178595,-1.4635586268175858,0.0008537888801911,1.461637902800368,0.7188476720878467,1714.1926543831346
long,3.402588600133552,-1.1155892652262245,0.0005500654735512,1.4388743514287827,-0.3457639667035008,2028.102687529225,-1.4635586268175858,0.0008537888801911,1.461637902800368,0.7188476720878467,1714.1926543831346
long,2.385866559199622,-1.1397821460307729,0.0005757528559757,1.4923277651309668,-0.4309008803207105,1979.63785016618,-1.4635586268175858,0.0008537888801911,1.461637902800368,0.7188476720878467,1714.1926543831346
long,2.4678429289278734,-1.1633745265688256,0.0006005002664952,0.9440195664875176,-0.4309008803207105,1937.342231934088,-1.4635586268175858,0.0008537888801911,1.461637902800368,0.7188476720878467,1714.1926543831346
long,2.9352792870425803,-1.1863426343100276,0.0006242727968508,1.2131705730985065,-0.4309008803207105,1900.3593305597155,-1.4635586268175858,0.0008537888801911,1.461637902800368,0.7188476720878467,1714.1926543831346
long,1.9175006002481194,-1.208663704925189,0.0006470371260407,3.05561005160158,-0.4309008803207105,1867.9974552946464,-1.4635586268175858,0.0008537888801911,1.461637902800368,0.7188476720878467,1714.1926543831346
long,1.938811977690745,-1.2303160139696077,0.0006687615707425,1.1370405033193605,-0.4309008803207105,1839.6930502505336,-1.4635586268175858,0.0008537888801911,1.461637902800368,0.7188476720878467,1714.1926543831346
long,1.5410911955150062,-1.2512789068809185,0.0006894161331079,0.692369452061827,-0.4309008803207105,1814.9835009519304,-1.4635586268175858,0.0008537888801911,1.461637902800368,0.7188476720878467,1714.1926543831346
long,1.7111583814037983,-1.2715328272463142,0.000708972545915,0.9613212279414344,0.5278052750243878,1793.4866936282756,-1.4635586268175858,0.0008537888801911,1.461637902800368,0.7188476720878467,1714.1926543831346
long,1.6691647191698158,-1.2910593432967583,0.0007274043149514,0.64346225723356,0.5278052750243878,1774.885461578569,-1.4635586268175858,0.0008537888801911,1.461637902800368,0.7188476720878467,1714.1926543831346
long,1.3608940667064702,-1.3098411725886197,0.0007446867585831,0.63628929280795,0.5278052750243878,1758.9156212215014,-1.4635586268175858,0.0008537888801911,1.461637902800368,0.7188476720878467,1714.1926543831346
long,0.6518999625209665,-1.3278622048359954,0.0007607970444853,1.420357788248189,0.5278052750243878,1745.3566814712462,-1.4635586268175858,0.0008537888801911,1.461637902800368,0.7188476720878467,1714.1926543831346
long,0.6779166110337366,-1.3451075228599754,0.0007757142233957,0.7774210970317674,0.5278052750243878,1734.0245702492707,-1.4635586268175858,0.0008537888801911,1.461637902800368,0.7188476720878467,1714.1926543831346
long,1.1177673907627466,-1.3615634216240309,0.0007894192599247,0.3881492455163882,0.5278052750243878,1724.7659016501646,-1.4635586268175858,0.0008537888801911,1.461637902800368,0.7188476720878467,1714.1926543831346
long,1.6242615653568413,-1.3772174253277698,0.0008018950603161,0.6046358005979585,-0.3485976966180825,1717.4534343494804,-1.4635586268175858,0.0008537888801911,1.461637902800368,0.7188476720878467,1714.1926543831346
long,2.2883153291734017,-1.392058302534366,0.0008131264971429,0.9153657794991216,-0.3485976966180825,1711.9824620470135,-1.455326175100761,0.000578589240149,2.132312708758253,-0.0693648116632734,2515.301139589082
long,1.9683331829257293,-1.406076079310078,0.0008231004308842,0.5195106195374984,-0.3485976966180825,1708.2679422238032,-1.455326175100761,0.000578589240149,2.132312708758253,-0.0693648116632734,2515.301139589082
long,3.178513511650184,-1.4192620503574118,0.000831805728378,1.2658511858862886,-0.3485976966180825,1706.242217308285,-1.455326175100761,0.000578589240149,2.132312708758253,-0.0693648116632734,2515.301139589082
long,2.906302632632294,-1.4316087881266757,0.00083923327807,0.8978365284025687,-0.3485976966180825,1705.8532180932725,-1.455326175100761,0.000578589240149,2.132312708758253,-0.0693648116632734,2515.301139589082
long,2.04120133798281,-1.443110149893834,0.0008453760021054,0.8463131209436908,-0.3485976966180825,1707.0630657834897,-1.455326175100761,0.000578589240149,2.132312708758253,-0.0693648116632734,2515.301139589082
long,1.508681426950624,-1.4537612827958055,0.000850228865187,0.7062758632570026,0.7188476720878467,1709.847009811957,-1.455326175100761,0.000578589240149,2.132312708758253,-0.0693648116632734,2515.301139589082
long,0.03257068875275739,-1.4635586268175858,0.0008537888801911,1.461637902800368,0.7188476720878467,1714.1926543831346,-1.455326175100761,0.000578589240149,2.132312708758253,-0.0693648116632734,2515.301139589082
long,0.5670559125620811,-1.4724999157287746,0.0008560551105913,0.8430118824648702,0.7188476720878467,1720.0994392892296,-1.455326175100761,0.000578589240149,2.132312708758253,-0.0693648116632734,2515.301139589082
long,2.8335080433126585,-1.4805841759703418,0.0008570286696216,3.613217884009143,0.7188476720878467,1727.5783511700458,-1.3691532259011894,0.0003692265177264,3.0019413055953463,0.0740863144499659,3708.1660177932927
long,2.006414218075899,-1.4878117234957222,0.0008567127161867,0.8028808952378277,0.7188476720878467,1736.651850013499,-1.3691532259011894,0.0003692265177264,3.0019413055953463,0.0740863144499659,3708.1660177932927
long,2.982116662038371,-1.494184158573505,0.0008551124475977,1.009894236625567,0.7188476720878467,1747.3540032906474,-1.3436476946964977,0.000312074126517,0.6629625759035128,0.0740863144499659,4305.540192302047
long,2.9867876245181213,-1.4997043585622585,0.0008522350890292,0.3338275052059753,0.7188476720878467,1759.7308276412382,-1.3304558531040496,0.0002830389268437,0.6802382363434548,0.1110023207821342,4700.6108592220435
long,3.225256619409224,-1.5043764686711696,0.0008480898798424,0.2924329479686491,0.7188476720878467,1773.8408444995557,-1.3304558531040496,0.0002830389268437,0.6802382363434548,0.1110023207821342,4700.6108592220435
long,3.2667960630801107,-1.5082058907233895,0.0008426880566909,0.2739010339112355,0.7188476720878467,1789.7558636891931,-1.3304558531040496,0.0002830389268437,0.6802382363434548,0.1110023207821342,4700.6108592220435
long,3.6380766622744303,-1.5111992699421166,0.0008360428334932,0.395919700401346,0.7188476720878467,1807.562016443513,-1.3304558531040496,0.0002830389268437,0.6802382363434548,0.1110023207821342,4700.6108592220435
long,3.9818641508905857,-1.5133644797825394,0.0008281693783041,0.6235897639813041,0.7188476720878467,1827.361068193032,-1.2754461601129536,0.0001649954622886,0.5708771215329732,0.1110023207821342,7730.189318067553
long,4.805170655199475,-1.5147106048358756,0.0008190847870865,0.293819384925858,0.7188476720878467,1849.2720518271738,-1.261281310674183,0.0001352592755961,0.8229457282382253,0.1110023207821342,9324.915464138048
long,4.387216208386315,-1.5152479218347257,0.0008088080544861,0.4663016649251086,0.7188476720878467,1873.4332743477473,-1.261281310674183,0.0001352592755961,0.8229457282382253,0.1110023207821342,9324.915464138048
long,4.270089357060038,-1.5149878787920037,0.000797360041572,0.4297952354854588,0.7188476720878467,1900.0047654823488,-1.261281310674183,0.0001352592755961,0.8229457282382253,0.1110023207821342,9324.915464138048
long,3.7653695728529932,-1.5139430723085974,0.0007847634406843,0.6020606831739684,0.7188476720878467,1929.1712557206608,-1.261281310674183,0.0001352592755961,0.8229457282382253,0.1110023207821342,9324.915464138048
long,3.7300820740215617,-1.5121272230878005,0.0007710427373905,0.4307621167242867,0.7188476720878467,1961.1457961531555,-1.261281310674183,0.0001352592755961,0.8229457282382253,0.1110023207821342,9324.915464138048
long,4.828797845478855,-1.5095551496973902,0.0007562241696132,0.4876118254795937,0.7188476720878467,1996.1741641628703,-1.1894654150383823,-1.2266745011535464e-05,1.460138919293378,-0.2267614449091906,96966.6699617402
long,4.944485804680945,-1.506242740622942,0.000740335684038,0.4768444713210623,0.7188476720878467,2034.5402404588528,-1.1894654150383823,-1.2266745011535464e-05,1.460138919293378,-0.2267614449091906,96966.6699617402
long,5.025028340298976,-1.5022069246587009,0.0007234068897927,0.9462725283319068,-0.4892648008094987,2076.572598153128,-1.1894654150383823,-1.2266745011535464e-05,1.460138919293378,-0.2267614449091906,96966.6699617402
long,4.809580555927235,-1.4974656396848771,0.0007054690095826,0.7535990928123307,-0.4892648008094987,2122.652617399696,-1.1894654150383823,-1.2266745011535464e-05,1.460138919293378,-0.2267614449091906,96966.6699617402
long,4.08744370827121,-1.4920377998828185,0.0006865548282348,1.4982310762518352,-0.4892648008094987,2173.2245386999816,-1.1894654150383823,-1.2266745011535464e-05,1.460138919293378,-0.2267614449091906,96966.6699617402
long,3.552071241013297,-1.4859432614419124,0.0006666986388474,1.681659998679231,-0.4892648008094987,2228.8080023844605,-1.1894654150383823,-1.2266745011535464e-05,1.460138919293378,-0.2267614449091906,96966.6699617402
long,4.045770589856257,-1.4792027868144628,0.0006459361865434,0.9442892785149064,-0.4892648008094987,2290.01380884097,-1.1894654150383823,-1.2266745011535464e-05,1.460138919293378,-0.2267614449091906,96966.6699617402
long,4.075554924573839,-1.4718380075770403,0.0006243046099729,0.8366734003343053,-0.4892648008094987,2357.563894395927,-1.1894654150383823,-1.2266745011535464e-05,1.460138919293378,-0.2267614449091906,96966.6699617402
long,4.408377197693984,-1.4638713859589751,0.0006018423806426,1.557152116148345,-0.0693648116632734,2432.3168873484256,-1.1894654150383823,-1.2266745011535464e-05,1.460138919293378,-0.2267614449091906,96966.6699617402
long,3.222731416657464,-1.455326175100761,0.000578589240149,2.132312708758253,-0.0693648116632734,2515.301139589082,-1.1894654150383823,-1.2266745011535464e-05,1.460138919293378,-0.2267614449091906,96966.6699617402
long,3.7345778961607454,-1.446226378107104,0.0005545861354425,1.3061449409410406,-0.0693648116632734,2607.7579039244665,-1.1894654150383823,-1.2266745011535464e-05,1.460138919293378,-0.2267614449091906,96966.6699617402
long,5.187329163328245,-1.4365967059612197,0.0005298751522275,2.888088006725402,-0.0693648116632734,2711.198477456482,-1.1894654150383823,-1.2266745011535464e-05,1.460138919293378,-0.2267614449091906,96966.6699617402
long,4.7896736010726855,-1.4264625343687742,0.000504499446561,1.2558857555327798,-0.0693648116632734,2827.480870578711,-1.1894654150383823,-1.2266745011535464e-05,1.460138919293378,-0.2267614449091906,96966.6699617402
long,4.559645542988881,-1.4158498596015003,0.0004785031748284,1.009241460252695,-0.0693648116632734,2958.9142435873077,-1.1894654150383823,-1.2266745011535464e-05,1.460138919293378,-0.2267614449091906,96966.6699617402
long,4.560123601158546,-1.4047852534120886,0.0004519314221378,0.9547074521227572,0.0740863144499659,3108.4035864710254,-1.1894654150383823,-1.2266745011535464e-05,1.460138919293378,-0.2267614449091906,96966.6699617402
long,3.623925123707673,-1.3932958170933698,0.000424830129307,1.3468015247284346,0.0740863144499659,3279.6539627878324,-1.1894654150383823,-1.2266745011535464e-05,1.460138919293378,-0.2267614449091906,96966.6699617402
long,3.8579878769356877,-1.3814091347561428,0.0003972460185082,1.3429022455869464,0.0740863144499659,3477.4650226673766,-1.1894654150383823,-1.2266745011535464e-05,1.460138919293378,-0.2267614449091906,96966.6699617402
long,2.4404239148755256,-1.3691532259011894,0.0003692265177264,3.0019413055953463,0.0740863144499659,3708.1660177932927,-1.1894654150383823,-1.2266745011535464e-05,1.460138919293378,-0.2267614449091906,96966.6699617402
long,2.6924965212267598,-1.356556497362102,0.0003408196841339,1.1530830922245432,0.0740863144499659,3980.276259011915,-1.1894654150383823,-1.2266745011535464e-05,1.460138919293378,-0.2267614449091906,96966.6699617402
long,2.3451298701298655,-1.3436476946964977,0.000312074126517,0.6629625759035128,0.0740863144499659,4305.540192302047,-1.1894654150383823,-1.2266745011535464e-05,1.460138919293378,-0.2267614449091906,96966.6699617402
long,1.9514858434015872,-1.3304558531040496,0.0002830389268437,0.6802382363434548,0.1110023207821342,4700.6108592220435,-1.1894654150383823,-1.2266745011535464e-05,1.460138919293378,-0.2267614449091906,96966.6699617402
long,2.234265439426071,-1.3170102479504473,0.0002537635611541,0.8137197408781234,0.1110023207821342,5189.910805005932,-1.1894654150383823,-1.2266745011535464e-05,1.460138919293378,-0.2267614449091906,96966.6699617402
long,2.3092282727393125,-1.3033403449770142,0.0002242978198307,0.6323459420062114,0.1110023207821342,5810.757973308771,-1.1894654150383823,-1.2266745011535464e-05,1.460138919293378,-0.2267614449091906,96966.6699617402
long,2.147655756058113,-1.2894757502761285,0.0001946917274529,1.9915731964016123,0.1110023207821342,6623.166619075171,-1.1894654150383823,-1.2266745011535464e-05,1.460138919293378,-0.2267614449091906,96966.6699617402
long,2.0801697325790625,-1.2754461601129536,0.0001649954622886,0.5708771215329732,0.1110023207821342,7730.189318067553,-0.9152709605548248,-0.0005345247172415,1.7732914871818524,-0.0551124809129081,1712.3080206248019
long,1.140803006926833,-1.261281310674183,0.0001352592755961,0.8229457282382253,0.1110023207821342,9324.915464138048,-0.9152709605548248,-0.0005345247172415,1.7732914871818524,-0.0551124809129081,1712.3080206248019
long,1.3941507788503789,-1.2470109278245538,0.0001055334108583,1.4407581452477696,-0.2267614449091906,11816.266693956464,-0.9152709605548248,-0.0005345247172415,1.7732914871818524,-0.0551124809129081,1712.3080206248019
long,1.8036662794223823,-1.2326646769518588,7.5868023065917e-05,0.6282090157014464,-0.2267614449091906,16247.486452637275,-0.8985029823941504,-0.0005621521117382,1.4204325428467286,-0.3654630341412578,1598.3271495964646
long,1.9571512299038962,-1.2182721129809817,4.631309818226015e-05,0.7566711680962775,-0.2267614449091906,26305.130962878033,-0.8985029823941504,-0.0005621521117382,1.4204325428467286,-0.3654630341412578,1598.3271495964646
long,1.7731750143631284,-1.2038626306371762,1.691837292794318e-05,0.8022637892019527,-0.2267614449091906,71157.11633527241,-0.8985029823941504,-0.0005621521117382,1.4204325428467286,-0.3654630341412578,1598.3271495964646
long,0.4543930332974924,-1.1894654150383823,-1.2266745011535464e-05,1.460138919293378,-0.2267614449091906,96966.6699617402,-0.8985029823941504,-0.0005621521117382,1.4204325428467286,-0.3654630341412578,1598.3271495964646
long,0.9765281943148537,-1.175109392695773,-4.11932561841244e-05,0.8438159030817044,-0.2267614449091906,28526.7420337762,-0.8985029823941504,-0.0005621521117382,1.4204325428467286,-0.3654630341412578,1598.3271495964646
long,1.4010883344688148,-1.160823183001082,-6.981264791861008e-05,0.8924269102460839,-0.2267614449091906,16627.691652011374,-0.8819851508298725,-0.0005846253165551,1.3653131865694483,-0.3946251610726672,1508.6331806959079
long,1.5572379412415263,-1.146635050278409,-9.807697201802412e-05,0.4262905693784213,-0.2267614449091906,11691.175070817702,-0.8819851508298725,-0.0005846253165551,1.3653131865694483,-0.3946251610726672,1508.6331806959079
long,1.3861283350223623,-1.1325728564772737,-0.0001259389215375,0.4975662848722725,-0.2267614449091906,8993.032834095176,-0.8819851508298725,-0.0005846253165551,1.3653131865694483,-0.3946251610726672,1508.6331806959079
long,1.5676778900821924,-1.11866401458263,-0.0001533519064915,0.568754822874369,-0.2267614449091906,7294.751269653341,-0.8790765529360188,-0.0005836413129717,1.0642264629514093,-0.3946251610726672,1506.193159048431
long,1.542732668999024,-1.104935442816371,-0.0001802701283846,0.6722445669006868,-0.2267614449091906,6129.331868333892,-0.8790765529360188,-0.0005836413129717,1.0642264629514093,-0.3946251610726672,1506.193159048431
long,1.4365895149074441,-1.0914135197035482,-0.0002066486534366,0.3671873554312763,-0.2267614449091906,5281.493499005039,-0.8790765529360188,-0.0005836413129717,1.0642264629514093,-0.3946251610726672,1506.193159048431
long,1.6455569926619988,-1.0781240400751309,-0.0002324434844052,0.443320873143805,-0.2267614449091906,4638.220093946467,-0.8790765529360188,-0.0005836413129717,1.0642264629514093,-0.3946251610726672,1506.193159048431
long,1.535481206876466,-1.0650921720775768,-0.0002576116308632,0.4683431553785356,-0.2267614449091906,4134.4879053352015,-0.8790765529360188,-0.0005836413129717,1.0642264629514093,-0.3946251610726672,1506.193159048431
long,1.5446706595307118,-1.0523424152578682,-0.0002821111778454,0.4387581453091558,-0.2267614449091906,3730.240053921448,-0.8790765529360188,-0.0005836413129717,1.0642264629514093,-0.3946251610726672,1506.193159048431
long,2.0477936846669396,-1.0398985597909136,-0.0003059013527539,1.0609374327488086,-0.2267614449091906,3399.457212036326,-0.8790765529360188,-0.0005836413129717,1.0642264629514093,-0.3946251610726672,1506.193159048431
long,1.6851041367323092,-1.0277836469143449,-0.0003289425903856,0.4604982627337031,-0.2267614449091906,3124.5076708052147,-0.8790765529360188,-0.0005836413129717,1.0642264629514093,-0.3946251610726672,1506.193159048431
long,2.008840093621815,-1.0160199306337994,-0.0003511965960236,0.6912055273636672,-0.2267614449091906,2893.023287063762,-0.8790765529360188,-0.0005836413129717,1.0642264629514093,-0.3946251610726672,1506.193159048431
long,1.852052203010167,-1.004628840759715,-0.0003726264064609,0.7681881284608394,0.4945614820355309,2696.0752736269956,-0.8790765529360188,-0.0005836413129717,1.0642264629514093,-0.3946251610726672,1506.193159048431
long,1.534402782846095,-0.993630947334505,-0.0003931964488742,1.5453277794725973,0.4945614820355309,2527.059820045346,-0.8790765529360188,-0.0005836413129717,1.0642264629514093,-0.3946251610726672,1506.193159048431
long,2.184374728426173,-0.9830459265067464,-0.0004128725974514,2.0552677972332734,0.4945614820355309,2380.990970519574,-0.8790765529360188,-0.0005836413129717,1.0642264629514093,-0.3946251610726672,1506.193159048431
long,2.3864426969364265,-0.9728925279066544,-0.0004316222276666,1.6924527953443598,0.4945614820355309,2254.0371314198173,-0.8790765529360188,-0.0005836413129717,1.0642264629514093,-0.3946251610726672,1506.193159048431
long,1.973656937979379,-0.9631885435747212,-0.0004494142681586,1.0606765540828944,0.4945614820355309,2143.208642487533,-0.8790765529360188,-0.0005836413129717,1.0642264629514093,-0.3946251610726672,1506.193159048431
long,1.9365891773806723,-0.9539507784928802,-0.0004662192500921,0.532588859767354,0.4945614820355309,2046.1419778450388,-0.8790765529360188,-0.0005836413129717,1.0642264629514093,-0.3946251610726672,1506.193159048431
long,1.9741256512491607,-0.9451950227649693,-0.0004820093539299,0.5545085900488917,-0.0551124809129081,1960.9474692941988,-0.8790765529360188,-0.0005836413129717,1.0642264629514093,-0.3946251610726672,1506.193159048431
long,1.5051450276243075,-0.9369360254906166,-0.0004967584535585,1.2276279890296211,-0.0551124809129081,1886.0998112441375,-0.8790765529360188,-0.0005836413129717,1.0642264629514093,-0.3946251610726672,1506.193159048431
long,1.9913029848857386,-0.929187470373956,-0.0005104421576918,0.8956717299500698,-0.0551124809129081,1820.3580099569094,-0.8790765529360188,-0.0005836413129717,1.0642264629514093,-0.3946251610726672,1506.193159048431
long,1.4474502932896873,-0.9219619531057696,-0.0005230378484744,1.6596126869516474,-0.0551124809129081,1762.7059988009546,-0.8790765529360188,-0.0005836413129717,1.0642264629514093,-0.3946251610726672,1506.193159048431
long,0.6707527355280135,-0.9152709605548248,-0.0005345247172415,1.7732914871818524,-0.0551124809129081,1712.3080206248019,-0.8790765529360188,-0.0005836413129717,1.0642264629514093,-0.3946251610726672,1506.193159048431
long,0.6803725283622624,-0.9091248518012494,-0.0005448837973692,0.7463552484817614,-0.0551124809129081,1668.474739367683,-0.8790765529360188,-0.0005836413129717,1.0642264629514093,-0.3946251610726672,1506.193159048431
long,1.0410748148782167,-0.9035328410418308,-0.0005540979941568,0.9966812276446032,-0.3654630341412578,1630.637270970064,-0.8790765529360188,-0.0005836413129717,1.0642264629514093,-0.3946251610726672,1506.193159048431
long,0.35939833298168644,-0.8985029823941504,-0.0005621521117382,1.4204325428467286,-0.3654630341412578,1598.3271495964646,-0.8790765529360188,-0.0005836413129717,1.0642264629514093,-0.3946251610726672,1506.193159048431
long,1.1400751070054136,-0.8940421566233572,-0.0005690328768871,0.9255284749599136,-0.3654630341412578,1571.1608115056968,-0.8790765529360188,-0.0005836413129717,1.0642264629514093,-0.3946251610726672,1506.193159048431
long,1.4742052060783872,-0.89015605981236,-0.000574728959796,1.5110987315371258,-0.3654630341412578,1548.8275727889559,-0.8790765529360188,-0.0005836413129717,1.0642264629514093,-0.3946251610726672,1506.193159048431
long,1.6701307940838332,-0.8868491939930717,-0.0005792309917088,2.6944546727101777,-0.3654630341412578,1531.0803577287218,-0.8790765529360188,-0.0005836413129717,1.0642264629514093,-0.3946251610726672,1506.193159048431
long,0.9755204036425325,-0.8841248597531945,-0.0005825315794111,1.1037654667896537,-0.3654630341412578,1517.7286365264265,-0.8790765529360188,-0.0005836413129717,1.0642264629514093,-0.3946251610726672,1506.193159048431
long,0.0016158982616797375,-0.8819851508298725,-0.0005846253165551,1.3653131865694483,-0.3946251610726672,1508.6331806959079,-0.8790765529360188,-0.0005836413129717,1.0642264629514093,-0.3946251610726672,1506.193159048431
long,0.4249440219202985,-0.880430950698371,-0.0005855087918205,0.78209499363397,-0.3946251610726672,1503.7023576723432,-0.8790765529360188,-0.0005836413129717,1.0642264629514093,-0.3946251610726672,1506.193159048431
long,0.44434041724399215,-0.879461931160709,-0.0005851805938396,0.5108553960873861,-0.3946251610726672,1502.8897752576063,-0.8790765529360188,-0.0005836413129717,1.0642264629514093,-0.3946251610726672,1506.193159048431
long,-0.11340871121778527,-0.8790765529360188,-0.0005836413129717,1.064226462951409,-0.3946251610726672,1506.193159048431,-0.8792720682511512,-0.0005808935398226,0.836105514721916,-0.3946251610726672,1513.6544099279768
long,-0.32071462452047345,-0.8792720682511512,-0.0005808935398226,0.836105514721916,-0.3946251610726672,1513.6544099279768,-0.8800445254268856,-0.0005769418606019,0.6529802063964203,-0.3946251610726672,1525.3608474669716
long,-0.08195704016099718,-0.8800445254268856,-0.0005769418606019,0.6529802063964203,-0.3946251610726672,1525.3608474669716,-0.8813887754518807,-0.0005717928492606,0.6380706630574847,0.3133477898420416,1541.4477053912567
long,-0.057797400151379935,-0.8813887754518807,-0.0005717928492606,0.6380706630574847,0.3133477898420416,1541.4477053912567,-0.8832984805333508,-0.000565455056475,0.7289035824244772,0.3133477898420416,1562.102010440512
long,-0.4407237466573638,-0.8832984805333508,-0.000565455056475,0.7289035824244772,0.3133477898420416,1562.102010440512,-0.8857661246102563,-0.0005579389954353,0.5842007910564682,0.3133477898420416,1587.5680528821758
long,-0.3505571386743306,-0.8857661246102563,-0.0005579389954353,0.5842007910564682,0.3133477898420416,1587.5680528821758,-0.917789776317789,-0.0004736208651942,0.4602568676654739,0.3133477898420416,1937.815336622607
long,0.08858856565482189,-0.8887830258117037,-0.0005492571245419,1.2265204390978877,0.3133477898420416,1618.1547513889427,-0.917789776317789,-0.0004736208651942,0.4602568676654739,0.3133477898420416,1937.815336622607
long,0.7483770700955682,-0.8923393508400871,-0.000539423826936,0.6513305603654788,0.3133477898420416,1654.24533786113,-0.917789776317789,-0.0004736208651942,0.4602568676654739,0.3133477898420416,1937.815336622607
long,0.3064107129854091,-0.8964241312554876,-0.000528455387017,0.3905267074593597,0.3133477898420416,1696.309950241174,-0.917789776317789,-0.0004736208651942,0.4602568676654739,0.3133477898420416,1937.815336622607
long,0.4692191086664666,-0.9010252816347556,-0.0005163699638673,0.3643659414484348,0.3133477898420416,1744.9219448912538,-0.917789776317789,-0.0004736208651942,0.4602568676654739,0.3133477898420416,1937.815336622607
long,0.015633547575312358,-0.9061296195757392,-0.0005031875617159,0.3906684285135757,0.3133477898420416,1800.7790504315774,-0.917789776317789,-0.0004736208651942,0.4602568676654739,0.3133477898420416,1937.815336622607
long,0.07992644316715167,-0.9117228875141672,-0.0004889299974438,0.4172236173545329,0.3133477898420416,1864.7309272918258,-0.917789776317789,-0.0004736208651942,0.4602568676654739,0.3133477898420416,1937.815336622607
long,-0.14718930249669265,-0.917789776317789,-0.0004736208651942,0.4602568676654739,0.3133477898420416,1937.815336622607,-0.946452018511024,-0.0004024005257603,0.5966227853286702,0.3133477898420416,2352.0148655938933
long,0.09850305094121206,-0.9243139506195605,-0.0004572854981493,0.5044640704480461,0.3133477898420416,2021.3060645054163,-0.946452018511024,-0.0004024005257603,0.5966227853286702,0.3133477898420416,2352.0148655938933
long,0.11266740735214606,-0.9312780758488662,-0.0004399509275345,0.4009507412673723,0.3133477898420416,2116.77716209801,-0.946452018511024,-0.0004024005257603,0.5966227853286702,0.3133477898420416,2352.0148655938933
long,0.12670592855967508,-0.938663846917065,-0.0004216458388928,0.6424170944329632,0.3133477898420416,2226.1902296531675,-0.946452018511024,-0.0004024005257603,0.5966227853286702,0.3133477898420416,2352.0148655938933
long,-0.1834980098167844,-0.946452018511024,-0.0004024005257603,0.5966227853286702,0.3133477898420416,2352.0148655938933,-0.9546224369457096,-0.0003822468407264,0.6357014781627034,0.3133477898420416,2497.3978467201973
long,-0.062143474091816905,-0.9546224369457096,-0.0003822468407264,0.6357014781627034,0.3133477898420416,2497.3978467201973,-0.9631540735244424,-0.0003612181440474,0.5680222694109844,0.3133477898420416,2666.4055762327785
long,-0.04462847873408643,-0.9631540735244424,-0.0003612181440474,0.5680222694109844,0.3133477898420416,2666.4055762327785,-0.972025059353018,-0.0003393492498425,0.6718564819010923,0.3133477898420416,2864.379572974326
long,-0.21454788078114734,-0.972025059353018,-0.0003393492498425,0.6718564819010923,0.3133477898420416,2864.379572974326,-0.9812127215515593,-0.0003166763699659,0.5109191134419921,0.3133477898420416,3098.471545752584
long,-0.5054138904989167,-0.9812127215515593,-0.0003166763699659,0.5109191134419921,0.3133477898420416,3098.471545752584,-0.9906936208057536,-0.000293237055653,2.7205224229994545,0.0737135620795142,3378.473496808275
long,-1.0727267160919252,-0.9906936208057536,-0.000293237055653,2.7205224229994545,0.0737135620795142,3378.473496808275,-1.1608150278141105,0.0001512023972893,0.5701617640986058,-0.6118787027623548,7677.226344454638
long,0.7998756487624905,-1.0004435901969997,-0.0002690701370512,5.1077622262860665,0.0737135620795142,3718.151710037708,-1.1608150278141105,0.0001512023972893,0.5701617640986058,-0.6118787027623548,7677.226344454638
long,0.4810901639191711,-1.010437775248924,-0.0002442156606787,2.0164187055356657,0.0737135620795142,4137.48148845498,-1.1608150278141105,0.0001512023972893,0.5701617640986058,-0.6118787027623548,7677.226344454638
long,0.5358394901409778,-1.0206506751258326,-0.0002187148249841,2.0677606388937946,0.0737135620795142,4666.582044450033,-1.1608150278141105,0.0001512023972893,0.5701617640986058,-0.6118787027623548,7677.226344454638
long,1.1568644763915317,-1.031056184916776,-0.0001926099140348,1.6289635615146874,0.0737135620795142,5353.079513500478,-1.1608150278141105,0.0001512023972893,0.5701617640986058,-0.6118787027623548,7677.226344454638
long,0.682657116462083,-1.0416276389372257,-0.0001659442295061,0.8169639108698669,0.0737135620795142,6276.97414991424,-1.1608150278141105,0.0001512023972893,0.5701617640986058,-0.6118787027623548,7677.226344454638
long,0.9613851665822558,-1.0523378549787088,-0.0001387620210335,1.4455716549672275,0.1819661835326962,7583.759930425435,-1.1608150278141105,0.0001512023972893,0.5701617640986058,-0.6118787027623548,7677.226344454638
long,0.29169654327923233,-1.0631591794352615,-0.0001111084150697,1.436615502240488,0.1819661835326962,9568.664792566122,-1.1608150278141105,0.0001512023972893,0.5701617640986058,-0.6118787027623548,7677.226344454638
long,0.3930215614839839,-1.074063533234139,-8.302934232440329e-05,1.0089783330540525,0.1819661835326962,12935.951353651266,-1.1608150278141105,0.0001512023972893,0.5701617640986058,-0.6118787027623548,7677.226344454638
long,0.4764436267581205,-1.0850224584969723,-5.457146395615453e-05,1.0489449086748217,0.1819661835326962,19882.59760391867,-1.1608150278141105,0.0001512023972893,0.5701617640986058,-0.6118787027623548,7677.226344454638
long,1.5805072916831808,-1.0960071658563777,-2.578209657144725e-05,1.2354167920151988,0.1819661835326962,42510.397198269995,-1.1608150278141105,0.0001512023972893,0.5701617640986058,-0.6118787027623548,7677.226344454638
long,1.2689510959045918,-1.1069885823519925,3.290863790139653e-06,0.6336681073442904,0.1819661835326962,336382.3764656682,-1.1608150278141105,0.0001512023972893,0.5701617640986058,-0.6118787027623548,7677.226344454638
long,1.555222012571463,-1.117937399828988,3.259901861896175e-05,1.385471877090645,-0.6118787027623548,34293.590641367395,-1.1608150278141105,0.0001512023972893,0.5701617640986058,-0.6118787027623548,7677.226344454638
long,0.7429771705526413,-1.1288241237613152,6.209354466868433e-05,1.340625237435897,-0.6118787027623548,18179.41188225667,-1.1608150278141105,0.0001512023972893,0.5701617640986058,-0.6118787027623548,7677.226344454638
long,0.34552938676340517,-1.1396191224212575,9.172527238465732e-05,0.7126533968600118,-0.6118787027623548,12424.265339242307,-1.1608150278141105,0.0001512023972893,0.5701617640986058,-0.6118787027623548,7677.226344454638
long,0.4139169471710692,-1.1502926763163288,0.0001214447648714,1.1088233476032336,-0.6118787027623548,9471.735381384236,-1.2765576496711637,0.0008195087357021,3.048520263718833,0.1814357834513707,1557.7108504859254
long,0.7454945560311697,-1.1608150278141105,0.0001512023972893,0.5701617640986058,-0.6118787027623548,7677.226344454638,-1.2704728633064577,0.0008295660297628,1.6330018236225865,0.1814357834513707,1531.4909455365805
long,0.8869354938353381,-1.1711564308753537,0.0001809484365384,0.5105047385958748,-0.6118787027623548,6472.321360051191,-1.2635496346566204,0.0008384422851315,0.9544915333651129,0.1814357834513707,1507.0204080397104
long,1.6261587129411048,-1.1812872008154751,0.0002106331211215,1.2435187607406708,0.1550379492523906,5608.268986975085,-1.2557802861271992,0.0008461198795839,1.5622726100430362,-0.2840928576798882,1484.163552267274
long,2.3349258169158027,-1.1911777640145425,0.0002402067410545,1.1394473566140797,0.1550379492523906,4958.968923125595,-1.2557802861271992,0.0008461198795839,1.5622726100430362,-0.2840928576798882,1484.163552267274
long,2.719752487696231,-1.200798707495936,0.0002696197176734,0.9035166338853362,0.1550379492523906,4453.67541312578,-1.2557802861271992,0.0008461198795839,1.5622726100430362,-0.2840928576798882,1484.163552267274
long,2.5054675639897406,-1.210120828294075,0.0002988226832547,1.9693185870677123,0.1550379492523906,4049.628412119687,-1.2557802861271992,0.0008461198795839,1.5622726100430362,-0.2840928576798882,1484.163552267274
long,4.5870427944403795,-1.2191151825319335,0.0003277665602801,2.3960642409122954,0.1550379492523906,3719.461745853855,-1.2557802861271992,0.0008461198795839,1.5622726100430362,-0.2840928576798882,1484.163552267274
long,4.937772542446865,-1.2277531341295485,0.000356402640244,0.8406212402499301,0.1550379492523906,3444.8485939638535,-1.2557802861271992,0.0008461198795839,1.5622726100430362,-0.2840928576798882,1484.163552267274
long,4.377057457833783,-1.2360064030652802,0.0003846826618829,0.9379071356260548,0.3837365672677548,3213.0546175786026,-1.2557802861271992,0.0008461198795839,1.5622726100430362,-0.2840928576798882,1484.163552267274
long,4.7740569385186715,-1.2438471131123507,0.0004125588886612,1.191828774249875,0.3837365672677548,3014.956524506779,-1.1773166727317603,0.0008652216970785,0.9469262567596733,0.0052288705599092,1360.7109908444015
long,7.015334429849681,-1.251247838973949,0.0004399841854723,1.037841770116892,0.3837365672677548,2843.8473024452,-1.1626501131343616,0.000862906298197,2.2412637385032337,0.0052288705599092,1347.3654272354502
long,7.700743792086747,-1.2581816527412255,0.0004669120943217,1.239853120667752,0.3837365672677548,2694.686361827982,-1.1471242326741868,0.000859320862776,1.7890298226649457,0.0052288705599092,1334.9195653977843
long,7.572742877765587,-1.2646221695995243,0.0004932969089777,0.7963718266804782,0.3837365672677548,2563.6125963576487,-1.1307438848134264,0.0008544674005857,1.4268999300460412,0.0052288705599092,1323.3318018198834
long,8.164216999354085,-1.2705435927094038,0.0005190937484194,0.3314425460487944,0.3837365672677548,2447.618752061858,-1.1135151870279447,0.0008483499247211,0.8969065053352752,0.0052288705599092,1312.5659053886511
long,8.379647729147068,-1.2759207571903413,0.0005442586289419,0.4156171394082091,0.3837365672677548,2344.3280259439794,-1.0954455147961972,0.0008409744462658,1.455652670306196,-0.2073326101824496,1302.5907263417237
long,8.520873548594667,-1.2807291731364008,0.0005687485348779,0.3650409767352043,0.3837365672677548,2251.8373140272793,-1.0954455147961972,0.0008409744462658,1.455652670306196,-0.2073326101824496,1302.5907263417237
long,8.650170921819644,-1.2849450675947092,0.0005925214877511,0.5615855078118447,0.3837365672677548,2168.6050112236185,-1.056818988939267,0.0008224834618184,0.5238269893064658,-0.2073326101824496,1284.912144741224
long,9.60541575748357,-1.2885454254392326,0.0006155366137849,0.4947093280160473,0.3837365672677548,2093.36925957343,-1.036283094403997,0.0008113898758959,1.7281875066569399,-0.2073326101824496,1277.1703532285019
long,10.429402271161232,-1.291508029074082,0.000637754209674,0.2592960562586834,0.3837365672677548,2025.0874231536009,-1.0149481177738005,0.0007990820949259,1.5769228133114217,-0.2073326101824496,1270.142485007023
long,10.216220333038873,-1.2938114969024608,0.0006591358064704,0.2082350927001208,0.3837365672677548,1962.8906277003512,-1.0149481177738005,0.0007990820949259,1.5769228133114217,-0.2073326101824496,1270.142485007023
long,10.417495156986737,-1.2954353204993003,0.0006796442315393,0.3824642624401594,0.3837365672677548,1906.0491657014713,-1.0149481177738005,0.0007990820949259,1.5769228133114217,-0.2073326101824496,1270.142485007023
long,10.33979874181217,-1.296359900427721,0.0006992436684187,0.2686282874229069,0.3837365672677548,1853.9458546108337,-1.0149481177738005,0.0007990820949259,1.5769228133114217,-0.2073326101824496,1270.142485007023
long,10.485117266297166,-1.296566580641571,0.0007178997145709,0.4295293611932557,0.3837365672677548,1806.0552948075056,-1.0149481177738005,0.0007990820949259,1.5769228133114217,-0.2073326101824496,1270.142485007023
long,11.105370666278446,-1.296037681418568,0.0007355794368526,0.6990785585706247,0.3837365672677548,1761.927558720318,-0.8968006183292849,0.0007199495865087,1.5676431566364253,0.4916139186254188,1245.6436327412875
long,11.16880374414524,-1.2947565307708906,0.0007522514246747,0.6479395687693905,0.3837365672677548,1721.1752458040062,-0.8709953781508148,0.0007007541815122,2.7200078107952175,0.4916139186254188,1242.9399654401507
long,9.358657572241356,-1.2927074942824772,0.0007678858407358,1.5335188489116456,0.3837365672677548,1683.4631213459868,-0.8709953781508148,0.0007007541815122,2.7200078107952175,0.4916139186254188,1242.9399654401507
long,9.658251824128762,-1.2898760033247831,0.0007824544692807,1.450242686555513,0.1814357834513707,1648.4997580888623,-0.8709953781508148,0.0007007541815122,2.7200078107952175,0.4916139186254188,1242.9399654401507
long,9.649978389313288,-1.2862485816053473,0.0007959307617417,1.1658785597962793,0.1814357834513707,1616.0307446726981,-0.8709953781508148,0.0007007541815122,2.7200078107952175,0.4916139186254188,1242.9399654401507
long,9.42104371097235,-1.2818128700061064,0.0008082898798049,1.362145489135249,0.1814357834513707,1585.8331299601357,-0.8709953781508148,0.0007007541815122,2.7200078107952175,0.4916139186254188,1242.9399654401507
long,7.771713483489121,-1.2765576496711637,0.0008195087357021,3.048520263718833,0.1814357834513707,1557.7108504859254,-0.8709953781508148,0.0007007541815122,2.7200078107952175,0.4916139186254188,1242.9399654401507
long,7.3473063403624295,-1.2704728633064577,0.0008295660297628,1.6330018236225865,0.1814357834513707,1531.4909455365805,-0.8709953781508148,0.0007007541815122,2.7200078107952175,0.4916139186254188,1242.9399654401507
long,7.303723949794929,-1.2635496346566204,0.0008384422851315,0.9544915333651128,0.1814357834513707,1507.0204080397104,-0.8709953781508148,0.0007007541815122,2.7200078107952175,0.4916139186254188,1242.9399654401507
long,8.218330723674704,-1.2557802861271992,0.0008461198795839,1.5622726100430362,-0.2840928576798882,1484.163552267274,-0.6419672005465725,0.0005114550043906,1.4406456119510238,0.4916139186254188,1255.1782562211472
long,9.687312746093363,-1.247158354523359,0.0008525830744186,1.3930374742413103,-0.2840928576798882,1462.7998044341084,-0.6108845054990432,0.0004838343770586,2.3173615880009613,0.4916139186254188,1262.5901227044383
long,10.312342637447037,-1.2376786048791628,0.0008578180403566,1.6287028316353922,-0.2840928576798882,1442.8218417563853,-0.6108845054990432,0.0004838343770586,2.3173615880009613,0.4916139186254188,1262.5901227044383
long,10.262456085504096,-1.227337042354531,0.0008618128804354,1.5284525719064226,-0.2840928576798882,1424.1340205248068,-0.6108845054990432,0.0004838343770586,2.3173615880009613,0.4916139186254188,1262.5901227044383
long,9.05355098404608,-1.2161309221800791,0.0008645576498196,1.3226652530434286,-0.2840928576798882,1406.651045692371,-0.6108845054990432,0.0004838343770586,2.3173615880009613,0.4916139186254188,1262.5901227044383
long,9.350986458180722,-1.204058757633085,0.0008660443725427,1.0096637392635286,-0.2840928576798882,1390.2968436801652,-0.6108845054990432,0.0004838343770586,2.3173615880009613,0.4916139186254188,1262.5901227044383
long,9.228406231311903,-1.191120326030962,0.0008662670551287,1.0056236723616,0.0052288705599092,1375.0036076969348,-0.6108845054990432,0.0004838343770586,2.3173615880009613,0.4916139186254188,1262.5901227044383
long,8.883095036084647,-1.1773166727317603,0.0008652216970785,0.9469262567596732,0.0052288705599092,1360.7109908444015,-0.6108845054990432,0.0004838343770586,2.3173615880009613,0.4916139186254188,1262.5901227044383
long,6.784894679816472,-1.1626501131343616,0.000862906298197,2.2412637385032337,0.0052288705599092,1347.3654272354502,-0.6108845054990432,0.0004838343770586,2.3173615880009613,0.4916139186254188,1262.5901227044383
long,6.452077446356035,-1.1471242326741868,0.000859320862776,1.7890298226649457,0.0052288705599092,1334.9195653977843,-0.3483483464985826,0.0002393646553177,1.468786744550404,-0.4259269128290524,1455.3040257185528
long,6.787561224061438,-1.1307438848134264,0.0008544674005857,1.4268999300460412,0.0052288705599092,1323.3318018198834,-0.3142642042884851,0.0002065433560142,1.4884326734496307,-0.4259269128290524,1521.5410960344773
long,5.747139908692596,-1.1135151870279447,0.0008483499247211,0.8969065053352752,0.0052288705599092,1312.5659053886511,-0.3142642042884851,0.0002065433560142,1.4884326734496307,-0.4259269128290524,1521.5410960344773
long,5.623343408235495,-1.0954455147961972,0.0008409744462658,1.455652670306196,-0.2073326101824496,1302.5907263417237,-0.3142642042884851,0.0002065433560142,1.4884326734496307,-0.4259269128290524,1521.5410960344773
long,5.8410532690757435,-1.076543493598641,0.0008323489658084,0.6264832229402423,-0.2073326101824496,1293.379985824903,-0.3142642042884851,0.0002065433560142,1.4884326734496307,-0.4259269128290524,1521.5410960344773
long,5.595115695411464,-1.056818988939267,0.0008224834618184,0.5238269893064658,-0.2073326101824496,1284.912144741224,-0.3142642042884851,0.0002065433560142,1.4884326734496307,-0.4259269128290524,1521.5410960344773
long,4.5867685957842985,-1.036283094403997,0.0008113898758959,1.72818750665694,-0.2073326101824496,1277.1703532285019,-0.3142642042884851,0.0002065433560142,1.4884326734496307,-0.4259269128290524,1521.5410960344773
long,3.7855452438249344,-1.0149481177738005,0.0007990820949259,1.5769228133114217,-0.2073326101824496,1270.142485007023,-0.3142642042884851,0.0002065433560142,1.4884326734496307,-0.4259269128290524,1521.5410960344773
long,4.050017692786024,-0.9928275652134374,0.0007855759301668,0.7742020968685158,-0.2073326101824496,1263.8212642317492,-0.3142642042884851,0.0002065433560142,1.4884326734496307,-0.4259269128290524,1521.5410960344773
long,4.312648465318076,-0.969936123559786,0.0007708890932883,0.7752788697193158,0.4916139186254188,1258.2044966059022,-0.3142642042884851,0.0002065433560142,1.4884326734496307,-0.4259269128290524,1521.5410960344773
long,4.823294776898161,-0.9462896407366918,0.0007550411694428,0.773482447233619,0.4916139186254188,1253.2954215397658,-0.3142642042884851,0.0002065433560142,1.4884326734496307,-0.4259269128290524,1521.5410960344773
long,4.218499266627607,-0.9219051043262428,0.0007380535873547,1.1502998488343943,0.4916139186254188,1249.103208928901,-0.3142642042884851,0.0002065433560142,1.4884326734496307,-0.4259269128290524,1521.5410960344773
long,2.5787749763716947,-0.8968006183292849,0.0007199495865087,1.5676431566364253,0.4916139186254188,1245.6436327412875,-0.3142642042884851,0.0002065433560142,1.4884326734496307,-0.4259269128290524,1521.5410960344773
long,2.2418048313485746,-0.8709953781508148,0.0007007541815122,2.720007810795217,0.4916139186254188,1242.9399654401507,-0.3142642042884851,0.0002065433560142,1.4884326734496307,-0.4259269128290524,1521.5410960344773
long,2.6006364945349807,-0.8445096438487176,0.0006804941236271,0.4487472114253195,0.4916139186254188,1241.024153665573,-0.3142642042884851,0.0002065433560142,1.4884326734496307,-0.4259269128290524,1521.5410960344773
long,2.5905731643739642,-0.817364711687042,0.0006591978595784,0.5138932402419746,0.4916139186254188,1239.9383581278614,-0.3142642042884851,0.0002065433560142,1.4884326734496307,-0.4259269128290524,1521.5410960344773
long,2.5234034051185965,-0.7895828840376387,0.0006368954877276,0.4533318186545664,0.4916139186254188,1239.7369729448342,-0.3142642042884851,0.0002065433560142,1.4884326734496307,-0.4259269128290524,1521.5410960344773
long,2.8182816463214997,-0.7611874376766617,0.0006136187115736,0.3837882504489875,0.4916139186254188,1240.4892864571027,-0.3142642042884851,0.0002065433560142,1.4884326734496307,-0.4259269128290524,1521.5410960344773
long,2.9718869104864707,-0.7322025905248609,0.0005894007908239,0.4464669591498293,0.4916139186254188,1242.2830133996665,-0.3142642042884851,0.0002065433560142,1.4884326734496307,-0.4259269128290524,1521.5410960344773
long,2.8300928383865904,-0.7026534668831232,0.0005642764899368,0.4669951709549891,0.4916139186254188,1245.2290311826066,-0.3142642042884851,0.0002065433560142,1.4884326734496307,-0.4259269128290524,1521.5410960344773
long,2.467346455213208,-0.6725660612170432,0.0005382820243423,0.2704665053423146,0.4916139186254188,1249.467808327462,-0.3142642042884851,0.0002065433560142,1.4884326734496307,-0.4259269128290524,1521.5410960344773
long,1.3206010007414968,-0.6419672005465725,0.0005114550043906,1.4406456119510238,0.4916139186254188,1255.1782562211472,-0.3142642042884851,0.0002065433560142,1.4884326734496307,-0.4259269128290524,1521.5410960344773
long,0.5590247032341156,-0.6108845054990432,0.0004838343770586,2.3173615880009613,0.4916139186254188,1262.5901227044383,-0.3142642042884851,0.0002065433560142,1.4884326734496307,-0.4259269128290524,1521.5410960344773
long,1.5762974727014945,-0.579346350085872,0.0004554603656418,1.4002070925128436,0.4916139186254188,1272.0016795962065,-0.3142642042884851,0.0002065433560142,1.4884326734496307,-0.4259269128290524,1521.5410960344773
long,2.123430527078413,-0.5473818202653423,0.0004263744073584,0.6967672597738956,0.4916139186254188,1283.8055258913007,-0.3142642042884851,0.0002065433560142,1.4884326734496307,-0.4259269128290524,1521.5410960344773
long,2.2995177735801104,-0.5150206713557021,0.0003966190891105,0.7339238342870849,0.4916139186254188,1298.5271901832614,-0.3142642042884851,0.0002065433560142,1.4884326734496307,-0.4259269128290524,1521.5410960344773
long,1.561762166580784,-0.4822932843646441,0.0003662380814177,0.4610279137874591,0.4916139186254188,1316.8845863807958,-0.3142642042884851,0.0002065433560142,1.4884326734496307,-0.4259269128290524,1521.5410960344773
long,1.2691630728229681,-0.4492306213029167,0.0003352760706694,1.0169755936496172,-0.4259269128290524,1339.8827432151636,-0.3142642042884851,0.0002065433560142,1.4884326734496307,-0.4259269128290524,1521.5410960344773
long,1.6373549756314214,-0.4158641795514315,0.0003037786897577,0.744024892438189,-0.4259269128290524,1368.9708777239548,-0.3142642042884851,0.0002065433560142,1.4884326734496307,-0.4259269128290524,1521.5410960344773
long,0.9626937165398685,-0.3822259453526659,0.0002717924472804,0.9239220199335616,-0.4259269128290524,1406.315551360171,-0.3142642042884851,0.0002065433560142,1.4884326734496307,-0.4259269128290524,1521.5410960344773
long,0.32864799999999816,-0.3483483464985826,0.0002393646553177,1.468786744550404,-0.4259269128290524,1455.3040257185528,-0.3142642042884851,0.0002065433560142,1.4884326734496307,-0.4259269128290524,1521.5410960344773
long,-0.5998446226445744,-0.3142642042884851,0.0002065433560142,1.4884326734496307,-0.4259269128290524,1521.5410960344773,-0.2800066848314142,0.0001733772469733,0.7248137989961472,-0.4259269128290524,1615.0140212719787
short,9.269741514222959,0.3277250238191363,-0.0004251743072191,0.7029685281033357,-0.0237296550319637,770.8015706844056,0.5618642738984763,-0.0006459281316045,1.1765360826154252,0.2334909150241095,869.8557105769535
short,8.79265539696797,0.3588844339542653,-0.0004553351292159,0.649500633664997,0.2334909150241095,788.1764681154175,0.5618642738984763,-0.0006459281316045,1.1765360826154252,0.2334909150241095,869.8557105769535
short,8.72179046001453,0.3895589951348052,-0.0004848489545891,0.7913243256902585,0.2334909150241095,803.46464903683,0.5618642738984763,-0.0006459281316045,1.1765360826154252,0.2334909150241095,869.8557105769535
short,9.189240550847337,0.4197198850400596,-0.0005136712752853,0.4807111226382789,0.2334909150241095,817.0982206605605,0.5618642738984763,-0.0006459281316045,1.1765360826154252,0.2334909150241095,869.8557105769535
short,1.5103313145707187,0.5883819269864384,-0.0006697288731618,0.9490983771030372,0.2334909150241095,878.5374956415999,0.9994196772319796,-0.0008446711127264,0.7442672541105332,-0.1074373568872375,1183.205702401835
short,2.9017775678663735,0.6142070211263164,-0.0006925589480841,0.5845425843928908,0.2334909150241095,886.8660535330071,1.0007476501734918,-0.0008170802815513,1.8503868433506054,-0.1074373568872375,1224.7849725041494
short,2.6809635800364244,0.6393177314228119,-0.0007143838433825,0.4994960738710856,0.2334909150241095,894.9218789659893,1.0002016157326872,-0.000801480770785,1.7773268113938392,-0.1074373568872375,1247.9421243669422
short,2.214409405265875,0.663693271162002,-0.0007351705573053,0.636878998415674,0.2334909150241095,902.7745528802304,0.9988708721311524,-0.0007847091607301,0.5031505085765907,-0.1074373568872375,1272.9185819645518
short,2.242328960208176,0.6873139232510485,-0.0007548876501437,0.7517249172673295,0.2334909150241095,910.4850544583843,0.9988708721311524,-0.0007847091607301,0.5031505085765907,-0.1074373568872375,1272.9185819645518
short,5.282617740205799,0.7101610700474938,-0.000773505292601,0.4244549640511518,0.2334909150241095,918.1075770787502,0.993928051569332,-0.000747752091892,1.6857404581024493,-0.1830327934496225,1329.221358718563
short,5.556281737166286,0.7322172215322609,-0.0007909953116783,0.4351508726136527,0.2334909150241095,925.6909753089102,0.993928051569332,-0.000747752091892,1.6857404581024493,-0.1830327934496225,1329.221358718563
short,7.616194114722917,0.7738923737077413,-0.0008224883261668,0.9431674584410836,0.2334909150241095,940.9159365391365,0.993928051569332,-0.000747752091892,1.6857404581024493,-0.1830327934496225,1329.221358718563
short,8.111645215503295,0.7934822619991281,-0.00083644363327,0.8933645906755225,0.2334909150241095,948.6380557373384,0.993928051569332,-0.000747752091892,1.6857404581024493,-0.1830327934496225,1329.221358718563
short,8.00146349382413,0.812222974277064,-0.0008491760134508,0.5960744735979285,0.2334909150241095,956.483651694812,0.993928051569332,-0.000747752091892,1.6857404581024493,-0.1830327934496225,1329.221358718563
short,8.46269317754548,0.8301030203844393,-0.0008606661705606,0.4929865684374691,0.2334909150241095,964.488960735783,0.993928051569332,-0.000747752091892,1.6857404581024493,-0.1830327934496225,1329.221358718563
short,7.484892275354703,0.8471121698082701,-0.0008708966835444,0.6428160873865575,0.2334909150241095,972.6896264671361,0.993928051569332,-0.000747752091892,1.6857404581024493,-0.1830327934496225,1329.221358718563
short,7.591803492368704,0.863241467199075,-0.0008798520330258,0.7645434662320791,0.2334909150241095,981.1211826497673,0.993928051569332,-0.000747752091892,1.6857404581024493,-0.1830327934496225,1329.221358718563
short,8.773504475751693,0.8784832459649675,-0.0008875186249124,0.4593279401818875,0.2334909150241095,989.81950497284,0.993928051569332,-0.000747752091892,1.6857404581024493,-0.1830327934496225,1329.221358718563
short,8.276965423823004,0.8928311399198496,-0.0008938848110103,0.2176860946514831,0.2334909150241095,998.8212451118177,0.993928051569332,-0.000747752091892,1.6857404581024493,-0.1830327934496225,1329.221358718563
short,6.930616740088105,0.9062800929680837,-0.0008989409066481,0.5104137725254604,-0.0284679799433173,1008.1642589248157,0.993928051569332,-0.000747752091892,1.6857404581024493,-0.1830327934496225,1329.221358718563
short,6.5420788132937515,0.9599562912212156,-0.0009043700891702,0.4736233095680853,-0.0284679799433173,1061.4639987729122,0.993928051569332,-0.000747752091892,1.6857404581024493,-0.1830327934496225,1329.221358718563
short,5.704602100133814,0.967979505628966,-0.0009014736702908,0.748479470225269,0.3079657901673157,1073.774573268138,0.993928051569332,-0.000747752091892,1.6857404581024493,-0.1830327934496225,1329.221358718563
short,6.173807229236707,0.9751054648530468,-0.0008972551836695,0.7351081662723918,0.3079657901673157,1086.7649277490523,0.993928051569332,-0.000747752091892,1.6857404581024493,-0.1830327934496225,1329.221358718563
short,5.604699598492406,0.9813397031581343,-0.0008917209189932,0.7992390978763306,0.3079657901673157,1100.5009328099184,0.993928051569332,-0.000747752091892,1.6857404581024493,-0.1830327934496225,1329.221358718563
short,5.0668575027996745,0.9911616813485258,-0.000876740120228,0.6845568670096802,0.3079657901673157,1130.5079560985187,0.993928051569332,-0.000747752091892,1.6857404581024493,-0.1830327934496225,1329.221358718563
short,4.631074486057111,0.9947669843544488,-0.0008673160291585,0.5337401703158565,0.3079657901673157,1146.9486910320406,0.993928051569332,-0.000747752091892,1.6857404581024493,-0.1830327934496225,1329.221358718563
short,5.116102221981093,0.9975156663495774,-0.0008566210107945,0.6285609449878709,-0.1074373568872375,1164.4772352996577,0.993928051569332,-0.000747752091892,1.6857404581024493,-0.1830327934496225,1329.221358718563
short,4.476634094201519,0.9994196772319796,-0.0008446711127264,0.7442672541105332,-0.1074373568872375,1183.205702401835,0.993928051569332,-0.000747752091892,1.6857404581024493,-0.1830327934496225,1329.221358718563
short,2.366603853734226,0.9988708721311524,-0.0007847091607301,0.5031505085765907,-0.1074373568872375,1272.9185819645518,0.993928051569332,-0.000747752091892,1.6857404581024493,-0.1830327934496225,1329.221358718563
short,3.2451875738367026,0.9967733378961884,-0.0007667906334294,0.5454268128901983,-0.1830327934496225,1299.9289433651686,0.993928051569332,-0.000747752091892,1.6857404581024493,-0.1830327934496225,1329.221358718563
short,0.021643004650247682,0.9811122540352316,-0.0006842103359383,0.7403591429583635,-0.1830327934496225,1433.9336933426644,0.975487710643344,-0.0006609936795517,0.3605870581070626,-0.1830327934496225,1475.789770493631
short,-0.21922044263513177,0.975487710643344,-0.0006609936795517,0.3605870581070626,-0.1830327934496225,1475.789770493631,0.9623532793087828,-0.0006117129573435,0.6174394660159469,-0.1830327934496225,1573.2105520341054
short,0.3786293877672953,0.9692263514547352,-0.0006368157967213,0.5579015895941807,-0.1830327934496225,1521.9885506058095,0.9623532793087828,-0.0006117129573435,0.6174394660159469,-0.1830327934496225,1573.2105520341054
short,-0.11343927248863264,0.9623532793087828,-0.0006117129573435,0.6174394660159469,-0.1830327934496225,1573.2105520341054,0.90978141993468,-0.0004438693163353,0.3071671357153471,-0.1830327934496225,2049.6605339744383
short,0.3941847948765358,0.9548944843521324,-0.000585722810698,0.4908105721726823,-0.1830327934496225,1630.2839276725354,0.90978141993468,-0.0004438693163353,0.3071671357153471,-0.1830327934496225,2049.6605339744383
short,0.1521756916279994,0.9468768050677416,-0.0005588843277406,0.3059183370014471,-0.1830327934496225,1694.2267980490303,0.90978141993468,-0.0004438693163353,0.3071671357153471,-0.1830327934496225,2049.6605339744383
short,0.27469146005972667,0.938327888041948,-0.0005312377414025,0.2015730930897279,-0.1830327934496225,1766.30501734441,0.90978141993468,-0.0004438693163353,0.3071671357153471,-0.1830327934496225,2049.6605339744383
short,0.3722628751912182,0.9292761465310946,-0.0005028244850598,0.190228348932123,-0.1830327934496225,1848.1123615541067,0.90978141993468,-0.0004438693163353,0.3071671357153471,-0.1830327934496225,2049.6605339744383
short,0.4565615836118822,0.9197507178910548,-0.0004736871291862,0.2569182839865264,-0.1830327934496225,1941.683996082387,0.90978141993468,-0.0004438693163353,0.3071671357153471,-0.1830327934496225,2049.6605339744383
short,-0.7201786751072266,0.90978141993468,-0.0004438693163353,0.3071671357153471,-0.1830327934496225,2049.6605339744383,0.6790853627658044,0.0001884304061453,0.9600653005783495,0.2124200108776399,3603.9054240649307
short,0.8587688629113008,0.8886336207833224,-0.0003823718494514,0.8649022915716255,-0.1830327934496225,2324.0037729196615,0.6790853627658044,0.0001884304061453,0.9600653005783495,0.2124200108776399,3603.9054240649307
short,1.2426769902017596,0.8775177510483859,-0.000350784234532,0.5983789883136338,-0.1830327934496225,2501.588340248898,0.6790853627658044,0.0001884304061453,0.9600653005783495,0.2124200108776399,3603.9054240649307
short,1.0011986070312229,0.8660831812126454,-0.000318700100804,0.5460874204873566,-0.1830327934496225,2717.5491285623566,0.6790853627658044,0.0001884304061453,0.9600653005783495,0.2124200108776399,3603.9054240649307
short,2.351790505353648,0.8543624439520773,-0.0002861674248275,1.0455365694406515,0.0997443714116462,2985.533536764647,0.6790853627658044,0.0001884304061453,0.9600653005783495,0.2124200108776399,3603.9054240649307
short,3.1181781127622608,0.8301945482165288,-0.0002199515425189,0.9432642124307168,0.0997443714116462,3774.4429464284926,0.6790853627658044,0.0001884304061453,0.9600653005783495,0.2124200108776399,3603.9054240649307
short,3.229578058483299,0.8178142573201007,-0.0001863672573944,0.8816218236144319,0.0997443714116462,4388.186362529336,0.6790853627658044,0.0001884304061453,0.9600653005783495,0.2124200108776399,3603.9054240649307
short,2.6933716715209073,0.7926301146478499,-0.0001184966340146,0.5303053419799716,0.0997443714116462,6689.051729099662,0.6790853627658044,0.0001884304061453,0.9600653005783495,0.2124200108776399,3603.9054240649307
short,1.379223141335504,0.7798944834304874,-8.43115642298331e-05,0.9620624732692544,-0.2849848418852939,9250.148429277117,0.6790853627658044,0.0001884304061453,0.9600653005783495,0.2124200108776399,3603.9054240649307
short,1.5502335355890084,1.8225230175426312,-0.0002797757578252,0.8713904498771712,0.2803366026196298,6514.227793393444,2.1830928636002445,-0.0006851780239607,1.1031211520720758,0.1186002827979388,3186.168830956932
short,1.6250711149859896,1.8530516328309872,-0.0003138225793448,0.6521208305330114,0.2803366026196298,5904.77471920534,2.1830928636002445,-0.0006851780239607,1.1031211520720758,0.1186002827979388,3186.168830956932
short,3.4576156527823914,1.913032866628093,-0.0003809036748978,0.9577618031042772,0.2803366026196298,5022.353399823138,2.1830928636002445,-0.0006851780239607,1.1031211520720758,0.1186002827979388,3186.168830956932
short,3.3433745493581606,1.9424191810660856,-0.0004138506231112,0.4646376668442248,0.2803366026196298,4693.527259820424,2.1830928636002445,-0.0006851780239607,1.1031211520720758,0.1186002827979388,3186.168830956932
short,3.1110222960103737,1.971359150692272,-0.0004463448118063,0.6393836247605954,0.1420314172730564,4416.673160632103,2.1830928636002445,-0.0006851780239607,1.1031211520720758,0.1186002827979388,3186.168830956932
short,2.6879653997829895,1.9998207758647184,-0.0004783444537397,0.496188328058095,0.1420314172730564,4180.712790187295,2.1830928636002445,-0.0006851780239607,1.1031211520720758,0.1186002827979388,3186.168830956932
short,2.7276528230149366,2.0277725924198164,-0.0005098086173485,0.448715479184233,0.1420314172730564,3977.5172945608565,2.1830928636002445,-0.0006851780239607,1.1031211520720758,0.1186002827979388,3186.168830956932
short,0.9635382839585535,2.082023859566348,-0.0005709713976376,0.9785321227566908,0.1420314172730564,3646.4591189344033,2.1830928636002445,-0.0006851780239607,1.1031211520720758,0.1186002827979388,3186.168830956932
short,0.9217429709142994,2.1082634145132517,-0.0006005929275434,0.6040475822069921,0.1420314172730564,3510.303431538335,2.1830928636002445,-0.0006851780239607,1.1031211520720758,0.1186002827979388,3186.168830956932
short,1.476113386780459,2.1338734445505527,-0.0006295249096019,0.6748723877459898,0.1186002827979388,3389.6568856980975,2.1830928636002445,-0.0006851780239607,1.1031211520720758,0.1186002827979388,3186.168830956932
short,1.5666209195176948,2.158825743087379,-0.0006577315004752,0.5228239330819034,0.1186002827979388,3282.2295139090397,2.1830928636002445,-0.0006851780239607,1.1031211520720758,0.1186002827979388,3186.168830956932
short,1.9757965718293642,2.251520786677145,-0.0007626288731579,0.5048012502792113,0.1186002827979388,2952.3151639329217,2.4833189220228267,-0.0010284860475624,1.2717336145444822,0.1290679804804851,2414.538270021752
short,1.262710935937387,2.272789075779077,-0.0007867132516845,0.4520034792430314,0.1186002827979388,2888.967576067406,2.4833189220228267,-0.0010284860475624,1.2717336145444822,0.1290679804804851,2414.538270021752
short,1.0313819942286073,2.2932474816778137,-0.0008098832031957,0.4249808848278083,0.1186002827979388,2831.5780258547647,2.4833189220228267,-0.0010284860475624,1.2717336145444822,0.1290679804804851,2414.538270021752
short,0.5495836814517674,2.3128737756436224,-0.0008321119329277,0.4229561428328855,0.1186002827979388,2779.5224225495895,2.4833189220228267,-0.0010284860475624,1.2717336145444822,0.1290679804804851,2414.538270021752
short,0.40717146397971854,2.331646695523706,-0.0008533740857252,0.7180056095202474,0.1186002827979388,2732.267987189071,2.4833189220228267,-0.0010284860475624,1.2717336145444822,0.1290679804804851,2414.538270021752
short,3.242985930435093,2.3495459696278824,-0.0008736457759068,0.5056640581704214,0.1186002827979388,2689.3576715221598,2.424367339857111,-0.000967214054742,3.003822293829009,0.0193522820116969,2506.5468475887687
short,3.5487202303051824,2.3665523391172627,-0.0008929046147962,0.2358989710044194,0.1186002827979388,2650.397701950968,2.424367339857111,-0.000967214054742,3.003822293829009,0.0193522820116969,2506.5468475887687
short,2.931192121347153,2.3826475788708468,-0.0009111297357962,0.5741873713393693,0.1186002827979388,2615.0475451102975,2.424367339857111,-0.000967214054742,3.003822293829009,0.0193522820116969,2506.5468475887687
short,4.70119110783613,2.3978145168074034,-0.0009283018170274,0.2996789214006263,0.1186002827979388,2583.0117671057287,2.381855696215227,-0.0009234258493329,2.2731464407631545,-0.3772198347292073,2579.3686606628175
short,5.938972065664308,2.4120370516424416,-0.0009444031015184,0.5101730691411793,0.1186002827979388,2554.0333865532602,2.3658495123393486,-0.0009070408104969,1.0711532368386674,-0.3772198347292073,2608.3165001619677
