时间,收盘价,张力,加速度,T×A,信号类型,置信度,通过V705过滤器,是否开单(V705),最佳开单点,交易方向,量能比率,EMA偏离%
2024-02-11 08:00:00,48411.71,0.6662287415152317,-0.007275676101160422,-0.004847264532548556,HIGH_OSCILLATION,0.6,False,否,SHORT,SHORT,0.520856921792869,3.4135132571088427
2024-02-11 12:00:00,48150.43,0.6992963736876497,-0.007539115156420917,-0.005272075889698745,HIGH_OSCILLATION,0.6,False,否,SHORT,SHORT,0.7191763771029922,2.57643829745955
2024-02-11 16:00:00,48284.0,0.7321620681827709,-0.007802131208035412,-0.005712424521508548,HIGH_OSCILLATION,0.6,False,否,SHORT,SHORT,0.6155864500407217,2.5814780256809953
2024-02-11 20:00:00,48299.99,0.7656798794637236,-0.008077686245299254,-0.006184921830646511,HIGH_OSCILLATION,0.6,False,否,SHORT,SHORT,0.6599010020968233,2.360479327795777
2024-02-12 00:00:00,48145.0,0.8004033259813379,-0.008379929086619886,-0.006707323112418312,HIGH_OSCILLATION,0.6,True,是,SHORT,SHORT,1.0846961561905752,1.8349381896769614
2024-02-12 04:00:00,48203.98,0.8348232217241186,-0.008673542053960648,-0.007240874321247057,HIGH_OSCILLATION,0.6,True,是,SHORT,SHORT,0.6330294456043614,1.769750759247739
2024-02-12 08:00:00,47903.03,0.8720100869533418,-0.008997117070784988,-0.007845576839224613,HIGH_OSCILLATION,0.6,True,是,SHORT,SHORT,0.7983799195707497,1.025232304273715
2024-02-12 12:00:00,49917.8,0.883000625824855,-0.009114363178811313,-0.008047988390885405,HIGH_OSCILLATION,0.6,False,否,SHORT,SHORT,2.2858355991723194,4.748123746494574
2024-02-12 16:00:00,49532.03,0.9007788490956505,-0.009304844908338716,-0.008381607487546874,HIGH_OSCILLATION,0.6,False,否,SHORT,SHORT,2.2732518696010984,3.550195634219802
2024-02-12 20:00:00,49917.27,0.9185958673969676,-0.00947513457796123,-0.008703819466345297,HIGH_OSCILLATION,0.6,False,否,SHORT,SHORT,1.0704116896871445,3.924471738914999
2024-02-13 00:00:00,49789.99,0.9386716813107001,-0.00969964298332604,-0.009104780187272189,HIGH_OSCILLATION,0.6,False,否,SHORT,SHORT,0.9692359628861336,3.299461592146376
2024-02-13 04:00:00,49983.09,0.9568656868965121,-0.00993342287930421,-0.009504951506638952,HIGH_OSCILLATION,0.6,False,否,SHORT,SHORT,0.6540357839370575,3.335942097679786
2024-02-17 04:00:00,51911.33,0.7478932660497792,-0.009618773698065852,-0.007193816076440184,HIGH_OSCILLATION,0.6,True,是,SHORT,SHORT,0.2383618551984419,0.8987299342784113
2024-02-17 08:00:00,51690.48,0.7173223974577683,-0.009176331959192208,-0.006582388440836094,HIGH_OSCILLATION,0.6,True,是,SHORT,SHORT,0.49883366724257217,0.42456821127897376
2024-02-17 12:00:00,50984.56,0.6932550111828834,-0.008731136085785685,-0.006052903844790631,HIGH_OSCILLATION,0.6,False,否,SHORT,SHORT,1.2197708810499932,-0.8574899058116774
2024-02-17 16:00:00,51394.43,0.6651424589348086,-0.008217436727342431,-0.005465766070965751,HIGH_OSCILLATION,0.6,True,是,SHORT,SHORT,0.6138106084237401,-0.05471709562131898
2024-02-25 16:00:00,51672.96,-0.6826078173737024,0.006016995955275606,-0.004107248476177076,LOW_OSCILLATION,0.6,True,是,LONG,LONG,0.9338648540857121,0.4719579654618594
2024-02-25 20:00:00,51728.85,-0.7234160570196245,0.006652899811091628,-0.004812814549086511,LOW_OSCILLATION,0.6,True,是,LONG,LONG,1.0122546967332156,0.5250410777002621
2024-02-26 00:00:00,51555.59,-0.7594281124414228,0.007263722000719008,-0.005516274688305272,LOW_OSCILLATION,0.6,True,是,LONG,LONG,0.7552508853112625,0.17037563540958708
2024-02-26 04:00:00,51293.26,-0.7911371033778362,0.007844800530606322,-0.006206312768360797,LOW_OSCILLATION,0.6,True,是,LONG,LONG,0.8278854512318492,-0.30710367581713927
2024-02-26 08:00:00,51090.01,-0.8179568218340455,0.008395414502703202,-0.006867086564610565,LOW_OSCILLATION,0.6,True,是,LONG,LONG,1.500185938471085,-0.6356925014721792
2024-02-26 12:00:00,52842.32,-0.8496353574490385,0.008980575800983548,-0.007630214730766842,LOW_OSCILLATION,0.6,True,是,LONG,LONG,2.9337412679766897,2.501713854983641
2024-02-26 16:00:00,54487.11,-0.8839627586880605,0.009558719178803798,-0.008449551774819878,LOW_OSCILLATION,0.6,True,是,LONG,LONG,4.180768815555509,5.122335603613299
2024-02-28 08:00:00,58941.11,-0.8681007980421573,0.009623799092914664,-0.00835442767275661,LOW_OSCILLATION,0.6,True,是,LONG,LONG,2.343897040315846,6.832382393568202
2024-02-28 12:00:00,60966.22,-0.8469167925882624,0.009150283911571355,-0.007749529101659992,LOW_OSCILLATION,0.6,True,是,LONG,LONG,2.803745431226679,9.408556996306386
2024-02-28 16:00:00,60951.11,-0.8162948057156159,0.008550825357085845,-0.006979994323570551,LOW_OSCILLATION,0.6,True,是,LONG,LONG,3.9233338946474205,8.412804445142793
2024-02-28 20:00:00,62432.1,-0.7768161091871026,0.007849816296671586,-0.006097863753413932,LOW_OSCILLATION,0.6,True,是,LONG,LONG,1.3480316108445747,9.890860183564698
2024-02-29 00:00:00,61561.33,-0.7243022569385043,0.007001369525086787,-0.005071107748680823,LOW_OSCILLATION,0.6,True,是,LONG,LONG,0.8027320013581366,7.502424703474373
2024-02-29 04:00:00,62707.17,-0.6663111040462616,0.006077670144438163,-0.004049619103969595,LOW_OSCILLATION,0.6,True,是,LONG,LONG,1.1387815308511409,8.521159577225498
2024-03-22 16:00:00,63866.93,-0.8051518148974837,0.009628215122735484,-0.007752174880293873,LOW_OSCILLATION,0.6,True,是,LONG,LONG,0.7206664513061246,-2.2905038644474423
2024-03-22 20:00:00,63796.64,-0.7664795681892588,0.008847768514194554,-0.006781633790198361,LOW_OSCILLATION,0.6,True,是,LONG,LONG,0.6296755267659349,-2.174621709221216
2024-03-23 00:00:00,63556.0,-0.729893944059746,0.008126102113601763,-0.005931192721529028,LOW_OSCILLATION,0.6,True,是,LONG,LONG,0.5026445227821135,-2.3069569062003397
2024-03-23 04:00:00,64575.41,-0.7039474893012054,0.007533441907476179,-0.00530314751656434,LOW_OSCILLATION,0.6,True,是,LONG,LONG,0.359615826693685,-0.6699995336063681
2024-03-23 08:00:00,64629.62,-0.6817644082558547,0.007011018809104486,-0.004779863089659787,LOW_OSCILLATION,0.6,True,是,LONG,LONG,0.35780647407878496,-0.5310423420153552
2024-03-23 12:00:00,65104.05,-0.6660634086239888,0.006580712293099755,-0.004383171661115809,LOW_OSCILLATION,0.6,True,是,LONG,LONG,0.6135130521528434,0.18013522700692775
2024-03-23 16:00:00,64872.9,-0.6510892722293782,0.006203984915780891,-0.004039348023737821,LOW_OSCILLATION,0.6,True,是,LONG,LONG,0.5958054604105438,-0.1588587554226607
2024-03-25 00:00:00,67350.0,-0.6587685615128263,0.005525371501454934,-0.0036399410358374323,LOW_OSCILLATION,0.6,True,是,LONG,LONG,0.8415362969652149,2.962624969794321
2024-03-25 04:00:00,66821.19,-0.6680050750203729,0.005598146046397634,-0.0037395899696988553,LOW_OSCILLATION,0.6,True,是,LONG,LONG,0.8675216458393866,1.945044334185822
2024-03-25 08:00:00,66810.15,-0.6765697559647798,0.005660916577545971,-0.003830004947407254,LOW_OSCILLATION,0.6,True,是,LONG,LONG,0.7732000447120941,1.741365245825709
2024-03-25 12:00:00,69792.05,-0.699232140420909,0.0058338391655304855,-0.004079207846585211,LOW_OSCILLATION,0.6,True,是,LONG,LONG,2.8194475502877965,5.650207245876664
2024-03-25 16:00:00,70960.89,-0.721930229979898,0.005995352371360285,-0.004328226116266657,LOW_OSCILLATION,0.6,True,是,LONG,LONG,1.9147840248451073,6.6658511217663845
2024-03-25 20:00:00,69880.01,-0.7319162780330037,0.0060298768432951455,-0.004413365016141981,LOW_OSCILLATION,0.6,True,是,LONG,LONG,1.1408197814958339,4.539212420438839
2024-03-26 00:00:00,70423.11,-0.7395624223372642,0.006013969319696111,-0.004447705717936444,LOW_OSCILLATION,0.6,True,是,LONG,LONG,0.7243067317895399,4.817442513371643
2024-03-26 04:00:00,70486.38,-0.7427237417222841,0.005921420853792103,-0.0043979798528408325,LOW_OSCILLATION,0.6,True,是,LONG,LONG,1.0555094131693967,4.423150314328581
2024-03-26 08:00:00,70693.16,-0.7416534544421055,0.0057607538853829965,-0.00427248301928508,LOW_OSCILLATION,0.6,True,是,LONG,LONG,0.9827867240176049,4.259872738146618
2024-03-26 12:00:00,70250.0,-0.7304665165112907,0.005504465577711115,-0.0040208277958069475,LOW_OSCILLATION,0.6,True,是,LONG,LONG,1.6994406759014775,3.2516660656877487
2024-03-26 16:00:00,69477.67,-0.7102422451137904,0.005143536934889115,-0.003653157220461349,LOW_OSCILLATION,0.6,True,是,LONG,LONG,1.135392815683247,1.9110899442539604
2024-03-26 20:00:00,69988.0,-0.688023863891624,0.004742072402344255,-0.00326265897711473,LOW_OSCILLATION,0.6,True,是,LONG,LONG,0.502828901647178,2.40027112645117
2024-03-27 00:00:00,70387.99,-0.6637059573072539,0.004293900041194787,-0.002849887037422843,LOW_OSCILLATION,0.6,True,是,LONG,LONG,0.66664858476081,2.693509231280913
2024-04-10 12:00:00,68657.32,0.7049187049705813,-0.005721004464025459,-0.004032843057911741,HIGH_OSCILLATION,0.6,False,否,SHORT,SHORT,2.18727977111718,-1.2810193562506438
2024-04-10 16:00:00,70083.99,0.7493168237038252,-0.006421468809054254,-0.004811714611513719,HIGH_OSCILLATION,0.6,False,否,SHORT,SHORT,1.4024292425171927,0.696444534620167
2024-04-10 20:00:00,70631.08,0.7878804629297977,-0.007084747494262134,-0.005581934135519975,HIGH_OSCILLATION,0.6,True,是,SHORT,SHORT,1.0237705787486588,1.3394198661495882
2024-04-11 00:00:00,70851.67,0.8236020662738555,-0.007721996519926555,-0.006359852289571032,HIGH_OSCILLATION,0.6,True,是,SHORT,SHORT,0.6003552733141048,1.4958506494444752
2024-04-11 04:00:00,70735.99,0.8585488407361703,-0.008342984579683521,-0.007162859739167032,HIGH_OSCILLATION,0.6,True,是,SHORT,SHORT,0.5603360437958959,1.201935299911592
2024-04-11 08:00:00,69983.16,0.8956308979896255,-0.008962562218865044,-0.00802714764836999,HIGH_OSCILLATION,0.6,True,是,SHORT,SHORT,0.7510573090984389,0.11295686184186829
2024-04-11 12:00:00,70000.0,0.9280325446847882,-0.009542876513008447,-0.008856099973979927,HIGH_OSCILLATION,0.6,False,否,SHORT,SHORT,1.5893910969328693,0.12397869968140522
2024-04-14 04:00:00,64464.3,0.8271923274132015,-0.009883326876528709,-0.00817541216158123,HIGH_OSCILLATION,0.6,True,是,SHORT,SHORT,1.0537300696035292,-4.210232883089903
2024-04-14 08:00:00,64166.05,0.781139517644249,-0.009204178163553678,-0.00718974729099005,HIGH_OSCILLATION,0.6,True,是,SHORT,SHORT,0.7861053362675098,-4.2289728928726245
2024-04-14 12:00:00,64180.97,0.7311924534686163,-0.008457577486197687,-0.006184116832533819,HIGH_OSCILLATION,0.6,True,是,SHORT,SHORT,1.092726625276272,-3.8213754691232538
2024-04-14 16:00:00,64168.62,0.6755553909054642,-0.007645882229570411,-0.0051652169584145815,HIGH_OSCILLATION,0.6,True,是,SHORT,SHORT,1.0496625425226986,-3.486931317004193
2024-04-28 12:00:00,63540.0,-0.6846077874263712,0.006901447952941675,-0.004724785013101659,LOW_OSCILLATION,0.6,True,是,LONG,LONG,0.577323604466892,-0.4561556518517882
2024-04-28 16:00:00,63730.49,-0.7248617991683971,0.007873507463997842,-0.0057072047861192795,LOW_OSCILLATION,0.6,True,是,LONG,LONG,0.4475778079785855,-0.1427275277207191
2024-04-28 20:00:00,63118.62,-0.7511571595171977,0.008688455294539654,-0.006526395399638564,LOW_OSCILLATION,0.6,True,是,LONG,LONG,1.1504784355170923,-0.9975938663649988
2024-04-29 00:00:00,62279.67,-0.767377771866099,0.009343064397558831,-0.007169659939800173,LOW_OSCILLATION,0.6,True,是,LONG,LONG,1.1468279317443724,-2.0977872025658644
2024-04-29 04:00:00,62399.98,-0.7788005654741874,0.00991243269862363,-0.007719808190912909,LOW_OSCILLATION,0.6,True,是,LONG,LONG,1.3430616524358114,-1.7300300510638122
2024-05-06 20:00:00,63165.19,0.6958206863653912,-0.008761778276791476,-0.00609662657433842,HIGH_OSCILLATION,0.6,True,是,SHORT,SHORT,0.49402629691798716,0.005462286477716184
2024-05-11 00:00:00,60731.9,0.7173620345582186,-0.009019310638815448,-0.006470111030173235,HIGH_OSCILLATION,0.6,True,是,SHORT,SHORT,0.47079550556278693,-2.030948138075819
2024-05-19 08:00:00,67330.0,0.703526379541973,-0.005432246940072105,-0.003821729022526889,HIGH_OSCILLATION,0.6,False,否,SHORT,SHORT,1.1055926096012203,1.4465420386694432
2024-05-19 12:00:00,66889.88,0.7671462456800435,-0.006381254469898012,-0.0048953554093112564,HIGH_OSCILLATION,0.6,True,是,SHORT,SHORT,0.9507124394456424,0.708271456174199
2024-05-19 16:00:00,66034.01,0.8360798664066423,-0.007406170019294889,-0.006192149640316951,HIGH_OSCILLATION,0.6,False,否,SHORT,SHORT,1.1965295088174592,-0.525334470940093
2024-05-19 20:00:00,66274.01,0.8992603520706317,-0.008397306208692612,-0.00755136453767382,HIGH_OSCILLATION,0.6,True,是,SHORT,SHORT,0.5748819373247646,-0.1482183414598275
2024-05-20 00:00:00,66675.22,0.9519638800030711,-0.009339190662108976,-0.008890572178789712,HIGH_OSCILLATION,0.6,True,是,SHORT,SHORT,0.8783687566944188,0.41263186304814303
2024-06-08 16:00:00,69460.01,-0.665730580442217,0.0051036088514860856,-0.003397628483049868,LOW_OSCILLATION,0.6,True,是,LONG,LONG,0.3844998444208153,-0.8532645409491221
2024-06-08 20:00:00,69310.46,-0.6808258088783049,0.005726473652589714,-0.0038987310565446933,LOW_OSCILLATION,0.6,True,是,LONG,LONG,0.24920456871884958,-0.966119240350457
2024-06-09 00:00:00,69259.38,-0.6955753976999792,0.006329648197982651,-0.00440274756261274,LOW_OSCILLATION,0.6,True,是,LONG,LONG,0.334272554402378,-0.941073588855176
2024-06-09 04:00:00,69295.64,-0.7093028058045707,0.006908584318695232,-0.004900278241387987,LOW_OSCILLATION,0.6,True,是,LONG,LONG,0.29714267263424715,-0.8052073721592942
2024-06-09 08:00:00,69367.69,-0.7194897541187194,0.00744856650311132,-0.005359167281860493,LOW_OSCILLATION,0.6,True,是,LONG,LONG,0.25389353861486436,-0.6356310068662122
2024-06-09 12:00:00,69508.64,-0.7374858145173132,0.00797142069853396,-0.005878809686718487,LOW_OSCILLATION,0.6,True,是,LONG,LONG,1.0826434237611313,-0.39258453059944726
2024-06-09 16:00:00,69710.26,-0.7560761392824232,0.008469137949097316,-0.006403313123603759,LOW_OSCILLATION,0.6,True,是,LONG,LONG,0.5706344437335017,-0.09379563020950989
2024-06-09 20:00:00,69648.14,-0.773083944634041,0.008920844264165506,-0.006896561473207028,LOW_OSCILLATION,0.6,True,是,LONG,LONG,0.3260561329203628,-0.16544077096567095
2024-06-10 00:00:00,69613.2,-0.7901129795425172,0.00933106502847969,-0.007372595591957072,LOW_OSCILLATION,0.6,True,是,LONG,LONG,0.6558251508505618,-0.1950381431451406
2024-06-10 04:00:00,69303.99,-0.8033261746483701,0.009682651018382726,-0.007778327003052541,LOW_OSCILLATION,0.6,True,是,LONG,LONG,0.7115336394494094,-0.5779104645165772
2024-07-05 08:00:00,55486.5,0.6842776315580915,-0.009742823119985311,-0.0066667959292329645,HIGH_OSCILLATION,0.6,False,否,SHORT,SHORT,1.8154356423596645,-5.345902692182039
2024-07-13 08:00:00,58534.0,0.6604013679537448,-0.00925455153143162,-0.006111718491155866,HIGH_OSCILLATION,0.6,True,是,SHORT,SHORT,0.7499166875518651,1.353905828368219
2024-07-13 12:00:00,58830.63,0.6625260771744715,-0.008774485854567748,-0.005813325692449661,HIGH_OSCILLATION,0.6,True,是,SHORT,SHORT,0.7470801054573473,1.6866721189526368
2024-07-13 16:00:00,58624.38,0.6605054531659855,-0.0082964300553382,-0.00547983729336106,HIGH_OSCILLATION,0.6,True,是,SHORT,SHORT,0.4437152002264965,1.2019701071237032
2024-07-13 20:00:00,59204.02,0.6604210166459427,-0.007798301586396272,-0.005150162261799493,HIGH_OSCILLATION,0.6,False,否,SHORT,SHORT,1.2400416157487388,1.9886477603303845
2024-07-14 00:00:00,59466.15,0.6596481604703937,-0.0073240192298433815,-0.004831275812215976,HIGH_OSCILLATION,0.6,False,否,SHORT,SHORT,0.8707625248575387,2.202689737367232
2024-07-14 04:00:00,60062.01,0.6577661656389985,-0.00687161966691463,-0.004519918920035968,HIGH_OSCILLATION,0.6,False,否,SHORT,SHORT,1.2467004915519018,2.91052003827031
2024-07-14 08:00:00,60099.1,0.6580625966571159,-0.006504352276406222,-0.004280270948584501,HIGH_OSCILLATION,0.6,False,否,SHORT,SHORT,0.7781503901778298,2.6832253344260364
2024-07-14 12:00:00,60084.0,0.6665363825461015,-0.0062446109815536,-0.004162260414052397,HIGH_OSCILLATION,0.6,False,否,SHORT,SHORT,0.8463321250298677,2.3982680774010023
2024-07-14 16:00:00,59915.99,0.6809250249163401,-0.006110566407887319,-0.004160837583543624,HIGH_OSCILLATION,0.6,True,是,SHORT,SHORT,0.3643331118808203,1.90696428588406
2024-07-14 20:00:00,60797.91,0.6901492018473852,-0.0060162015625503384,-0.0041520767065471075,HIGH_OSCILLATION,0.6,False,否,SHORT,SHORT,1.7271081570284346,3.072519072487724
2024-07-15 00:00:00,62647.87,0.6886844627220798,-0.005911247924367702,-0.00407098460081018,HIGH_OSCILLATION,0.6,False,否,SHORT,SHORT,2.3449541435927928,5.5844744497032135
2024-07-15 04:00:00,62840.12,0.6934542368420532,-0.005980441728258845,-0.004147162654648107,HIGH_OSCILLATION,0.6,False,否,SHORT,SHORT,1.3208529844847592,5.3158597538952455
2024-07-15 08:00:00,62454.0,0.71523353053848,-0.006276511521563388,-0.00448917149503323,HIGH_OSCILLATION,0.6,False,否,SHORT,SHORT,1.1449733352510238,4.2054065951538195
2024-07-15 12:00:00,63026.0,0.7424997617453349,-0.0067006380071059635,-0.004975222123817914,HIGH_OSCILLATION,0.6,False,否,SHORT,SHORT,1.695324055961436,4.6455589727446585
2024-07-15 16:00:00,63342.0,0.7753260521295995,-0.0072760985296096425,-0.005641348747868228,HIGH_OSCILLATION,0.6,False,否,SHORT,SHORT,2.08501937445038,4.654907395384567
2024-07-15 20:00:00,64724.14,0.8042812833905967,-0.00789066246759973,-0.0063463121362431225,HIGH_OSCILLATION,0.6,False,否,SHORT,SHORT,1.4823197988896053,6.236485020542315
2024-07-16 00:00:00,64752.14,0.8404281303300689,-0.008680351914744144,-0.007295211930315455,HIGH_OSCILLATION,0.6,False,否,SHORT,SHORT,1.0887316747547395,5.650308153999937
2024-07-16 04:00:00,62895.01,0.9092165530824846,-0.00979567198549458,-0.00890638711777804,HIGH_OSCILLATION,0.6,False,否,SHORT,SHORT,2.212804182825999,2.364750927454452
2024-07-21 12:00:00,67164.0,0.7668766249354312,-0.009902344418103004,-0.007593876466303038,HIGH_OSCILLATION,0.6,True,是,SHORT,SHORT,0.7567759557032327,1.6748009884754476
2024-07-21 16:00:00,67422.02,0.7146739338498022,-0.009015687411121465,-0.006443276788466316,HIGH_OSCILLATION,0.6,False,否,SHORT,SHORT,2.327347037305496,1.865025838686227
2024-07-21 20:00:00,68165.34,0.662702177436753,-0.008165842904637732,-0.005411521873509885,HIGH_OSCILLATION,0.6,False,否,SHORT,SHORT,1.27512736682136,2.695825596413532
2024-08-03 12:00:00,60879.0,-0.6518540834684107,0.00988233865224164,-0.006441842804681423,LOW_OSCILLATION,0.6,True,是,LONG,LONG,0.6903685742383346,-4.148192253370288
2024-08-10 12:00:00,60515.89,-1.071787622710615,0.00995131620128964,-0.010665697534221849,LOW_OSCILLATION,0.6,True,是,LONG,LONG,0.25802225411072405,1.6082702630183652
2024-08-10 16:00:00,61016.45,-1.0166683320733496,0.00916842021401898,-0.00932124248673426,LOW_OSCILLATION,0.6,True,是,LONG,LONG,0.3146504154920882,2.2103607967469894
2024-08-10 20:00:00,60923.51,-0.9576374428311857,0.008336544803382195,-0.007983387447558535,LOW_OSCILLATION,0.6,True,是,LONG,LONG,0.198418240408975,1.855360498194307
2024-08-11 00:00:00,61085.01,-0.8978976520352562,0.007476635547698063,-0.006713253503401422,LOW_OSCILLATION,0.6,True,是,LONG,LONG,0.2888169896169199,1.919065074395005
2024-08-11 04:00:00,61257.0,-0.8384333118590455,0.00660014417237198,-0.005533780737189018,LOW_OSCILLATION,0.6,True,是,LONG,LONG,0.26406237423374446,1.991744400378688
2024-08-11 08:00:00,60669.15,-0.7748085792468592,0.0056896885512545126,-0.00440841950275463,LOW_OSCILLATION,0.6,True,是,LONG,LONG,0.8145473793726692,0.9156271493212594
2024-08-11 12:00:00,60127.29,-0.7098269683164252,0.004765331126353467,-0.0033825605464433773,LOW_OSCILLATION,0.6,True,是,LONG,LONG,0.9194750041813249,0.01294702013296363
2024-08-24 20:00:00,64157.01,0.6850708017458674,-0.005701106810927836,-0.0039056618138011583,HIGH_OSCILLATION,0.6,False,否,SHORT,SHORT,0.5452737497357881,2.7825806167621367
2024-08-25 00:00:00,64101.01,0.7267020624204552,-0.006257262688461496,-0.004547165700811531,HIGH_OSCILLATION,0.6,False,否,SHORT,SHORT,0.6293416368846918,2.4301700325506146
2024-08-25 04:00:00,63868.26,0.771501796485649,-0.006869542909645032,-0.005299864695826394,HIGH_OSCILLATION,0.6,True,是,SHORT,SHORT,0.4140249888927547,1.858580502284824
2024-08-25 08:00:00,63873.91,0.8177523518773634,-0.007516586641457712,-0.006146706404142016,HIGH_OSCILLATION,0.6,True,是,SHORT,SHORT,0.44840067354913427,1.686725311491287
2024-08-25 12:00:00,64132.16,0.8614169396969931,-0.008174295929840314,-0.0070414769840606295,HIGH_OSCILLATION,0.6,True,是,SHORT,SHORT,0.48103282988043056,1.8942765262372836
2024-08-25 16:00:00,64187.41,0.9026689484308278,-0.00883597697275873,-0.007975962042359131,HIGH_OSCILLATION,0.6,True,是,SHORT,SHORT,0.30118802218843727,1.7899124089203047
2024-08-25 20:00:00,64220.0,0.941305601432315,-0.009488066440554888,-0.008931170087256282,HIGH_OSCILLATION,0.6,True,是,SHORT,SHORT,0.9479968164897405,1.6632872199659618
2024-08-29 20:00:00,59359.01,1.020838955681897,-0.00947029512053632,-0.009667646180847663,HIGH_OSCILLATION,0.6,True,是,SHORT,SHORT,0.5776553979666287,-1.787277942922319
2024-08-30 00:00:00,59032.01,0.9624812276011718,-0.008646428915029647,-0.008322025516504003,HIGH_OSCILLATION,0.6,True,是,SHORT,SHORT,0.5243010334947245,-2.11125437824943
2024-08-30 04:00:00,59271.1,0.8979465120959288,-0.0078071357450982815,-0.007010390311770452,HIGH_OSCILLATION,0.6,True,是,SHORT,SHORT,0.7825832246453127,-1.554012564557288
2024-08-30 08:00:00,59396.0,0.8283563597767682,-0.006966395621860633,-0.00577065811808929,HIGH_OSCILLATION,0.6,True,是,SHORT,SHORT,0.6020738274746197,-1.219881191384241
2024-08-30 12:00:00,58094.99,0.7724813050668503,-0.006213604208355039,-0.004799893088038974,HIGH_OSCILLATION,0.6,False,否,SHORT,SHORT,1.8383574091120236,-3.071213840522728
2024-08-30 16:00:00,58700.02,0.7148910351338105,-0.005478652429342645,-0.003916639506351129,HIGH_OSCILLATION,0.6,False,否,SHORT,SHORT,1.1160780176112464,-1.8690623989205462
2024-08-30 20:00:00,59123.99,0.6578825760409128,-0.0047877790088756145,-0.003149796387873698,HIGH_OSCILLATION,0.6,True,是,SHORT,SHORT,0.3082878179494195,-1.0509534033850976
2024-09-10 16:00:00,57952.01,-0.6734720314099971,0.0022178179292661193,-0.0014936383461203666,LOW_OSCILLATION,0.6,True,是,LONG,LONG,1.2943099867879593,3.3434579689455965
2024-09-10 20:00:00,57635.99,-0.698863755290805,0.0021487160837915242,-0.0015016597913722967,LOW_OSCILLATION,0.6,True,是,LONG,LONG,0.6102237224609924,2.508517431088916
2024-09-11 00:00:00,56819.55,-0.7189993787892038,0.0020751023523818413,-0.0014919973022865594,LOW_OSCILLATION,0.6,True,是,LONG,LONG,1.1707415883203762,0.954863850031884
2024-09-11 04:00:00,56712.0,-0.7341081398199041,0.0020359318453235797,-0.0014945941397705978,LOW_OSCILLATION,0.6,True,是,LONG,LONG,1.0730931471695915,0.6905304284486687
2024-09-11 08:00:00,56797.99,-0.7503957321352713,0.0020390219752711713,-0.0015300733879735177,LOW_OSCILLATION,0.6,True,是,LONG,LONG,1.0274632706705444,0.76228598689548
2024-09-11 12:00:00,56701.23,-0.765667592159109,0.00207498785286675,-0.0015887509530638838,LOW_OSCILLATION,0.6,True,是,LONG,LONG,2.335585848196947,0.5340784054027023
2024-09-11 16:00:00,57585.5,-0.7795742711540273,0.0021768152529241247,-0.001696989164235294,LOW_OSCILLATION,0.6,True,是,LONG,LONG,1.4886514457145947,1.897949281839531
2024-09-11 20:00:00,57338.0,-0.7917887265420852,0.0022748877914527954,-0.0018012305074205455,LOW_OSCILLATION,0.6,True,是,LONG,LONG,0.3316207803313814,1.319114824355066
2024-09-12 00:00:00,58232.72,-0.8078957899811354,0.00242628405851375,-0.0019601846761716016,LOW_OSCILLATION,0.6,True,是,LONG,LONG,0.9951705458601658,2.6166995907845187
2024-09-12 04:00:00,58138.16,-0.820543456673651,0.0025699971385652054,-0.0021087943357196858,LOW_OSCILLATION,0.6,True,是,LONG,LONG,0.7784087353217624,2.21156734609108
2024-09-12 08:00:00,58057.99,-0.8317021395108943,0.0027097155291569974,-0.00225367620306577,LOW_OSCILLATION,0.6,True,是,LONG,LONG,0.7070413274451606,1.8697327793868384
2024-09-12 12:00:00,57512.03,-0.8362714040615885,0.00282358641731395,-0.0023612845776963677,LOW_OSCILLATION,0.6,True,是,LONG,LONG,1.7878936950081863,0.8242282924847414
2024-09-12 16:00:00,58388.0,-0.8401912328756219,0.0029729559473336,-0.00249785152267513,LOW_OSCILLATION,0.6,True,是,LONG,LONG,1.1316136514891009,2.1303502188791166
2024-09-12 20:00:00,58132.32,-0.8369091169589568,0.0030847357128225283,-0.0025816434414700604,LOW_OSCILLATION,0.6,True,是,LONG,LONG,0.756086836323614,1.5203886582064217
2024-09-13 00:00:00,57845.97,-0.8194668390511001,0.003141627838084027,-0.0025744598339496588,LOW_OSCILLATION,0.6,True,是,LONG,LONG,0.4922577651723539,0.9222471915099543
2024-09-13 04:00:00,58109.31,-0.7981686169382544,0.003165225601773347,-0.002526383740864986,LOW_OSCILLATION,0.6,True,是,LONG,LONG,0.44368528629442683,1.2484568514184802
2024-09-13 08:00:00,57871.1,-0.7697139096378808,0.003128785752693264,-0.0024082699141248316,LOW_OSCILLATION,0.6,True,是,LONG,LONG,0.5797279632654768,0.7534347964397008
2024-09-13 12:00:00,59667.38,-0.7498648498841304,0.0031306941088558027,-0.002347597467970288,LOW_OSCILLATION,0.6,True,是,LONG,LONG,2.0785827255176756,3.4982287302713617
2024-09-13 16:00:00,59743.99,-0.7230825376172775,0.003070186706503053,-0.0022199983946970593,LOW_OSCILLATION,0.6,True,是,LONG,LONG,1.270632189042993,3.273972814327955
2024-09-13 20:00:00,60498.0,-0.7011551748699233,0.0029922639269510665,-0.0020980413369583385,LOW_OSCILLATION,0.6,True,是,LONG,LONG,1.2080036276407264,4.123446104008219
2024-09-14 00:00:00,60329.37,-0.6813897040394679,0.0028716859026897135,-0.001956737207328056,LOW_OSCILLATION,0.6,True,是,LONG,LONG,0.4618066901194791,3.4555328197160216
2024-09-14 04:00:00,60138.14,-0.6563620954215864,0.0027156451702576856,-0.0017824465543718453,LOW_OSCILLATION,0.6,True,是,LONG,LONG,0.5105639027931096,2.821332199777848
2024-09-21 00:00:00,62889.57,0.7091596726716025,-0.0012969752221912434,-0.0009197625240323211,HIGH_OSCILLATION,0.6,True,是,SHORT,SHORT,0.32569473057015497,1.1629144946423582
2024-09-21 04:00:00,63091.02,0.8182950656141758,-0.0032856351907148973,-0.002688619063970292,HIGH_OSCILLATION,0.6,True,是,SHORT,SHORT,0.24509244630208687,1.3434449203777696
2024-09-21 08:00:00,63089.77,0.9187973416350771,-0.005275163887908607,-0.004846806556899786,HIGH_OSCILLATION,0.6,True,是,SHORT,SHORT,0.2161445224456434,1.2121325592460857
2024-09-21 12:00:00,63167.98,1.0154801392213233,-0.0072147428020636895,-0.007326428025085675,HIGH_OSCILLATION,0.6,True,是,SHORT,SHORT,0.33558909326226083,1.2086710653765873
2024-09-21 16:00:00,63203.59,1.1061988625755854,-0.009087846114921305,-0.010052965035587901,HIGH_OSCILLATION,0.6,True,是,SHORT,SHORT,0.3852376677862944,1.143801806987796
2024-09-25 08:00:00,63838.01,0.7202199276634464,-0.009581263081656743,-0.00690061660359527,HIGH_OSCILLATION,0.6,True,是,SHORT,SHORT,0.7844187936242466,0.4383828149237501
2024-09-25 12:00:00,63495.66,0.661477917235927,-0.008455663074100395,-0.005593234399104665,HIGH_OSCILLATION,0.6,True,是,SHORT,SHORT,1.0399492629863123,-0.09070867908702508
2024-10-09 20:00:00,60636.02,-0.6748041018869267,0.0002766863510950124,-0.00018670908465504073,LOW_OSCILLATION,0.6,True,是,LONG,LONG,1.0847068318348034,-2.4147410396360547
2024-10-10 00:00:00,60865.29,-0.7234923897297744,0.0013107651028766432,-0.0009483285766546161,LOW_OSCILLATION,0.6,True,是,LONG,LONG,0.7810618277662497,-1.8545415292708467
2024-10-10 04:00:00,60900.0,-0.7764072918149793,0.0024302290325101117,-0.001886847541621313,LOW_OSCILLATION,0.6,True,是,LONG,LONG,0.4647351903757566,-1.6300712139527513
2024-10-10 08:00:00,61262.0,-0.8302800111001287,0.0036277702951383883,-0.0030120651609162183,LOW_OSCILLATION,0.6,True,是,LONG,LONG,0.7513178583667424,-0.9467295601600932
2024-10-10 12:00:00,60789.36,-0.88079247081412,0.004835055854504278,-0.004258680792613099,LOW_OSCILLATION,0.6,True,是,LONG,LONG,1.467462182569545,-1.5505121159583755
2024-10-10 16:00:00,59727.28,-0.9360547121452153,0.006035448190563564,-0.005649509718685337,LOW_OSCILLATION,0.6,True,是,LONG,LONG,2.262050662480486,-2.968333203308676
2024-10-10 20:00:00,60326.39,-0.9940728356938096,0.0073115118593979345,-0.007268175327280623,LOW_OSCILLATION,0.6,True,是,LONG,LONG,0.9314512653488909,-1.8084649634360068
2024-10-11 00:00:00,60614.0,-1.0490096813569292,0.008605734493935313,-0.009027498799325417,LOW_OSCILLATION,0.6,True,是,LONG,LONG,0.6966455640470125,-1.2142298692183022
2024-10-11 04:00:00,60674.69,-1.1035898248017004,0.009881620271112501,-0.010905255583753977,LOW_OSCILLATION,0.6,True,是,LONG,LONG,0.5971068530163174,-1.0101722777571391
2024-10-14 20:00:00,66083.99,-0.8851237696294256,0.009537788868848374,-0.008442123637524649,LOW_OSCILLATION,0.6,True,是,LONG,LONG,1.108584543121349,3.626017891573979
2024-10-15 00:00:00,65400.0,-0.8341990083270272,0.008471686097627495,-0.00706707214149872,LOW_OSCILLATION,0.6,True,是,LONG,LONG,1.0648288305446276,2.30466521211599
2024-10-15 04:00:00,65638.74,-0.7810169332355897,0.0073971514539581396,-0.005777300543249569,LOW_OSCILLATION,0.6,True,是,LONG,LONG,0.9852002203614005,2.4169001920222755
2024-10-15 08:00:00,65399.69,-0.729362774215904,0.006323069538599846,-0.0046118115402332596,LOW_OSCILLATION,0.6,True,是,LONG,LONG,1.1063116597479385,1.8456570686428526
2024-10-15 12:00:00,66022.0,-0.6816503596451414,0.005305065299706091,-0.0036161996694856167,LOW_OSCILLATION,0.6,True,是,LONG,LONG,4.672212579537776,2.5398863298137724
2024-10-23 12:00:00,66223.44,0.6836533750667432,-0.00012323748024278824,-8.425171930270326e-05,HIGH_OSCILLATION,0.6,False,否,SHORT,SHORT,1.6076986087022882,-1.7001273390534144
2024-10-23 16:00:00,66472.0,0.7062978408651734,-0.00041832198499691664,-0.0002954599147897557,HIGH_OSCILLATION,0.6,False,否,SHORT,SHORT,1.7574788148463263,-1.2059235951237857
2024-10-23 20:00:00,66668.65,0.7263881279731432,-0.0006907644568238114,-0.0005017631006626335,HIGH_OSCILLATION,0.6,True,是,SHORT,SHORT,0.4930073148778991,-0.8273577492419658
2024-10-24 00:00:00,67213.16,0.7448842242533157,-0.0009387423380526894,-0.0006992543582541213,HIGH_OSCILLATION,0.6,True,是,SHORT,SHORT,0.901980112843005,-0.015719968717798453
2024-10-24 04:00:00,67123.08,0.7617296729897555,-0.001218409054213554,-0.0009280983304338477,HIGH_OSCILLATION,0.6,True,是,SHORT,SHORT,0.4942379075360747,-0.1354805183673746
2024-10-24 08:00:00,67285.99,0.7765395627394455,-0.0015112206947791584,-0.0011735226575266087,HIGH_OSCILLATION,0.6,True,是,SHORT,SHORT,0.8306483028710304,0.09670383733696196
2024-10-24 12:00:00,67701.22,0.7729962079333451,-0.0017800964225609395,-0.0013760077843953198,HIGH_OSCILLATION,0.6,False,否,SHORT,SHORT,1.23149695584701,0.6459339328643819
2024-10-24 16:00:00,68309.79,0.7609399674276475,-0.002006828156754903,-0.0015270757522339617,HIGH_OSCILLATION,0.6,True,是,SHORT,SHORT,0.8927656264302392,1.4008963808924555
2024-10-24 20:00:00,68198.28,0.7470704122132922,-0.0022470641595752072,-0.001678715147963565,HIGH_OSCILLATION,0.6,True,是,SHORT,SHORT,0.7840469781684103,1.1164003476534363
2024-10-25 00:00:00,68008.0,0.7382634453731981,-0.0025125119156074183,-0.0018548957033575465,HIGH_OSCILLATION,0.6,True,是,SHORT,SHORT,0.5469626417473332,0.7542214345125242
2024-10-25 04:00:00,67531.97,0.7301525065472872,-0.0028162241869286175,-0.002056273149085026,HIGH_OSCILLATION,0.6,True,是,SHORT,SHORT,0.8299193348362984,0.044313536130194967
2024-10-25 08:00:00,68105.79,0.7179627845246113,-0.00308731379217686,-0.0022165764069325355,HIGH_OSCILLATION,0.6,True,是,SHORT,SHORT,0.8919988288054549,0.8085225017716815
2024-10-25 12:00:00,67690.01,0.7132331368711763,-0.0034080524977997406,-0.0024307359736273565,HIGH_OSCILLATION,0.6,False,否,SHORT,SHORT,1.507560057817409,0.17467299332592753
2024-10-25 16:00:00,66850.0,0.7121422423191394,-0.003788966066448629,-0.0026982827906318558,HIGH_OSCILLATION,0.6,False,否,SHORT,SHORT,2.9364994117476293,-0.9676871709181137
2024-10-25 20:00:00,66698.33,0.7071708253585937,-0.00415980027257834,-0.002941689392086128,HIGH_OSCILLATION,0.6,False,否,SHORT,SHORT,1.552011523699411,-1.0800399253440358
2024-10-26 00:00:00,66914.0,0.6922140098525359,-0.0044796089584580034,-0.0031008480797055566,HIGH_OSCILLATION,0.6,True,是,SHORT,SHORT,0.8379299854718777,-0.6882809545608645
2024-10-26 04:00:00,67007.99,0.6786220365525044,-0.004769347603342133,-0.0032365843836068445,HIGH_OSCILLATION,0.6,True,是,SHORT,SHORT,0.3705601916248071,-0.4967783738568683
2024-10-26 08:00:00,67138.0,0.6586527185858304,-0.005020285485563325,-0.0033066246831432696,HIGH_OSCILLATION,0.6,True,是,SHORT,SHORT,0.3421202249946562,-0.2748743318307222
2024-10-26 12:00:00,66886.49,0.6549112221271824,-0.005296346061806623,-0.003468636472146265,HIGH_OSCILLATION,0.6,True,是,SHORT,SHORT,0.5959382954971202,-0.5870654329350916
2024-10-26 16:00:00,67177.99,0.6533514709039936,-0.005570571505423061,-0.0036395410868440307,HIGH_OSCILLATION,0.6,True,是,SHORT,SHORT,0.3129158341163856,-0.1391826929212966
2024-11-01 00:00:00,69369.99,0.6866165573593608,-0.008007072721692321,-0.005497788706694429,HIGH_OSCILLATION,0.6,False,否,SHORT,SHORT,1.13283539751066,-2.0919648002105955
2024-11-01 04:00:00,69273.7,0.7397010464246443,-0.008412920728172013,-0.006223046266116418,HIGH_OSCILLATION,0.6,True,是,SHORT,SHORT,0.6567534947373979,-2.0199755285444
2024-11-01 08:00:00,70002.01,0.7810062043269509,-0.008709436834082651,-0.0068021242036122274,HIGH_OSCILLATION,0.6,True,是,SHORT,SHORT,0.7608710064385856,-0.8964337866125813
2024-11-01 12:00:00,69387.77,0.8287589001669425,-0.0090231912600931,-0.0074780500647107255,HIGH_OSCILLATION,0.6,False,否,SHORT,SHORT,2.1124646400223472,-1.6005272444871987
2024-11-01 16:00:00,69268.0,0.866247297909681,-0.009303494057202988,-0.008059126588170864,HIGH_OSCILLATION,0.6,False,否,SHORT,SHORT,1.412262714441894,-1.604472431220138
2024-11-01 20:00:00,69496.01,0.8972316065118368,-0.009509659575856477,-0.008532367138626379,HIGH_OSCILLATION,0.6,True,是,SHORT,SHORT,0.37863630486809663,-1.160037615616573
2024-11-02 00:00:00,69599.99,0.9241096587465272,-0.009664517346997026,-0.008931073827483314,HIGH_OSCILLATION,0.6,True,是,SHORT,SHORT,0.3715307579671693,-0.9166412263430493
2024-11-02 04:00:00,69813.91,0.9421416982325669,-0.009766046985644095,-0.009201000092073768,HIGH_OSCILLATION,0.6,True,是,SHORT,SHORT,0.26566791957247776,-0.5541297988650942
2024-11-02 08:00:00,69608.0,0.9592570433973607,-0.009849011358980975,-0.00944773351660311,HIGH_OSCILLATION,0.6,True,是,SHORT,SHORT,0.2681112698809205,-0.7673477238590133
2024-11-02 12:00:00,69393.17,0.9585122641120537,-0.009891974535886638,-0.009481578908931483,HIGH_OSCILLATION,0.6,True,是,SHORT,SHORT,0.7028833603398073,-0.9723536447711961
2024-11-02 16:00:00,69510.0,0.9470896676910573,-0.009840321413618902,-0.00931966673759752,HIGH_OSCILLATION,0.6,True,是,SHORT,SHORT,0.3303372295361639,-0.729464100702386
2024-11-02 20:00:00,69374.74,0.9214354757822345,-0.009701547468720095,-0.008939350007664033,HIGH_OSCILLATION,0.6,True,是,SHORT,SHORT,0.26000428260973557,-0.8354994592080891
2024-11-03 00:00:00,68379.89,0.8950573099127943,-0.009520546282581699,-0.00852143454458783,HIGH_OSCILLATION,0.6,False,否,SHORT,SHORT,1.2999163304136132,-2.046938631716451
2024-11-03 04:00:00,68397.42,0.8581771629289796,-0.009214461130873541,-0.007907640111212413,HIGH_OSCILLATION,0.6,True,是,SHORT,SHORT,0.45628230367941486,-1.8328013757238308
2024-11-03 08:00:00,68358.86,0.8145580745413102,-0.008801890261818546,-0.007169650783990823,HIGH_OSCILLATION,0.6,True,是,SHORT,SHORT,0.5757028312255743,-1.7113987111746345
2024-11-03 12:00:00,68090.9,0.7619221149607964,-0.008298713187082307,-0.006322973102954803,HIGH_OSCILLATION,0.6,False,否,SHORT,SHORT,1.3544142367132066,-1.9007920817145043
2024-11-03 16:00:00,68679.0,0.6955502480096681,-0.0076566116103917725,-0.005325558104521702,HIGH_OSCILLATION,0.6,True,是,SHORT,SHORT,1.0584265811093088,-0.9541337734123473
2024-11-06 08:00:00,74272.01,-0.6579703994409607,0.0068322167958619895,-0.004495396414240554,LOW_OSCILLATION,0.6,True,是,LONG,LONG,1.8433728268354852,5.703044823530422
2024-11-06 12:00:00,74298.0,-0.7177239019041705,0.007154850705759386,-0.005135207366079434,LOW_OSCILLATION,0.6,True,是,LONG,LONG,1.7068647427573644,5.1651274333917145
2024-11-06 16:00:00,75823.55,-0.7617341228748729,0.007350610565090454,-0.00559921089139395,LOW_OSCILLATION,0.6,True,是,LONG,LONG,1.3306846558697547,6.580992391477265
2024-11-06 20:00:00,75571.99,-0.7826629529683468,0.007265006979014554,-0.005686051815531179,LOW_OSCILLATION,0.6,True,是,LONG,LONG,1.041115174372171,5.6010845663533875
2024-11-07 00:00:00,75048.01,-0.7797063880383445,0.0069122522264198905,-0.005389527216671857,LOW_OSCILLATION,0.6,True,是,LONG,LONG,0.8041755575423648,4.384859912679107
2024-11-07 04:00:00,74757.58,-0.7551880184674682,0.006337642503542074,-0.0047861116840051425,LOW_OSCILLATION,0.6,True,是,LONG,LONG,0.6042782603847489,3.588161461835197
2024-11-07 08:00:00,74746.0,-0.7083096307091061,0.005569837366681263,-0.003945169448303786,LOW_OSCILLATION,0.6,True,是,LONG,LONG,0.4182071783489432,3.2209563595091923
2024-11-07 12:00:00,76059.69,-0.6503645934601474,0.004691616562046641,-0.003051261298046358,LOW_OSCILLATION,0.6,True,是,LONG,LONG,0.821753380638692,4.533829749740225
2024-11-30 16:00:00,97019.68,-0.6567846331464863,0.004761821928335075,-0.003127491468310446,LOW_OSCILLATION,0.6,True,是,LONG,LONG,0.3794752796374135,0.77876528768406
2024-11-30 20:00:00,96407.99,-0.6661117487287695,0.004554675323753199,-0.003033922744797018,LOW_OSCILLATION,0.6,True,是,LONG,LONG,0.392477921428871,0.12970252237195903
2024-12-01 00:00:00,96336.75,-0.6758339942308509,0.00440004745328193,-0.00297370164515681,LOW_OSCILLATION,0.6,True,是,LONG,LONG,0.8833017216159764,0.05040377308208416
2024-12-01 04:00:00,96472.97,-0.6877092440258541,0.004311063277278149,-0.0029647580673645767,LOW_OSCILLATION,0.6,True,是,LONG,LONG,0.338456624853311,0.17356935801767207
2024-12-01 08:00:00,97108.89,-0.703714532518753,0.004306015421166931,-0.0030302056291250283,LOW_OSCILLATION,0.6,True,是,LONG,LONG,0.7738255170159761,0.7538664769704442
2024-12-01 12:00:00,97028.02,-0.7207683461695019,0.004359170260839207,-0.0031419519395763516,LOW_OSCILLATION,0.6,True,是,LONG,LONG,0.9222315231655537,0.6057686986115922
2024-12-01 16:00:00,97178.73,-0.7384020656728537,0.004477177438681257,-0.0033059570691061366,LOW_OSCILLATION,0.6,True,是,LONG,LONG,0.8613750084953133,0.6889610237443362
2024-12-01 20:00:00,97185.18,-0.7571515868447861,0.0046526407392117886,-0.0035227543187129045,LOW_OSCILLATION,0.6,True,是,LONG,LONG,0.904082680877049,0.6289754889132279
2024-12-02 00:00:00,96483.75,-0.771203212185335,0.004856648729378521,-0.003745463100552541,LOW_OSCILLATION,0.6,True,是,LONG,LONG,1.5842540603846134,-0.08805050674263418
2024-12-02 04:00:00,95999.99,-0.7840171188582957,0.005097969780123668,-0.003996895579039217,LOW_OSCILLATION,0.6,True,是,LONG,LONG,1.5385551438225311,-0.5332031036210781
2024-12-02 08:00:00,95128.68,-0.7925398030749425,0.005361817996398233,-0.004249454178989138,LOW_OSCILLATION,0.6,True,是,LONG,LONG,1.725829307745577,-1.3009977513139293
2024-12-02 12:00:00,97048.0,-0.8080243205484071,0.005732314316580944,-0.004631849380825224,LOW_OSCILLATION,0.6,True,是,LONG,LONG,2.117095552759294,0.6241985054342714
2024-12-02 16:00:00,95816.0,-0.8188151935039414,0.006085008147618143,-0.004982497123865009,LOW_OSCILLATION,0.6,True,是,LONG,LONG,2.119247839289393,-0.5913587532197873
2024-12-02 20:00:00,95840.62,-0.8296545831829198,0.006465934221496883,-0.005364491961424174,LOW_OSCILLATION,0.6,True,是,LONG,LONG,0.9730574217030477,-0.5122044317245288
2024-12-03 00:00:00,96079.36,-0.8466806792175402,0.006884487059681699,-0.005828962179755667,LOW_OSCILLATION,0.6,True,是,LONG,LONG,0.9708412741325432,-0.2392605431709638
2024-12-03 04:00:00,95550.0,-0.8627005220548567,0.007311044042021986,-0.0063072415118184165,LOW_OSCILLATION,0.6,True,是,LONG,LONG,0.9167726079199573,-0.7143065323299599
2024-12-03 08:00:00,94988.01,-0.8778087304041713,0.007743576573052691,-0.006797379120378866,LOW_OSCILLATION,0.6,True,是,LONG,LONG,1.0456637749550075,-1.176078046335663
2024-12-03 12:00:00,95682.54,-0.9003127932430801,0.008226263326800876,-0.007406210113705209,LOW_OSCILLATION,0.6,True,是,LONG,LONG,3.0873552696892617,-0.4104875030971458
2024-12-03 16:00:00,95428.6,-0.9222834999871002,0.0087141007188688,-0.008036871310238423,LOW_OSCILLATION,0.6,True,是,LONG,LONG,1.3016265086241927,-0.6109228282235346
2024-12-03 20:00:00,95849.69,-0.9466800316236136,0.009222272694784706,-0.008730541406340372,LOW_OSCILLATION,0.6,True,是,LONG,LONG,1.0838662922352549,-0.15596742665211477
2024-12-04 00:00:00,95770.32,-0.9671559239955069,0.009714566621486287,-0.00939550065701948,LOW_OSCILLATION,0.6,True,是,LONG,LONG,0.9848621823041547,-0.21596600001132105
2024-12-07 04:00:00,99405.2,-0.9995785385335725,0.009889201344811305,-0.009885033427510724,LOW_OSCILLATION,0.6,True,是,LONG,LONG,0.31765088483449266,0.6031581783338866
2024-12-07 08:00:00,99620.0,-0.9710876358426327,0.009478392205141462,-0.00920434947808006,LOW_OSCILLATION,0.6,True,是,LONG,LONG,0.2263347513899091,0.741819764053866
2024-12-07 12:00:00,99756.01,-0.9469143112261895,0.009092751619453776,-0.00861005663688589,LOW_OSCILLATION,0.6,True,是,LONG,LONG,0.23949189425119666,0.7949469114809029
2024-12-07 16:00:00,100077.45,-0.9237188660575122,0.00874416185109983,-0.008077147269721292,LOW_OSCILLATION,0.6,True,是,LONG,LONG,0.22614257254116774,1.0120140184159274
2024-12-07 20:00:00,99831.99,-0.8988242881623828,0.008416264382424155,-0.007564742842518807,LOW_OSCILLATION,0.6,True,是,LONG,LONG,0.19807819414747838,0.6909720368604726
2024-12-08 00:00:00,99934.82,-0.8750227684886446,0.008128973538965134,-0.007113036931036206,LOW_OSCILLATION,0.6,True,是,LONG,LONG,0.18168482671912536,0.7184585945732718
2024-12-08 04:00:00,99675.11,-0.8503957592623737,0.007873095561313548,-0.006695247077608458,LOW_OSCILLATION,0.6,True,是,LONG,LONG,0.1836631900226618,0.41303603510794673
2024-12-08 08:00:00,99701.16,-0.8258662709666863,0.007661673129913837,-0.006327517417167601,LOW_OSCILLATION,0.6,True,是,LONG,LONG,0.3507421680359909,0.39727660153834876
2024-12-08 12:00:00,99912.01,-0.8039527094142719,0.007503075847210661,-0.006032118156305794,LOW_OSCILLATION,0.6,True,是,LONG,LONG,0.5046623571492039,0.551221714841931
2024-12-08 16:00:00,100100.98,-0.783818024564536,0.00739447294925244,-0.005795921179778946,LOW_OSCILLATION,0.6,True,是,LONG,LONG,0.34817690489158754,0.6703177981618382
2024-12-08 20:00:00,101109.59,-0.7700438208377243,0.007361732016252565,-0.0056688562497785285,LOW_OSCILLATION,0.6,True,是,LONG,LONG,0.5491242768450708,1.5217785685283007
2024-12-09 00:00:00,99090.84,-0.7467251119452523,0.007287128306963209,-0.005441481700776518,LOW_OSCILLATION,0.6,True,是,LONG,LONG,1.148649785498028,-0.45730680491952913
2024-12-09 04:00:00,99576.51,-0.7284832877405423,0.007276766725822226,-0.005301002948547956,LOW_OSCILLATION,0.6,True,是,LONG,LONG,1.0873166824236462,0.027664863822732023
2024-12-09 08:00:00,98088.47,-0.7054665859595353,0.0072533425381000605,-0.00511699079714852,LOW_OSCILLATION,0.6,True,是,LONG,LONG,1.4276826443340913,-1.329248917609409
2024-12-09 12:00:00,97812.0,-0.6852526513502605,0.0072719664270745055,-0.004983134274682885,LOW_OSCILLATION,0.6,True,是,LONG,LONG,2.4405244750976207,-1.4565078559716897
2024-12-09 16:00:00,97070.32,-0.6646601324243818,0.007312648043206749,-0.004860425616770694,LOW_OSCILLATION,0.6,True,是,LONG,LONG,1.7236633761162121,-1.9980485616733275
2024-12-09 20:00:00,97276.47,-0.6512076580855171,0.00741271979832081,-0.004827219899908641,LOW_OSCILLATION,0.6,True,是,LONG,LONG,3.897887557338291,-1.6222168338543719
2024-12-20 08:00:00,92723.98,0.663570807328021,-0.0029300593551545573,-0.0019443018518189301,HIGH_OSCILLATION,0.6,False,否,SHORT,SHORT,2.3009360596754,-7.7590900808978365
2024-12-20 12:00:00,96991.62,0.6656702870552149,-0.0030107392122951104,-0.0020041596356968777,HIGH_OSCILLATION,0.6,False,否,SHORT,SHORT,1.8297933654473242,-3.18972092874445
2024-12-20 16:00:00,97116.0,0.6618052733166965,-0.0030225701800400406,-0.0020003528841202956,HIGH_OSCILLATION,0.6,True,是,SHORT,SHORT,0.7888119640608214,-2.7817356358767737
2025-01-17 08:00:00,102237.6,0.6597161193247898,-0.009345663536627469,-0.006165484880899064,HIGH_OSCILLATION,0.6,False,否,SHORT,SHORT,1.094075674525242,3.328019377720409
2025-01-17 12:00:00,104000.0,0.6999534070975485,-0.009942922296248713,-0.006959582337765467,HIGH_OSCILLATION,0.6,False,否,SHORT,SHORT,1.7661350935404418,4.600239896250118
2025-01-22 08:00:00,105100.39,0.8285450669032562,-0.009620309002691285,-0.00797085956626485,HIGH_OSCILLATION,0.6,True,是,SHORT,SHORT,0.3260401199061099,0.6580063581340189
2025-01-22 12:00:00,104180.01,0.8068424740146901,-0.008978388290249106,-0.007244145020769113,HIGH_OSCILLATION,0.6,True,是,SHORT,SHORT,0.6469081158218599,-0.2022311036592033
2025-01-22 16:00:00,104630.0,0.7854969139831023,-0.008337567469220875,-0.006549133517198901,HIGH_OSCILLATION,0.6,True,是,SHORT,SHORT,0.4788478078082292,0.20699197242904738
2025-01-22 20:00:00,103706.66,0.7703319061624326,-0.0077728408911688085,-0.00598766733999137,HIGH_OSCILLATION,0.6,True,是,SHORT,SHORT,0.33008263390501796,-0.613205104096536
2025-01-23 00:00:00,102461.25,0.7640049540104348,-0.007286644043841939,-0.005567032147605869,HIGH_OSCILLATION,0.6,True,是,SHORT,SHORT,0.5495612650201165,-1.6374853224541654
2025-01-23 04:00:00,102710.27,0.7538245286118993,-0.0068033810855290255,-0.0051285555397660295,HIGH_OSCILLATION,0.6,True,是,SHORT,SHORT,0.47084602864917685,-1.2669306522856894
2025-01-23 08:00:00,101944.49,0.7499764274661406,-0.006367332522004832,-0.004775349297342154,HIGH_OSCILLATION,0.6,True,是,SHORT,SHORT,0.412373877153428,-1.8157541848772367
2025-01-23 12:00:00,105263.52,0.7310738597289009,-0.00581554573924048,-0.004251593470016502,HIGH_OSCILLATION,0.6,False,否,SHORT,SHORT,2.269862271329014,1.2477020579771914
2025-01-23 16:00:00,103770.04,0.7191701094010369,-0.0053919886043724,-0.003877757034495643,HIGH_OSCILLATION,0.6,False,否,SHORT,SHORT,1.3294316939704498,-0.17085110042399082
2025-01-23 20:00:00,103910.34,0.7031689226153295,-0.0049963959255359125,-0.0035133103399187095,HIGH_OSCILLATION,0.6,False,否,SHORT,SHORT,1.8777415706630969,-0.03246332908058771
2025-01-24 00:00:00,103891.75,0.6706634653150726,-0.004608486154138891,-0.0030907432939913204,HIGH_OSCILLATION,0.6,True,是,SHORT,SHORT,0.5751393307470207,-0.045555086880680815
2025-01-31 20:00:00,102429.56,-0.6696288158826863,0.0034094862372345824,-0.002283090231807709,LOW_OSCILLATION,0.6,True,是,LONG,LONG,1.2058230166824755,-1.3452103793448427
2025-02-01 00:00:00,102249.19,-0.698866588633854,0.003933918339038112,-0.002749284089567722,LOW_OSCILLATION,0.6,True,是,LONG,LONG,0.5160155415008905,-1.376263911807218
2025-02-01 04:00:00,102166.49,-0.7278976284786798,0.004487912481071277,-0.00326674085179165,LOW_OSCILLATION,0.6,True,是,LONG,LONG,0.3123459053643522,-1.3191912550644707
2025-02-01 08:00:00,102028.81,-0.7557148715167915,0.005068516626017705,-0.0038303533908116915,LOW_OSCILLATION,0.6,True,是,LONG,LONG,0.5993817338450268,-1.3156912874777187
2025-02-01 12:00:00,102073.89,-0.7794125685414778,0.0056707540412177515,-0.004419856972832493,LOW_OSCILLATION,0.6,True,是,LONG,LONG,0.5039808892927857,-1.1523337420651365
2025-02-01 16:00:00,101669.6,-0.8066022518832825,0.006293110793945789,-0.005076037337747665,LOW_OSCILLATION,0.6,True,是,LONG,LONG,0.44015918963664935,-1.398869348009483
2025-02-01 20:00:00,100635.65,-0.828397086645962,0.006916363868321507,-0.0057294956787009325,LOW_OSCILLATION,0.6,True,是,LONG,LONG,1.2650059872168222,-2.177870116682465
2025-02-02 00:00:00,99206.86,-0.8473844872381352,0.0075442252237103435,-0.006392859422802795,LOW_OSCILLATION,0.6,True,是,LONG,LONG,1.425422732916701,-3.2380267775937117
2025-02-02 04:00:00,99643.3,-0.867472759733454,0.008233998037310064,-0.0071427690010652045,LOW_OSCILLATION,0.6,True,是,LONG,LONG,1.1277844741210374,-2.551333949823094
2025-02-02 08:00:00,98864.6,-0.8827991226169152,0.00893297101684487,-0.007886018976032985,LOW_OSCILLATION,0.6,True,是,LONG,LONG,1.3265654395413988,-3.0068574933456995
2025-02-02 12:00:00,99346.87,-0.8995989691286117,0.009675707933899047,-0.008704256882925112,LOW_OSCILLATION,0.6,True,是,LONG,LONG,1.6353916676511777,-2.2979553906088563
2025-02-08 00:00:00,96699.23,-0.9069344283203097,0.009577083886089799,-0.008685787099206501,LOW_OSCILLATION,0.6,True,是,LONG,LONG,0.4318767076948918,-0.8841567915104053
2025-02-08 04:00:00,96209.92,-0.8756149569264384,0.008725414312619195,-0.007640103277509386,LOW_OSCILLATION,0.6,True,是,LONG,LONG,0.4193849243553548,-1.2553809231615773
2025-02-08 08:00:00,96120.0,-0.8212858384959207,0.007895441413949378,-0.006484414221950833,LOW_OSCILLATION,0.6,True,是,LONG,LONG,0.28231178030522586,-1.2208873988257973
2025-02-08 12:00:00,95843.74,-0.7850860314295224,0.007071777178802807,-0.00555195348046016,LOW_OSCILLATION,0.6,True,是,LONG,LONG,0.6116616151367764,-1.3634306410059847
2025-02-08 16:00:00,96579.99,-0.7581052316009983,0.006360094415493234,-0.0048216208498617135,LOW_OSCILLATION,0.6,True,是,LONG,LONG,0.3835007084286713,-0.5483548295283301
2025-02-08 20:00:00,96444.74,-0.7375792995723717,0.005726576033035946,-0.004223803939394584,LOW_OSCILLATION,0.6,True,是,LONG,LONG,0.30256076363832757,-0.6225457543052363
2025-02-09 00:00:00,97300.0,-0.7257479097338496,0.005233005492675913,-0.0037978427979352978,LOW_OSCILLATION,0.6,True,是,LONG,LONG,0.5629684229235089,0.23402341494567444
2025-02-09 04:00:00,97057.83,-0.7239713649254956,0.004831535509169815,-0.003497893357259671,LOW_OSCILLATION,0.6,True,是,LONG,LONG,0.3292543253520877,-0.013977941848384882
2025-02-09 08:00:00,96554.01,-0.7215505514997262,0.004529316953966744,-0.0032681311460517645,LOW_OSCILLATION,0.6,True,是,LONG,LONG,0.533291744322802,-0.48248117403390195
2025-02-09 12:00:00,96488.15,-0.7211324303826808,0.0043457482563084016,-0.0031338600019029748,LOW_OSCILLATION,0.6,True,是,LONG,LONG,0.9314539623104493,-0.49820825170128646
2025-02-09 16:00:00,96064.74,-0.7219892951408469,0.0042585756320668855,-0.003074646018899957,LOW_OSCILLATION,0.6,True,是,LONG,LONG,0.44358717789611646,-0.8465638128633775
2025-02-09 20:00:00,96462.75,-0.7303061162357606,0.004305820293907137,-0.003144566896052442,LOW_OSCILLATION,0.6,True,是,LONG,LONG,1.3315549300210965,-0.3944199310166769
2025-02-10 00:00:00,96814.98,-0.7435416300300097,0.004473377475605833,-0.003326142379951491,LOW_OSCILLATION,0.6,True,是,LONG,LONG,1.3789290523936868,-0.02778967781081914
2025-02-10 04:00:00,97429.83,-0.7599149423045599,0.0047543377619782,-0.0036128923060900543,LOW_OSCILLATION,0.6,True,是,LONG,LONG,1.157317017590902,0.5489736473164599
2025-02-10 08:00:00,97661.16,-0.7824764061640008,0.005111572531054431,-0.003999684903946097,LOW_OSCILLATION,0.6,True,是,LONG,LONG,1.0901943722284366,0.7121552939931091
2025-02-10 12:00:00,97218.69,-0.7960214690395425,0.005503966269533533,-0.004381275315418174,LOW_OSCILLATION,0.6,True,是,LONG,LONG,1.3612993765066332,0.2314380260079193
2025-02-10 16:00:00,97376.0,-0.8073029296857164,0.005934772466828275,-0.004791159199488593,LOW_OSCILLATION,0.6,True,是,LONG,LONG,0.8288600472749135,0.3560016079869077
2025-02-10 20:00:00,97430.82,-0.8182276330357364,0.0063816289747726795,-0.005221625170940523,LOW_OSCILLATION,0.6,True,是,LONG,LONG,0.5577789956771122,0.37306706039122906
2025-02-11 00:00:00,97607.3,-0.8314001836026171,0.0068435006197802295,-0.005689687671769907,LOW_OSCILLATION,0.6,True,是,LONG,LONG,0.784049944955399,0.5017659226444291
2025-02-11 04:00:00,98268.97,-0.8434320707635015,0.007333757759460213,-0.006185526493539425,LOW_OSCILLATION,0.6,True,是,LONG,LONG,1.0461247200041657,1.0691804301270396
2025-02-11 08:00:00,98151.52,-0.852822172655103,0.007791442218355815,-0.006644714680774901,LOW_OSCILLATION,0.6,True,是,LONG,LONG,0.6932662321170389,0.8572870758951951
2025-02-11 12:00:00,97007.53,-0.8399790070070985,0.008158096427895445,-0.006852629736571773,LOW_OSCILLATION,0.6,True,是,LONG,LONG,1.6452108579998566,-0.2880183405367587
2025-02-11 16:00:00,95040.82,-0.8090315411302296,0.008372482668505321,-0.0067736025563869965,LOW_OSCILLATION,0.6,True,是,LONG,LONG,1.7657922993208366,-2.094206301981676
2025-02-11 20:00:00,95778.2,-0.7859500043171442,0.008574000610291121,-0.006738735816673504,LOW_OSCILLATION,0.6,True,是,LONG,LONG,1.143193372061032,-1.2090303686820623
2025-02-12 00:00:00,95299.27,-0.7543615101165078,0.008706394552791319,-0.006567768942513797,LOW_OSCILLATION,0.6,True,是,LONG,LONG,0.846157644648755,-1.5433357251791684
2025-02-12 04:00:00,96069.58,-0.7225793036703138,0.00881526630986429,-0.006369728991850114,LOW_OSCILLATION,0.6,True,是,LONG,LONG,0.6725081725016504,-0.6767952384594141
2025-02-12 08:00:00,96094.65,-0.6865756711782405,0.00884918596944917,-0.006075635796355632,LOW_OSCILLATION,0.6,True,是,LONG,LONG,0.7929652431437274,-0.5892532428905071
2025-02-12 12:00:00,95816.18,-0.6620984582435163,0.008808997888525516,-0.005832423920663135,LOW_OSCILLATION,0.6,True,是,LONG,LONG,3.442043023177197,-0.7944411552111094
2025-02-25 00:00:00,92153.93,0.6566569580103732,-0.0024323381506518027,-0.0015972117708595896,HIGH_OSCILLATION,0.6,False,否,SHORT,SHORT,2.5534810436096405,-3.1424274082685444
2025-02-25 04:00:00,89320.01,0.7020016410334372,-0.0026324509626132198,-0.0018479848956945318,HIGH_OSCILLATION,0.6,False,否,SHORT,SHORT,3.8192867433828295,-5.5705155616182855
2025-02-25 08:00:00,89239.39,0.7368229232356112,-0.002721132385477998,-0.0020049927187789905,HIGH_OSCILLATION,0.6,False,否,SHORT,SHORT,3.8185698686498366,-5.1448169297632695
2025-02-25 12:00:00,87231.26,0.7532018730083642,-0.0027385234952491677,-0.0020626610258990853,HIGH_OSCILLATION,0.6,False,否,SHORT,SHORT,3.304468275313983,-6.632027011236614
2025-02-25 16:00:00,87947.25,0.7519843959957979,-0.0025699303293403863,-0.0019325475064603124,HIGH_OSCILLATION,0.6,False,否,SHORT,SHORT,1.809675427859518,-5.336845683297755
2025-02-25 20:00:00,88680.4,0.7316366197619554,-0.0022379198248849708,-0.0016373440959771071,HIGH_OSCILLATION,0.6,False,否,SHORT,SHORT,1.3601473856193145,-4.132493444270912
2025-02-26 00:00:00,88900.0,0.7009567452231567,-0.0017913386305814516,-0.0012556508960848809,HIGH_OSCILLATION,0.6,True,是,SHORT,SHORT,0.559770844136146,-3.537256293820438
2025-02-26 04:00:00,88720.02,0.6608047469617574,-0.0012657958422515048,-0.0008364439012442502,HIGH_OSCILLATION,0.6,True,是,SHORT,SHORT,0.5999987630204429,-3.389114191835289
2025-03-22 12:00:00,84109.09,0.6667682030166643,-0.004717682597392581,-0.0031456007478664403,HIGH_OSCILLATION,0.6,True,是,SHORT,SHORT,0.3324862401281476,-0.09954094246032584
2025-03-22 16:00:00,84171.59,0.7043335013631334,-0.005460149720851293,-0.0038457663708541265,HIGH_OSCILLATION,0.6,True,是,SHORT,SHORT,0.28006118560516624,-0.022897045728893874
2025-03-22 20:00:00,83840.59,0.7395316624634698,-0.006195545272809855,-0.004581801895468763,HIGH_OSCILLATION,0.6,True,是,SHORT,SHORT,0.35469499029819246,-0.3765766067295002
2025-03-23 00:00:00,84224.39,0.7673803782015037,-0.006861493516481132,-0.005265375489704457,HIGH_OSCILLATION,0.6,True,是,SHORT,SHORT,0.33073563149721574,0.07189872037821503
2025-03-23 04:00:00,84279.82,0.7898587222755357,-0.007471210389325744,-0.00590120069196454,HIGH_OSCILLATION,0.6,True,是,SHORT,SHORT,0.2636646740807113,0.12462213774771466
2025-03-23 08:00:00,84679.99,0.8043458696413202,-0.007994036165675178,-0.0064299699716241655,HIGH_OSCILLATION,0.6,True,是,SHORT,SHORT,0.8604593343964178,0.5425697347027967
2025-03-23 12:00:00,85189.41,0.809240735678023,-0.00841988561924989,-0.006813714432846587,HIGH_OSCILLATION,0.6,True,是,SHORT,SHORT,1.0442828064018046,1.0370052853906377
2025-03-23 16:00:00,85011.19,0.8123841000396183,-0.008787320117578878,-0.007138679145479349,HIGH_OSCILLATION,0.6,True,是,SHORT,SHORT,0.8740745755658458,0.7464129379035006
2025-03-23 20:00:00,86082.5,0.8085762393173496,-0.009024236775879046,-0.007296783434949603,HIGH_OSCILLATION,0.6,False,否,SHORT,SHORT,1.2434252632376281,1.8205208808181297
2025-03-24 00:00:00,86532.07,0.8074167834061702,-0.009197422501968422,-0.007426153292166873,HIGH_OSCILLATION,0.6,False,否,SHORT,SHORT,2.2893255700176898,2.1234992454190125
2025-03-24 04:00:00,86874.52,0.8009884542559376,-0.009328432426633504,-0.007471966670040135,HIGH_OSCILLATION,0.6,False,否,SHORT,SHORT,2.4873508222532923,2.2814313629814063
2025-03-24 08:00:00,87689.52,0.7926754902697217,-0.009389182046528832,-0.007442574481963911,HIGH_OSCILLATION,0.6,False,否,SHORT,SHORT,2.079247483335535,2.923282121824822
2025-03-24 12:00:00,88350.01,0.7782502584519445,-0.009404563019866807,-0.007319103600838942,HIGH_OSCILLATION,0.6,False,否,SHORT,SHORT,3.963839422999711,3.334529940037672
2025-03-24 16:00:00,88222.0,0.7722469904770736,-0.009425149486527284,-0.007278543325767231,HIGH_OSCILLATION,0.6,False,否,SHORT,SHORT,2.442413168932187,2.872780212068052
2025-03-24 20:00:00,87498.16,0.7768967991881763,-0.009494792881356795,-0.007376474198480776,HIGH_OSCILLATION,0.6,False,否,SHORT,SHORT,1.9547232219967552,1.8319817352672987
2025-03-25 00:00:00,86520.88,0.8099864675663279,-0.009627359181583639,-0.007798030655483185,HIGH_OSCILLATION,0.6,False,否,SHORT,SHORT,1.2321893310227283,0.6280368072427411
2025-03-25 04:00:00,86436.82,0.841007753532021,-0.009798506237258975,-0.008240619718566666,HIGH_OSCILLATION,0.6,False,否,SHORT,SHORT,1.172856386735778,0.4795267343231403
2025-03-25 08:00:00,87370.43,0.8686366015679434,-0.00992558708989899,-0.008621728238336512,HIGH_OSCILLATION,0.6,True,是,SHORT,SHORT,1.0395040134713254,1.4136763636874143
2025-03-26 08:00:00,87954.96,0.8493374935603533,-0.009959349851791588,-0.008458849240611343,HIGH_OSCILLATION,0.6,True,是,SHORT,SHORT,0.7088469938444583,1.2373290527989702
2025-03-26 12:00:00,86752.52,0.8477659604209229,-0.009870609358015536,-0.00836796662233779,HIGH_OSCILLATION,0.6,False,否,SHORT,SHORT,1.5395323664235065,-0.13274294022574507
2025-03-26 16:00:00,86567.19,0.8463177044981106,-0.009743668661978733,-0.008246239295396017,HIGH_OSCILLATION,0.6,True,是,SHORT,SHORT,0.8061516975666546,-0.3132323303795948
2025-03-26 20:00:00,86909.17,0.8448403153205316,-0.00955877102390601,-0.008075635125913513,HIGH_OSCILLATION,0.6,True,是,SHORT,SHORT,0.5669433144017775,0.07289650382265116
2025-03-27 00:00:00,87670.18,0.8358280134004298,-0.009319016033752625,-0.007789094658338209,HIGH_OSCILLATION,0.6,True,是,SHORT,SHORT,0.503882924150368,0.8580000861748525
2025-03-27 04:00:00,87399.99,0.828928183845899,-0.009091681573384358,-0.007536351094730721,HIGH_OSCILLATION,0.6,True,是,SHORT,SHORT,0.4744151882732286,0.4947976985480291
2025-03-27 08:00:00,86943.52,0.82277179212069,-0.008887555740623498,-0.007312430164285321,HIGH_OSCILLATION,0.6,True,是,SHORT,SHORT,0.5978308121749233,-0.02720105522463667
2025-03-27 12:00:00,86974.07,0.8152173473305233,-0.008673124940509203,-0.007070481907068115,HIGH_OSCILLATION,0.6,False,否,SHORT,SHORT,1.9631900435753722,0.007172120801463912
2025-03-27 16:00:00,87060.41,0.809236230269237,-0.008452267231815136,-0.006839880871902279,HIGH_OSCILLATION,0.6,True,是,SHORT,SHORT,0.5883183906267523,0.09630232904000435
2025-03-27 20:00:00,87232.01,0.8053638785769249,-0.00823694060288116,-0.006633734431544126,HIGH_OSCILLATION,0.6,True,是,SHORT,SHORT,0.43255133903360293,0.2655608197233877
2025-03-28 00:00:00,86787.16,0.8015892803032362,-0.008071440803873897,-0.006469980424987452,HIGH_OSCILLATION,0.6,True,是,SHORT,SHORT,0.5909683858784832,-0.2224021064542573
2025-03-28 04:00:00,85212.99,0.8029443612734065,-0.007993977912771899,-0.006418719489204352,HIGH_OSCILLATION,0.6,False,否,SHORT,SHORT,1.7254972415140022,-1.842219304311369
2025-03-28 08:00:00,85255.26,0.7970519658074576,-0.007889282058972658,-0.006288167773913664,HIGH_OSCILLATION,0.6,False,否,SHORT,SHORT,1.4622184417150017,-1.6254923724472952
2025-03-28 12:00:00,84051.16,0.8010705881608364,-0.007814838848311134,-0.006260237552598754,HIGH_OSCILLATION,0.6,False,否,SHORT,SHORT,2.2911961829940486,-2.7356048555841666
2025-03-28 16:00:00,83790.73,0.808752668332954,-0.007731282145856722,-0.0062526950650965505,HIGH_OSCILLATION,0.6,True,是,SHORT,SHORT,1.0377521922642925,-2.755710391062138
2025-03-28 20:00:00,84424.38,0.8071680610068547,-0.007607981107225936,-0.006140919358496342,HIGH_OSCILLATION,0.6,True,是,SHORT,SHORT,0.6772683829546046,-1.8314330376884342
2025-03-29 00:00:00,84166.3,0.8003216150424043,-0.007487220422696228,-0.005992184340870718,HIGH_OSCILLATION,0.6,True,是,SHORT,SHORT,0.439867740367892,-1.9324483906988585
2025-03-29 04:00:00,83731.82,0.7952610215437329,-0.007366463539584145,-0.00585826131965435,HIGH_OSCILLATION,0.6,True,是,SHORT,SHORT,0.3378864047614071,-2.2115693104666128
2025-03-29 08:00:00,82293.56,0.7901804209140612,-0.007286767153567131,-0.005757860736508431,HIGH_OSCILLATION,0.6,True,是,SHORT,SHORT,1.093061185826927,-3.533777531264412
2025-03-29 12:00:00,82414.23,0.7751637024448886,-0.007142706152766021,-0.005536766546853995,HIGH_OSCILLATION,0.6,True,是,SHORT,SHORT,0.5969899568365665,-3.0791952364876978
2025-03-29 16:00:00,82758.4,0.7578912317154304,-0.006929635286488156,-0.005251909822615218,HIGH_OSCILLATION,0.6,True,是,SHORT,SHORT,0.7630286731773561,-2.4259143782268833
2025-03-29 20:00:00,82648.54,0.7385556040810688,-0.006689437673849663,-0.0049405216821726975,HIGH_OSCILLATION,0.6,True,是,SHORT,SHORT,0.31340650452562896,-2.3177071950817885
2025-03-30 00:00:00,83088.81,0.711848149383284,-0.006400856704340208,-0.004556437999452163,HIGH_OSCILLATION,0.6,True,是,SHORT,SHORT,0.5378864206323409,-1.628964175607826
2025-03-30 04:00:00,83076.59,0.6842245584970218,-0.006093107695039901,-0.004169053922513482,HIGH_OSCILLATION,0.6,True,是,SHORT,SHORT,0.4210856810745095,-1.4892453729148287
2025-03-30 08:00:00,83111.76,0.654334272292482,-0.005770488011849428,-0.003775828074005987,HIGH_OSCILLATION,0.6,True,是,SHORT,SHORT,0.41492892316862895,-1.3114883531187913
2025-04-08 12:00:00,78497.99,-0.6985454616043997,0.005151614223708689,-0.0035986367359083773,LOW_OSCILLATION,0.6,True,是,LONG,LONG,1.3214222729550265,-1.9055890805331384
2025-04-08 16:00:00,76854.05,-0.7647646406664651,0.006201410010538311,-0.004742619098334751,LOW_OSCILLATION,0.6,True,是,LONG,LONG,1.4990631649512944,-3.5963534071424217
2025-04-08 20:00:00,76322.42,-0.8310681326422389,0.007271260625364762,-0.0060429129898769305,LOW_OSCILLATION,0.6,True,是,LONG,LONG,0.4431050200812744,-3.87292003931426
2025-04-09 00:00:00,75073.33,-0.8943718071990027,0.008331027956551385,-0.007451036529326276,LOW_OSCILLATION,0.6,True,是,LONG,LONG,1.2782523076938104,-4.9531440527501935
2025-04-09 04:00:00,77694.12,-0.9699665308725622,0.009535888038849083,-0.009249492239831606,LOW_OSCILLATION,0.6,True,是,LONG,LONG,1.1384957154179576,-1.481668612662192
2025-04-15 16:00:00,83998.52,0.652110099916197,-0.008702661491397479,-0.00567509345469205,HIGH_OSCILLATION,0.6,True,是,SHORT,SHORT,0.6373666416861694,-0.4143082973222296
2025-04-15 20:00:00,83643.99,0.6874412278145207,-0.009228466601407304,-0.006344028411316733,HIGH_OSCILLATION,0.6,True,是,SHORT,SHORT,0.6256586556792024,-0.7557390753255329
2025-04-16 00:00:00,83695.66,0.7023918960242073,-0.009600272946671207,-0.006743153917362292,HIGH_OSCILLATION,0.6,True,是,SHORT,SHORT,0.6226755471247963,-0.6287116148556177
2025-04-16 04:00:00,83363.17,0.7216011899845218,-0.009832783191502714,-0.007095348051848163,HIGH_OSCILLATION,0.6,True,是,SHORT,SHORT,0.7699154294841374,-0.9269044372848352
2025-04-16 08:00:00,84048.11,0.7227117823118606,-0.00990803561819198,-0.0071606540808329235,HIGH_OSCILLATION,0.6,True,是,SHORT,SHORT,0.7403598294110263,-0.10214627387298617
2025-04-16 12:00:00,84846.58,0.719750120433537,-0.00984869441623848,-0.007088598992200749,HIGH_OSCILLATION,0.6,False,否,SHORT,SHORT,1.210552980273252,0.7656241825633773
2025-04-16 16:00:00,84334.01,0.7093751216120604,-0.009787138079717095,-0.006942752265533342,HIGH_OSCILLATION,0.6,False,否,SHORT,SHORT,1.5589364115754176,0.14192238501755558
2025-04-16 20:00:00,84030.38,0.6873020006300042,-0.009680683612199315,-0.006653553214130685,HIGH_OSCILLATION,0.6,True,是,SHORT,SHORT,0.43273541691754197,-0.1978413859981357
2025-04-17 00:00:00,83994.23,0.6530779614810669,-0.00949199577458737,-0.0061990132508544194,HIGH_OSCILLATION,0.6,True,是,SHORT,SHORT,0.3779750738914226,-0.21789530688317865
2025-04-25 08:00:00,94635.67,0.6530237353540626,-0.004718388013338681,-0.0030812193653202598,HIGH_OSCILLATION,0.6,False,否,SHORT,SHORT,0.7267258715172763,2.557025037157576
2025-04-25 12:00:00,95061.22,0.7202377971277355,-0.0057965372234039525,-0.004174885200753383,HIGH_OSCILLATION,0.6,False,否,SHORT,SHORT,2.0822413332713725,2.72292102797267
2025-04-25 16:00:00,95291.0,0.7882705111458663,-0.006797291426807628,-0.0053581043874170635,HIGH_OSCILLATION,0.6,False,否,SHORT,SHORT,0.6715786582277543,2.6806617691514707
2025-04-25 20:00:00,94638.68,0.8526353393933304,-0.007815091149855458,-0.00666342289494682,HIGH_OSCILLATION,0.6,True,是,SHORT,SHORT,0.3575736260189115,1.786033626334347
2025-04-26 00:00:00,94739.99,0.9183586469307743,-0.008718180829556443,-0.008006416750329272,HIGH_OSCILLATION,0.6,True,是,SHORT,SHORT,0.5795017032540588,1.7114304023928613
2025-04-26 04:00:00,94570.31,0.9760613058307025,-0.009593751705542553,-0.009364089817527394,HIGH_OSCILLATION,0.6,True,是,SHORT,SHORT,0.3599168891449813,1.3816080318960062
2025-04-28 12:00:00,93833.51,0.9515587117223738,-0.009872402646000533,-0.009394170743432823,HIGH_OSCILLATION,0.6,False,否,SHORT,SHORT,2.354081957744577,-0.1977384540494405
2025-04-28 16:00:00,94787.2,0.9011435790448771,-0.009092006672090536,-0.008193203433187567,HIGH_OSCILLATION,0.6,True,是,SHORT,SHORT,0.7988615817963334,0.7382686816341936
2025-04-28 20:00:00,95011.18,0.8559930340680979,-0.008290623718318124,-0.007096716150960067,HIGH_OSCILLATION,0.6,True,是,SHORT,SHORT,0.6627746617021121,0.8825083553205321
2025-04-29 00:00:00,94658.76,0.8082861034855248,-0.007525883184004711,-0.006083066794086402,HIGH_OSCILLATION,0.6,True,是,SHORT,SHORT,1.0081350978669787,0.45967712230891367
2025-04-29 04:00:00,94917.61,0.7577188897211352,-0.006759477545797976,-0.005121783821096986,HIGH_OSCILLATION,0.6,False,否,SHORT,SHORT,1.2853476054182729,0.6639837598285964
2025-04-29 08:00:00,95129.74,0.7006309226617315,-0.0059978609851670805,-0.004202286876034414,HIGH_OSCILLATION,0.6,True,是,SHORT,SHORT,0.9875496632890558,0.8036133888354872
2025-04-29 12:00:00,94843.1,0.6606346474785624,-0.005280434882662499,-0.003488438237241244,HIGH_OSCILLATION,0.6,False,否,SHORT,SHORT,1.1610164010371695,0.45205460721199403
2025-05-18 04:00:00,103919.39,-0.6609023495925787,0.005355133241048304,-0.0035392201413901453,LOW_OSCILLATION,0.6,True,是,LONG,LONG,0.5986494455081666,0.5087458576882699
2025-05-18 08:00:00,103800.54,-0.6747867030871091,0.005173786444939044,-0.003491202297657192,LOW_OSCILLATION,0.6,True,是,LONG,LONG,0.6693016485490417,0.35615851959336214
2025-05-18 12:00:00,105518.0,-0.7013670721493045,0.0051517680532698895,-0.0036132804759142247,LOW_OSCILLATION,0.6,True,是,LONG,LONG,2.0063393114036714,1.8210711604874479
2025-05-18 16:00:00,103883.97,-0.7213174528053001,0.005132435687136616,-0.003702115436532404,LOW_OSCILLATION,0.6,True,是,LONG,LONG,2.057299252810327,0.22097381398475868
2025-05-18 20:00:00,106454.26,-0.7580850854628197,0.005331886202863845,-0.004042023407776067,LOW_OSCILLATION,0.6,True,是,LONG,LONG,2.6396098432883552,2.4371624957251576
2025-05-19 00:00:00,103605.88,-0.7811333269211612,0.005484301098650279,-0.0042839703630260725,LOW_OSCILLATION,0.6,True,是,LONG,LONG,2.0513078858038436,-0.2748852504742928
2025-05-19 04:00:00,103226.29,-0.8057515253324323,0.005750001507501934,-0.004633072485333469,LOW_OSCILLATION,0.6,True,是,LONG,LONG,2.537264018045807,-0.579633538607027
2025-05-19 08:00:00,102963.41,-0.8332301891840415,0.006143128372739226,-0.0051186400161993585,LOW_OSCILLATION,0.6,True,是,LONG,LONG,0.8704593538367538,-0.754103048014697
2025-05-19 12:00:00,104786.41,-0.8728389563283774,0.006752859857251159,-0.005894159150034897,LOW_OSCILLATION,0.6,True,是,LONG,LONG,1.8572187999471403,0.9066798747243284
2025-05-19 16:00:00,105517.7,-0.915977720356239,0.007488499927682524,-0.006859299092646499,LOW_OSCILLATION,0.6,True,是,LONG,LONG,1.3488946103845407,1.4552427045709566
2025-05-19 20:00:00,105573.74,-0.956886479964044,0.008294453154325865,-0.007936850082069537,LOW_OSCILLATION,0.6,True,是,LONG,LONG,0.9834957964093234,1.3634393264031104
2025-05-20 00:00:00,105761.92,-0.9899629530634507,0.009145504636247748,-0.0090537107769553,LOW_OSCILLATION,0.6,True,是,LONG,LONG,1.6444942499370636,1.3950046587676088
2025-05-20 04:00:00,105021.71,-1.0171571939919286,0.009995886647103935,-0.010167388013429627,LOW_OSCILLATION,0.6,True,是,LONG,LONG,0.8444169493987046,0.6196813022166409
2025-05-25 00:00:00,108095.75,0.7029276649840813,-0.0056214960163250005,-0.003951505068472648,HIGH_OSCILLATION,0.6,True,是,SHORT,SHORT,0.5536752707577758,-0.47714627991843944
2025-05-25 04:00:00,107681.81,0.7998539780683509,-0.007375382471239811,-0.005899229009396747,HIGH_OSCILLATION,0.6,True,是,SHORT,SHORT,0.30824448293623913,-0.777153817024003
2025-05-25 08:00:00,107260.0,0.8761061919310789,-0.008870485177931764,-0.007771486989818876,HIGH_OSCILLATION,0.6,True,是,SHORT,SHORT,0.8680438048851604,-1.0559696321208125
2025-05-26 08:00:00,109772.72,0.6820982563220275,-0.009643191641240723,-0.006577604203869447,HIGH_OSCILLATION,0.6,True,是,SHORT,SHORT,0.46854400728667583,0.9951525160213874
2025-06-10 08:00:00,109541.28,-0.6521352632911116,0.003965085481586805,-0.002585772064506375,LOW_OSCILLATION,0.6,True,是,LONG,LONG,1.1169721783295754,2.1956007610799286
2025-06-10 12:00:00,109015.42,-0.6520955331931488,0.00429707527095835,-0.00280210358998668,LOW_OSCILLATION,0.6,True,是,LONG,LONG,2.2850459430285466,1.5401219491292357
2025-06-20 16:00:00,103307.22,0.6534275605911568,-0.005122969197270177,-0.003347489265555889,HIGH_OSCILLATION,0.6,False,否,SHORT,SHORT,2.222301392811885,-1.5020999461076954
2025-06-20 20:00:00,103297.99,0.6939019211240298,-0.005829317056110561,-0.004044974304076192,HIGH_OSCILLATION,0.6,True,是,SHORT,SHORT,0.7890607167899205,-1.3689748841175882
2025-06-21 00:00:00,103495.87,0.7219565491733858,-0.0064292774110454864,-0.0046416589333568,HIGH_OSCILLATION,0.6,True,是,SHORT,SHORT,0.37051613210093665,-1.0688519623245716
2025-06-21 04:00:00,103458.5,0.746797860786171,-0.006946040019822908,-0.0051872878277388805,HIGH_OSCILLATION,0.6,True,是,SHORT,SHORT,0.34761904560838386,-1.0004286716528064
2025-06-21 08:00:00,103874.64,0.7586094265363738,-0.0073495972222814565,-0.005575473734068261,HIGH_OSCILLATION,0.6,True,是,SHORT,SHORT,0.6041615916639568,-0.5451818141253298
2025-06-21 12:00:00,103560.9,0.7613038742109991,-0.007660192784319952,-0.00583173444390592,HIGH_OSCILLATION,0.6,True,是,SHORT,SHORT,0.7425287453714536,-0.7656582040336474
2025-06-21 16:00:00,102245.1,0.7634049131293457,-0.007910495608780543,-0.006038911213031181,HIGH_OSCILLATION,0.6,False,否,SHORT,SHORT,1.1976387871423622,-1.8370335331996241
2025-06-21 20:00:00,102120.01,0.7565585446216653,-0.008046726680553618,-0.0060878198264079685,HIGH_OSCILLATION,0.6,False,否,SHORT,SHORT,2.345655423815259,-1.7740427454210974
2025-06-22 00:00:00,102375.4,0.743078713045688,-0.00807565864173132,-0.006000850030493998,HIGH_OSCILLATION,0.6,False,否,SHORT,SHORT,2.10472319852325,-1.3848460280416637
2025-06-22 04:00:00,102424.61,0.721546087902761,-0.008007149466834895,-0.005777527373047397,HIGH_OSCILLATION,0.6,True,是,SHORT,SHORT,0.7215018173569921,-1.2116112345283006
2025-06-22 08:00:00,102739.48,0.694017232814501,-0.007851976719321252,-0.005449407154867219,HIGH_OSCILLATION,0.6,True,是,SHORT,SHORT,0.8702864080104854,-0.8221619537919402
2025-06-22 12:00:00,98906.21,0.6718178867836722,-0.007700374373875163,-0.005173249239299954,HIGH_OSCILLATION,0.6,False,否,SHORT,SHORT,4.71570168047891,-4.109526935594311
2025-06-29 12:00:00,107750.72,0.8339680496086437,-0.009897061167106536,-0.008253832798389284,HIGH_OSCILLATION,0.6,True,是,SHORT,SHORT,0.9750759035182611,0.5010052090695166
2025-06-29 16:00:00,107406.81,0.8200157103196518,-0.00884320609741629,-0.007251567929475895,HIGH_OSCILLATION,0.6,True,是,SHORT,SHORT,0.9051216484963082,0.16304110623488144
2025-06-29 20:00:00,108356.93,0.7846485121377426,-0.007700582523736288,-0.006042250619843581,HIGH_OSCILLATION,0.6,False,否,SHORT,SHORT,1.162790779955228,0.9482227306929625
2025-06-30 00:00:00,108503.74,0.7541705445901535,-0.006572890210804427,-0.004957080189813664,HIGH_OSCILLATION,0.6,False,否,SHORT,SHORT,1.231147881599942,0.9806486884989831
2025-06-30 04:00:00,107614.08,0.7379176236989011,-0.0055656211791786925,-0.004106969954947816,HIGH_OSCILLATION,0.6,False,否,SHORT,SHORT,1.2406153300279241,0.13811275668070053
2025-06-30 08:00:00,107654.2,0.7132717319295414,-0.0046125053824045414,-0.003289969702642019,HIGH_OSCILLATION,0.6,True,是,SHORT,SHORT,0.9834688095196122,0.1587099887970592
2025-06-30 12:00:00,107580.46,0.6945679685308273,-0.0037466191142129235,-0.0026022816270176376,HIGH_OSCILLATION,0.6,False,否,SHORT,SHORT,2.2665590798242565,0.08151583593424097
2025-06-30 16:00:00,107745.97,0.6749888466065395,-0.002971754589804365,-0.0020059012029697383,HIGH_OSCILLATION,0.6,True,是,SHORT,SHORT,1.0397003402659704,0.2130136005074367
2025-06-30 20:00:00,107146.5,0.6658276678951581,-0.0023594110989391126,-0.0015709611896125816,HIGH_OSCILLATION,0.6,True,是,SHORT,SHORT,0.9458417592024206,-0.31183354030439026
2025-07-01 00:00:00,107192.38,0.6595684371011103,-0.0018747598691175593,-0.0012365324368137508,HIGH_OSCILLATION,0.6,True,是,SHORT,SHORT,0.8994578397430122,-0.2435765600514384
2025-07-01 04:00:00,107178.99,0.6539083651803953,-0.0015288997493096979,-0.0009997603355958208,HIGH_OSCILLATION,0.6,False,否,SHORT,SHORT,1.1470000656311432,-0.2317096522454036
2025-07-01 08:00:00,106605.8,0.661852000708788,-0.0013716154711251871,-0.000907806443767332,HIGH_OSCILLATION,0.6,False,否,SHORT,SHORT,1.2603110012378809,-0.6928898359488942
2025-07-01 12:00:00,105955.18,0.6888760803377867,-0.0014233910382398518,-0.0009805400392106018,HIGH_OSCILLATION,0.6,False,否,SHORT,SHORT,3.0287645577994335,-1.1767103134683896
2025-07-01 16:00:00,105398.53,0.7304985988281798,-0.0016849426121046118,-0.001230848217248312,HIGH_OSCILLATION,0.6,False,否,SHORT,SHORT,1.2288126085199422,-1.5368606725786664
2025-07-01 20:00:00,105681.14,0.7664917806160443,-0.0020807677620808818,-0.0015948913870058366,HIGH_OSCILLATION,0.6,True,是,SHORT,SHORT,0.8321621968351547,-1.1530210816411897
2025-07-02 00:00:00,106194.7,0.8103525335606832,-0.0026056207833452527,-0.0021114714032821973,HIGH_OSCILLATION,0.6,True,是,SHORT,SHORT,1.005133236264809,-0.6089980118682711
2025-07-02 04:00:00,107080.0,0.8444754789031795,-0.0032324988289192946,-0.0027297659966055883,HIGH_OSCILLATION,0.6,False,否,SHORT,SHORT,1.250309463338317,0.19862830148452892
2025-07-02 08:00:00,107479.99,0.8709574074567873,-0.0039735891030050485,-0.003460826863451818,HIGH_OSCILLATION,0.6,False,否,SHORT,SHORT,1.3396928982981269,0.5180675532315475
2025-07-02 12:00:00,108737.74,0.8901552207336048,-0.0047604846311730675,-0.004237570247660795,HIGH_OSCILLATION,0.6,False,否,SHORT,SHORT,1.8467796311125193,1.5305116969644863
2025-07-02 16:00:00,109676.14,0.896330856229926,-0.005603716290179417,-0.005022783820446101,HIGH_OSCILLATION,0.6,False,否,SHORT,SHORT,2.9294098195643326,2.1725232674944284
2025-07-02 20:00:00,108849.6,0.9176149198134055,-0.006613405597956423,-0.006068559647462311,HIGH_OSCILLATION,0.6,False,否,SHORT,SHORT,1.6275180154624531,1.2672647212169517
2025-07-03 00:00:00,108628.21,0.9463458707200295,-0.0077217723542357675,-0.007307467382071099,HIGH_OSCILLATION,0.6,True,是,SHORT,SHORT,0.7050015467303636,0.9592510612912994
2025-07-03 04:00:00,109280.0,0.9693426340858406,-0.008844107304206816,-0.008572970270397658,HIGH_OSCILLATION,0.6,True,是,SHORT,SHORT,0.7621512483917084,1.4138683911502938
2025-07-03 08:00:00,109599.19,0.9882854773865827,-0.009983243714111856,-0.009866294779867637,HIGH_OSCILLATION,0.6,False,否,SHORT,SHORT,1.524264010811302,1.5447018439793831
2025-07-15 16:00:00,116416.07,0.6773396035950547,-0.005560558680741179,-0.003766386612580271,HIGH_OSCILLATION,0.6,False,否,SHORT,SHORT,1.5165592489159068,-1.2085108496062098
2025-07-15 20:00:00,117758.09,0.7088428272799903,-0.005730458687163931,-0.004061994537420462,HIGH_OSCILLATION,0.6,True,是,SHORT,SHORT,0.6371232703942125,-0.06303289585148272
2025-07-16 00:00:00,117482.67,0.7382436817759919,-0.005870240011084382,-0.004333667598691674,HIGH_OSCILLATION,0.6,True,是,SHORT,SHORT,0.5755276951089477,-0.2685836743730111
2025-07-16 04:00:00,118189.25,0.7545010064501606,-0.005932743288759257,-0.004476260782379295,HIGH_OSCILLATION,0.6,True,是,SHORT,SHORT,0.4558674929172086,0.2995937199073396
2025-07-16 08:00:00,118769.06,0.7604495272765995,-0.005919034013553204,-0.004501126617540647,HIGH_OSCILLATION,0.6,True,是,SHORT,SHORT,0.7135137039364048,0.7157070806556182
2025-07-16 12:00:00,119095.76,0.756225401837592,-0.005847346670349474,-0.004421912085468736,HIGH_OSCILLATION,0.6,False,否,SHORT,SHORT,1.235994484908878,0.8973516304901952
2025-07-16 16:00:00,119230.16,0.7456247668650726,-0.005718009126124413,-0.004263489221598873,HIGH_OSCILLATION,0.6,True,是,SHORT,SHORT,0.7131817073323387,0.9140282366066272
2025-07-16 20:00:00,118630.43,0.7364670961059637,-0.005569616208443762,-0.004101839075457285,HIGH_OSCILLATION,0.6,True,是,SHORT,SHORT,0.7370671001574038,0.3675789530656786
2025-07-17 00:00:00,118128.8,0.7249756441911608,-0.00539971434065567,-0.003914661382565093,HIGH_OSCILLATION,0.6,True,是,SHORT,SHORT,0.5569683394243524,-0.05141713776870198
2025-07-17 04:00:00,118311.75,0.7059416511047861,-0.005164999820323701,-0.0036461885011152373,HIGH_OSCILLATION,0.6,True,是,SHORT,SHORT,0.5160147681128056,0.09352196167309941
2025-07-17 08:00:00,117995.0,0.682337158138849,-0.004890027924513429,-0.003336647757232107,HIGH_OSCILLATION,0.6,True,是,SHORT,SHORT,0.5285350315630634,-0.15786493563434267
2025-07-17 12:00:00,118881.99,0.654099079186263,-0.004515543348382556,-0.0029536127462026843,HIGH_OSCILLATION,0.6,True,是,SHORT,SHORT,0.8646352438290114,0.5359197174005159
2025-07-26 12:00:00,118130.1,-0.7089823248474117,0.005095494307531534,-0.0036126154004004593,LOW_OSCILLATION,0.6,True,是,LONG,LONG,0.3712827743967572,0.445082357767788
2025-07-26 16:00:00,118232.11,-0.7689515200987396,0.00601708211044516,-0.004626844435385738,LOW_OSCILLATION,0.6,True,是,LONG,LONG,0.3026831173418037,0.4809274743390413
2025-07-26 20:00:00,117919.99,-0.8236220473141712,0.006917972696741326,-0.005697794835753629,LOW_OSCILLATION,0.6,True,是,LONG,LONG,0.25904657343293597,0.19508873371962027
2025-07-27 00:00:00,118182.83,-0.878820759291246,0.00782117633912549,-0.006873412128900992,LOW_OSCILLATION,0.6,True,是,LONG,LONG,0.311686684882081,0.37842011042344464
2025-07-27 04:00:00,118095.95,-0.9289008420408386,0.008697703799142253,-0.00807930438284504,LOW_OSCILLATION,0.6,True,是,LONG,LONG,0.25649128738458665,0.27553650789258466
2025-07-27 08:00:00,118072.71,-0.9753036975244388,0.009542537008319085,-0.0093068716279774,LOW_OSCILLATION,0.6,True,是,LONG,LONG,0.26976195749228943,0.2313847753168796
2025-07-31 00:00:00,118466.14,-0.8361782059815566,0.009658265277944666,-0.008076030933005731,LOW_OSCILLATION,0.6,True,是,LONG,LONG,0.9483271275884086,0.3647484656497396
2025-07-31 04:00:00,118665.97,-0.8373066215333228,0.00933141461702669,-0.007813255247109283,LOW_OSCILLATION,0.6,True,是,LONG,LONG,0.7803234801127893,0.4829377953931417
2025-07-31 08:00:00,118371.25,-0.839521682416685,0.00902242852285684,-0.007574524372993061,LOW_OSCILLATION,0.6,True,是,LONG,LONG,0.5334998693286288,0.21110402171379689
2025-07-31 12:00:00,118306.18,-0.8499334362841733,0.008767014523432537,-0.0074513787798542695,LOW_OSCILLATION,0.6,True,是,LONG,LONG,1.397873757405014,0.14113713755918394
2025-07-31 16:00:00,116785.79,-0.8490251181792472,0.008484890693515879,-0.007203885323800313,LOW_OSCILLATION,0.6,True,是,LONG,LONG,1.6378010813631323,-1.0378160971092274
2025-07-31 20:00:00,115764.08,-0.8474192975363816,0.008232881005705406,-0.0069767022385554935,LOW_OSCILLATION,0.6,True,是,LONG,LONG,1.4784476274359761,-1.725428192063996
2025-08-01 00:00:00,115648.03,-0.8478242602545849,0.008072223101833087,-0.006843826579921608,LOW_OSCILLATION,0.6,True,是,LONG,LONG,1.9955779839777328,-1.6531079922759921
2025-08-01 04:00:00,115081.77,-0.8501946602547943,0.007981980816159417,-0.0067862374681549415,LOW_OSCILLATION,0.6,True,是,LONG,LONG,1.0520713573825171,-1.9352885691773716
2025-08-01 08:00:00,115305.65,-0.8572107654247582,0.008010156072321362,-0.0068663920179263685,LOW_OSCILLATION,0.6,True,是,LONG,LONG,1.1668453885839576,-1.5809961292820776
2025-08-01 12:00:00,115357.82,-0.8719547186043304,0.008141877582517498,-0.0070993485763749505,LOW_OSCILLATION,0.6,True,是,LONG,LONG,1.7762347446987214,-1.3921735141931166
2025-08-01 16:00:00,113328.68,-0.8761541516355349,0.008251763305507143,-0.007229816678433847,LOW_OSCILLATION,0.6,True,是,LONG,LONG,1.33098324119188,-2.8373515488180763
2025-08-01 20:00:00,113297.93,-0.8813180219505232,0.008476611649115617,-0.007470590611441339,LOW_OSCILLATION,0.6,True,是,LONG,LONG,1.0754797324944785,-2.598066198380254
2025-08-02 00:00:00,113909.86,-0.8889565542932418,0.00883077034918689,-0.007850171181368106,LOW_OSCILLATION,0.6,True,是,LONG,LONG,0.4724038101185562,-1.8783656746009187
2025-08-02 04:00:00,113982.49,-0.9039499222512496,0.009252070703717585,-0.008363408593288576,LOW_OSCILLATION,0.6,True,是,LONG,LONG,0.5564494491142429,-1.6457148277843268
2025-08-02 08:00:00,113787.12,-0.9213044862903533,0.009720508989686238,-0.008955548541223641,LOW_OSCILLATION,0.6,True,是,LONG,LONG,0.3778860925633189,-1.6443485670703188
2025-08-07 00:00:00,114546.03,-0.6690708881429245,0.009794716141999005,-0.006553359428235113,LOW_OSCILLATION,0.6,True,是,LONG,LONG,0.7112378679817738,0.05392303947270564
2025-08-24 12:00:00,114400.0,0.6517702926196839,-0.008832036478991667,-0.005756459000340121,HIGH_OSCILLATION,0.6,True,是,SHORT,SHORT,1.051035614462017,-0.3573953836238068
2025-08-24 16:00:00,112600.0,0.6865689246614871,-0.009795766569625552,-0.00672546891994276,HIGH_OSCILLATION,0.6,False,否,SHORT,SHORT,2.8962509888814187,-1.7450459361478765
2025-08-29 04:00:00,110019.38,-0.6538149179885059,0.004470124319225277,-0.0029226339651727004,LOW_OSCILLATION,0.6,True,是,LONG,LONG,1.7274220631815929,-1.6419067404573995
2025-08-29 08:00:00,110098.81,-0.6553036504794326,0.0049999950895683876,-0.003276515034573402,LOW_OSCILLATION,0.6,True,是,LONG,LONG,1.1861479794205512,-1.4234162061882545
2025-09-14 20:00:00,115268.01,0.6566861976946701,-0.006707460283269739,-0.00440469658960842,HIGH_OSCILLATION,0.6,True,是,SHORT,SHORT,0.6912055273636671,0.01697695011641879
2025-09-15 00:00:00,115445.45,0.6718707402548796,-0.006372849121857649,-0.004281730857035158,HIGH_OSCILLATION,0.6,True,是,SHORT,SHORT,0.7681881284608394,0.1546348098859554
2025-09-15 04:00:00,115806.62,0.684329455294911,-0.006000254234019398,-0.004106150711597477,HIGH_OSCILLATION,0.6,False,否,SHORT,SHORT,1.5453277794725973,0.4232106744084381
2025-09-15 08:00:00,115070.0,0.7029127553300228,-0.0056708372960574405,-0.0039861038687999915,HIGH_OSCILLATION,0.6,False,否,SHORT,SHORT,2.0552677972332734,-0.19506952818642875
2025-09-15 12:00:00,114842.9,0.7199118428774854,-0.005346762945794725,-0.0038491979657361334,HIGH_OSCILLATION,0.6,False,否,SHORT,SHORT,1.6924527953443598,-0.3548377622571249
2025-09-15 16:00:00,115307.78,0.7300024377469427,-0.004983236747553854,-0.00363777497358446,HIGH_OSCILLATION,0.6,True,是,SHORT,SHORT,1.0606765540828944,0.04389912928060681
2025-09-15 20:00:00,115349.71,0.7363087931497966,-0.004613803517806381,-0.003397184100026302,HIGH_OSCILLATION,0.6,True,是,SHORT,SHORT,0.532588859767354,0.07262750300533888
2025-09-16 00:00:00,115307.25,0.7421989462576124,-0.004246372174543822,-0.003151652953364071,HIGH_OSCILLATION,0.6,True,是,SHORT,SHORT,0.5545085900488917,0.03238119956764605
2025-09-16 04:00:00,115840.0,0.7451493915869096,-0.0038616299394225173,-0.0028774911998944836,HIGH_OSCILLATION,0.6,False,否,SHORT,SHORT,1.227627989029621,0.44724591688561066
2025-09-16 08:00:00,115287.83,0.7530048503209049,-0.0035409504174992446,-0.0026663528391227646,HIGH_OSCILLATION,0.6,True,是,SHORT,SHORT,0.8956717299500698,-0.028547945195461957
2025-09-16 12:00:00,115905.88,0.7596833175591232,-0.003224819475947882,-0.00244984155801736,HIGH_OSCILLATION,0.6,False,否,SHORT,SHORT,1.6596126869516474,0.4588472441998716
2025-09-16 16:00:00,116800.12,0.7622115520450908,-0.002925932258389996,-0.0022301793678462366,HIGH_OSCILLATION,0.6,False,否,SHORT,SHORT,1.7732914871818524,1.115084280581481
2025-09-16 20:00:00,116788.96,0.7681574415791774,-0.0027138357794621593,-0.002084653149217685,HIGH_OSCILLATION,0.6,True,是,SHORT,SHORT,0.7463552484817612,0.9990927469740576
2025-09-17 00:00:00,116372.04,0.7766284408636875,-0.00260603131596715,-0.0020239180377615114,HIGH_OSCILLATION,0.6,True,是,SHORT,SHORT,0.9966812276446032,0.5773758439921769
2025-09-17 04:00:00,117162.48,0.780187117498131,-0.002526873511438099,-0.001971434161171271,HIGH_OSCILLATION,0.6,False,否,SHORT,SHORT,1.4204325428467286,1.1391146374715966
2025-09-17 08:00:00,116258.13,0.7939522481164527,-0.002576296622681107,-0.0020454564953924894,HIGH_OSCILLATION,0.6,True,是,SHORT,SHORT,0.9255284749599137,0.32419695844418894
2025-09-17 12:00:00,115875.32,0.8175771366071202,-0.00272170533263838,-0.0022252040525468164,HIGH_OSCILLATION,0.6,False,否,SHORT,SHORT,1.5110987315371258,-0.005561097912076254
2025-09-17 16:00:00,115652.02,0.8438060189016661,-0.0029552284935482342,-0.0024936395900857036,HIGH_OSCILLATION,0.6,False,否,SHORT,SHORT,2.6944546727101777,-0.17940971631304922
2025-09-17 20:00:00,116447.59,0.8629018626851815,-0.0032125055797929125,-0.0027720770486898434,HIGH_OSCILLATION,0.6,False,否,SHORT,SHORT,1.1037654667896537,0.45872421533415225
2025-09-18 00:00:00,117581.66,0.8736583997021296,-0.0034779370606532467,-0.003038528926675044,HIGH_OSCILLATION,0.6,False,否,SHORT,SHORT,1.3653131865694483,1.298438537405988
2025-09-18 04:00:00,117086.01,0.8897516549570628,-0.003842602702217923,-0.0034189621136408786,HIGH_OSCILLATION,0.6,True,是,SHORT,SHORT,0.7820949936339701,0.7877813353140133
2025-09-18 08:00:00,117063.4,0.9090728509696121,-0.004268295041477854,-0.003880191142135732,HIGH_OSCILLATION,0.6,True,是,SHORT,SHORT,0.5108553960873862,0.6946371294327072
2025-09-18 12:00:00,117583.56,0.9230178309656145,-0.004719532868861287,-0.004356212991787269,HIGH_OSCILLATION,0.6,True,是,SHORT,SHORT,1.0642264629514093,1.0321734161737717
2025-09-18 16:00:00,117450.21,0.9431708169769569,-0.00522732427756345,-0.0049302597094730005,HIGH_OSCILLATION,0.6,True,是,SHORT,SHORT,0.836105514721916,0.829479331906195
2025-09-18 20:00:00,117073.53,0.9618012210857106,-0.00579673698277039,-0.005575308708341259,HIGH_OSCILLATION,0.6,True,是,SHORT,SHORT,0.6529802063964203,0.4576834171005955
2025-09-19 00:00:00,116977.58,0.9758850906900863,-0.0063806306886169395,-0.00622676235822089,HIGH_OSCILLATION,0.6,True,是,SHORT,SHORT,0.6380706630574847,0.3394821756503849
2025-09-19 04:00:00,116909.97,0.9855777214024488,-0.0069538930884359695,-0.006853602104976961,HIGH_OSCILLATION,0.6,True,是,SHORT,SHORT,0.7289035824244772,0.2546118715391966
2025-09-19 08:00:00,116394.72,0.9953200022213887,-0.00752349544634523,-0.007488285504368942,HIGH_OSCILLATION,0.6,True,是,SHORT,SHORT,0.5842007910564682,-0.16943241247904053
2025-09-19 12:00:00,115884.03,1.0028448301861193,-0.008070798989797345,-0.008093759042389622,HIGH_OSCILLATION,0.6,False,否,SHORT,SHORT,1.2265204390978877,-0.5499121638503125
2025-09-19 16:00:00,115125.12,1.016168379618347,-0.008595816921631139,-0.008734797352749882,HIGH_OSCILLATION,0.6,True,是,SHORT,SHORT,0.6513305603654788,-1.0880432129974515
2025-09-19 20:00:00,115632.38,1.024944177929292,-0.009033311702175584,-0.009258640236565408,HIGH_OSCILLATION,0.6,True,是,SHORT,SHORT,0.39052670745935963,-0.5904715355022601
2025-09-20 00:00:00,115445.0,1.0306079215243693,-0.009428442792793756,-0.009717027829892593,HIGH_OSCILLATION,0.6,True,是,SHORT,SHORT,0.3643659414484348,-0.6804723855498016
2025-09-20 04:00:00,115968.56,1.030557408403423,-0.009738638632180718,-0.010036226190157618,HIGH_OSCILLATION,0.6,True,是,SHORT,SHORT,0.3906684285135757,-0.20818044684510736
2025-09-20 08:00:00,115894.06,1.0255297667310177,-0.009998680425379103,-0.010253944404257025,HIGH_OSCILLATION,0.6,True,是,SHORT,SHORT,0.4172236173545329,-0.24641994519867544
2025-09-22 00:00:00,114649.89,0.8948951180504732,-0.009860763277895312,-0.008824348917639896,HIGH_OSCILLATION,0.6,False,否,SHORT,SHORT,2.720522422999454,-0.9218828823601773
2025-09-22 04:00:00,112519.99,0.8827954073635983,-0.009715295626926301,-0.00857661836063019,HIGH_OSCILLATION,0.6,False,否,SHORT,SHORT,5.1077622262860665,-2.5059973803118543
2025-09-22 08:00:00,112876.97,0.8609801690319906,-0.009459514541399705,-0.00814445442881489,HIGH_OSCILLATION,0.6,False,否,SHORT,SHORT,2.0164187055356657,-1.9916469505640637
2025-09-22 12:00:00,112815.5,0.8329131212520136,-0.009121600799473106,-0.007597500992704007,HIGH_OSCILLATION,0.6,False,否,SHORT,SHORT,2.0677606388937946,-1.8538667343919055
2025-09-22 16:00:00,112122.9,0.8008932645406149,-0.008730010175977188,-0.006991806349311158,HIGH_OSCILLATION,0.6,False,否,SHORT,SHORT,1.6289635615146874,-2.2276760295588582
2025-09-22 20:00:00,112650.99,0.7597529670636285,-0.008228466813389512,-0.0062516020758572825,HIGH_OSCILLATION,0.6,True,是,SHORT,SHORT,0.816963910869867,-1.6015691028692178
2025-09-23 00:00:00,112339.99,0.712930419752058,-0.007666909351733642,-0.0054659729023324435,HIGH_OSCILLATION,0.6,False,否,SHORT,SHORT,1.4455716549672275,-1.6978484531022087
2025-09-23 04:00:00,113090.13,0.6558939421058291,-0.007003801026497336,-0.00459375066499419,HIGH_OSCILLATION,0.6,False,否,SHORT,SHORT,1.4366155022404876,-0.9431951222517441
2025-09-27 16:00:00,109424.2,-0.6507705637230693,0.0041526387041032065,-0.0027024150304074796,LOW_OSCILLATION,0.6,True,是,LONG,LONG,0.25929605625868346,-0.7873985430647215
2025-09-27 20:00:00,109635.85,-0.6972179913002183,0.004559394785742854,-0.003178892074060322,LOW_OSCILLATION,0.6,True,是,LONG,LONG,0.2082350927001208,-0.5390914351094984
2025-09-28 00:00:00,109436.0,-0.7393574650415079,0.004975899713996812,-0.0036789685988414473,LOW_OSCILLATION,0.6,True,是,LONG,LONG,0.3824642624401594,-0.652232552138368
2025-09-28 04:00:00,109513.06,-0.7820090972166435,0.005415495908649426,-0.004234967066503364,LOW_OSCILLATION,0.6,True,是,LONG,LONG,0.2686282874229069,-0.5271136703827983
2025-09-28 08:00:00,109369.02,-0.8237145553217518,0.005868548415474906,-0.004834008748437083,LOW_OSCILLATION,0.6,True,是,LONG,LONG,0.42952936119325574,-0.5956595920891927
2025-09-28 12:00:00,110037.93,-0.8661623176118851,0.006368458732289639,-0.005516118975175642,LOW_OSCILLATION,0.6,True,是,LONG,LONG,0.699078558570625,0.011133508353912197
2025-09-28 16:00:00,110337.6,-0.904621751376555,0.006876424275811144,-0.006220562971592535,LOW_OSCILLATION,0.6,True,是,LONG,LONG,0.6479395687693905,0.25642822796871567
2025-09-28 20:00:00,112163.95,-0.9479888791406443,0.007443420800981815,-0.007056280142094908,LOW_OSCILLATION,0.6,True,是,LONG,LONG,1.5335188489116456,1.7302859201963314
2025-09-29 00:00:00,111857.51,-0.9936358464330945,0.007963812857288088,-0.00791312992928621,LOW_OSCILLATION,0.6,True,是,LONG,LONG,1.4502426865555131,1.312217209690282
2025-09-29 04:00:00,111865.95,-1.029854856759559,0.008450773567461267,-0.00870307020182529,LOW_OSCILLATION,0.6,True,是,LONG,LONG,1.1658785597962793,1.1926612474796185
2025-09-29 08:00:00,112100.0,-1.0639786109835363,0.008911470746886918,-0.00948161426709316,LOW_OSCILLATION,0.6,True,是,LONG,LONG,1.3621454891352491,1.2689325061637664
2025-09-29 12:00:00,113815.57,-1.1037477979021182,0.009403200241483,-0.010378761559769528,LOW_OSCILLATION,0.6,True,是,LONG,LONG,3.048520263718833,2.543464809475803
2025-09-29 16:00:00,114265.55,-1.1362039616930146,0.009837239050326074,-0.011177109981101715,LOW_OSCILLATION,0.6,True,是,LONG,LONG,1.6330018236225865,2.660561794171393
2025-10-01 16:00:00,117439.53,-1.062605986630916,0.00979881946601191,-0.010412284226499813,LOW_OSCILLATION,0.6,True,是,LONG,LONG,1.4268999300460412,2.991262620293446
2025-10-01 20:00:00,118594.99,-1.0204706173495075,0.009269555499252569,-0.00945930902287779,LOW_OSCILLATION,0.6,True,是,LONG,LONG,0.8969065053352752,3.6094160689553187
2025-10-02 00:00:00,118733.99,-0.9648326403923875,0.008608975181667144,-0.008306220255600445,LOW_OSCILLATION,0.6,True,是,LONG,LONG,1.455652670306196,3.363581430149269
2025-10-02 04:00:00,118489.76,-0.900368253720569,0.007829652340158533,-0.007049570404747704,LOW_OSCILLATION,0.6,True,是,LONG,LONG,0.6264832229402424,2.8423457976990134
2025-10-02 08:00:00,118765.73,-0.8376763377325177,0.006988638396141833,-0.005854217017416947,LOW_OSCILLATION,0.6,True,是,LONG,LONG,0.5238269893064658,2.7802001700051835
2025-10-02 12:00:00,119910.78,-0.7772091842756977,0.006118367565971394,-0.004755251465047514,LOW_OSCILLATION,0.6,True,是,LONG,LONG,1.7281875066569399,3.3997640546612966
2025-10-02 16:00:00,120836.49,-0.7297309081044001,0.005253106574232724,-0.00383335423078404,LOW_OSCILLATION,0.6,True,是,LONG,LONG,1.5769228133114217,3.7830736598382466
2025-10-02 20:00:00,120529.35,-0.6829338167310338,0.004351041689077961,-0.0029714735074778563,LOW_OSCILLATION,0.6,True,是,LONG,LONG,0.7742020968685158,3.1734737109292026
2025-10-20 08:00:00,111016.75,-0.6787534095503215,0.007552380430811523,-0.005126203967634447,LOW_OSCILLATION,0.6,True,是,LONG,LONG,0.9432642124307168,1.993759212975798
2025-10-20 12:00:00,111144.55,-0.7035983700776379,0.007922613299777392,-0.0055743378044787895,LOW_OSCILLATION,0.6,True,是,LONG,LONG,0.8816218236144319,1.9062753000477413
2025-10-20 16:00:00,110803.22,-0.7190763879048291,0.00816816951351651,-0.005873537829573797,LOW_OSCILLATION,0.6,True,是,LONG,LONG,1.281484694638985,1.439387848470822
2025-10-20 20:00:00,110532.09,-0.7231497788988687,0.008290924169796487,-0.005995579980255616,LOW_OSCILLATION,0.6,True,是,LONG,LONG,0.5303053419799716,1.076504616971174
2025-10-21 00:00:00,109059.22,-0.710181081742777,0.008237491153900267,-0.005850110378523448,LOW_OSCILLATION,0.6,True,是,LONG,LONG,0.9620624732692545,-0.2446809010390571
2025-10-21 04:00:00,108086.37,-0.6909118245795858,0.008033660998316483,-0.005550551378400698,LOW_OSCILLATION,0.6,True,是,LONG,LONG,1.8558284137665602,-1.0275957718673459
2025-10-21 08:00:00,108580.01,-0.666617361669847,0.007763239457867166,-0.005175110205414664,LOW_OSCILLATION,0.6,True,是,LONG,LONG,1.118598662311113,-0.5210485341677124
2025-10-21 12:00:00,113422.61,-0.6570666801867407,0.007563599656134734,-0.0049697893163180235,LOW_OSCILLATION,0.6,True,是,LONG,LONG,3.307540779786577,3.5295685121396034
2025-11-12 04:00:00,103112.66,0.6765001978537033,-0.007226944543900271,-0.004889029413826275,HIGH_OSCILLATION,0.6,True,是,SHORT,SHORT,0.6364297277180043,-0.8992761419698841
2025-11-12 08:00:00,105020.83,0.7356500143415746,-0.008307198069532173,-0.006111190378989644,HIGH_OSCILLATION,0.6,True,是,SHORT,SHORT,1.0206119680418835,0.8448838705126188
2025-11-12 12:00:00,102173.51,0.8005058965900402,-0.009400815254195338,-0.007525408043736966,HIGH_OSCILLATION,0.6,False,否,SHORT,SHORT,1.412153527428062,-1.712373533623444
2025-11-15 04:00:00,96333.86,0.7489467822805423,-0.009534649787228067,-0.007140945278316318,HIGH_OSCILLATION,0.6,True,是,SHORT,SHORT,0.4589262660143857,-2.7944176895116177
2025-11-15 08:00:00,95696.87,0.6866170969535097,-0.00856508231611175,-0.005880931955056493,HIGH_OSCILLATION,0.6,True,是,SHORT,SHORT,0.4227347070105922,-3.1200355257209758
2025-11-21 12:00:00,82932.47,-0.6794968521811299,0.0011703804907751691,-0.0007952698593359334,LOW_OSCILLATION,0.6,True,是,LONG,LONG,3.0309601652260914,-6.52359465696737
2025-11-21 16:00:00,84209.3,-0.7361567414924067,0.002391884022636015,-0.0017608015481314788,LOW_OSCILLATION,0.6,True,是,LONG,LONG,1.0504036539642532,-4.6225825812107235
2025-11-21 20:00:00,85129.43,-0.8012012584301997,0.003759368315689793,-0.0030120106254332823,LOW_OSCILLATION,0.6,True,是,LONG,LONG,0.5658841851131196,-3.250513329119873
2025-11-22 00:00:00,84440.47,-0.862809241726191,0.005166627144441049,-0.004457813648777138,LOW_OSCILLATION,0.6,True,是,LONG,LONG,0.3908913180197139,-3.663444056379318
2025-11-22 04:00:00,84580.06,-0.9234979167333854,0.006621605216234561,-0.006115038622623535,LOW_OSCILLATION,0.6,True,是,LONG,LONG,0.2969288873633745,-3.1810724637356924
2025-11-22 08:00:00,84098.94,-0.9818132582431036,0.008059917155662233,-0.007913333523770225,LOW_OSCILLATION,0.6,True,是,LONG,LONG,0.44656974478239847,-3.3884435726102327
2025-11-22 12:00:00,84284.01,-1.0450023618742887,0.009488772530781953,-0.009915789705955013,LOW_OSCILLATION,0.6,True,是,LONG,LONG,0.363726686907011,-2.8820944704696463
2025-11-26 00:00:00,87119.92,-0.730284810996804,0.008782143909376705,-0.0064134663050059,LOW_OSCILLATION,0.6,True,是,LONG,LONG,0.6584954006199814,0.03999142252633369
2025-12-01 08:00:00,86149.15,0.652097737765648,-0.003005247381036469,-0.0019597150186000194,HIGH_OSCILLATION,0.6,False,否,SHORT,SHORT,1.1513920073753312,-3.8296500081308333
2025-12-01 12:00:00,84677.87,0.7256794538146792,-0.003565697119066069,-0.00258755313783244,HIGH_OSCILLATION,0.6,False,否,SHORT,SHORT,2.7793936216841635,-4.9768618686247565
2025-12-01 16:00:00,85024.5,0.7892666897098697,-0.004130308678385597,-0.003259915058069347,HIGH_OSCILLATION,0.6,False,否,SHORT,SHORT,1.535663352932701,-4.169158876507527
2025-12-01 20:00:00,86286.01,0.8398894981792545,-0.004655890193667966,-0.0039104332783375,HIGH_OSCILLATION,0.6,False,否,SHORT,SHORT,1.2301368258692824,-2.492186738366591
2025-12-02 00:00:00,86976.99,0.8834078506465826,-0.005165957264303023,-0.004563647203390033,HIGH_OSCILLATION,0.6,False,否,SHORT,SHORT,1.1613310281170652,-1.550885051963369
2025-12-02 04:00:00,87012.65,0.9199229895433649,-0.0056769357280676,-0.005222343686409486,HIGH_OSCILLATION,0.6,True,是,SHORT,SHORT,0.6123891049634336,-1.3686312615514082
2025-12-02 08:00:00,87368.92,0.9548402339368649,-0.006176510229654264,-0.005897580472596517,HIGH_OSCILLATION,0.6,False,否,SHORT,SHORT,1.1388340844167388,-0.8737070072493389
2025-12-02 12:00:00,90850.01,0.9707136084300061,-0.006565910168413125,-0.006373618352207573,HIGH_OSCILLATION,0.6,False,否,SHORT,SHORT,2.7722610802663734,2.7747733873298923
2025-12-02 16:00:00,91903.39,0.9744588139575344,-0.006939881446161422,-0.006762628643032358,HIGH_OSCILLATION,0.6,False,否,SHORT,SHORT,1.7021724477367044,3.575158258848084
2025-12-02 20:00:00,91277.88,0.981269565056236,-0.007352479429335479,-0.007214764291708947,HIGH_OSCILLATION,0.6,False,否,SHORT,SHORT,1.1691107216783432,2.5897758328968035
2025-12-03 00:00:00,92628.91,0.9871869066544544,-0.00774042189743851,-0.007641243149132725,HIGH_OSCILLATION,0.6,False,否,SHORT,SHORT,1.1376456508239126,3.702489441435829
2025-12-03 04:00:00,92999.99,0.9991603840083536,-0.008159798019651054,-0.00815294692274515,HIGH_OSCILLATION,0.6,False,否,SHORT,SHORT,1.1173610809568417,3.711192599927307
2025-12-03 08:00:00,93005.68,1.0142034792265313,-0.008623600377902885,-0.008746085506728335,HIGH_OSCILLATION,0.6,False,否,SHORT,SHORT,0.6672257077182349,3.3516202559861705
2025-12-03 12:00:00,92373.3,1.0261099006670935,-0.009127873689591781,-0.0093662015649288,HIGH_OSCILLATION,0.6,False,否,SHORT,SHORT,1.46578505216518,2.3905878568057486
2025-12-03 16:00:00,93024.99,1.0350688201992855,-0.009609529923325644,-0.009946524800406404,HIGH_OSCILLATION,0.6,False,否,SHORT,SHORT,0.8044507861362434,2.8081526857927006
2025-12-27 00:00:00,87514.22,-0.6896765896084491,0.0026754275623813717,-0.0018451797569676307,LOW_OSCILLATION,0.6,True,是,LONG,LONG,0.35918693925457634,-0.3232496095892781
2025-12-27 04:00:00,87539.26,-0.7362895960301026,0.003458514977330074,-0.0025464685955224197,LOW_OSCILLATION,0.6,True,是,LONG,LONG,0.28812636001429903,-0.2667349912565022
2025-12-27 08:00:00,87475.98,-0.7734649505083813,0.0042498716121177615,-0.003287126736133639,LOW_OSCILLATION,0.6,True,是,LONG,LONG,0.6114640597496726,-0.3066591989069039
2025-12-27 12:00:00,87551.25,-0.8091062516458193,0.005044010585653513,-0.0040811404982199475,LOW_OSCILLATION,0.6,True,是,LONG,LONG,0.4325316358304378,-0.19988277155381282
2025-12-27 16:00:00,87569.39,-0.8539884368652884,0.0058614199567676994,-0.0050055848666910535,LOW_OSCILLATION,0.6,True,是,LONG,LONG,0.33299920103196906,-0.16216543720178211
2025-12-27 20:00:00,87877.01,-0.8980559252822693,0.006702382454240263,-0.006019114276538387,LOW_OSCILLATION,0.6,True,是,LONG,LONG,0.542777305211837,0.1705640650780118
2025-12-28 00:00:00,87740.01,-0.9350858089977409,0.007528975568004914,-0.0070402382099321,LOW_OSCILLATION,0.6,True,是,LONG,LONG,0.4261830718136315,0.013026990832611942
2025-12-28 04:00:00,87730.85,-0.9668603772731035,0.008331781203822164,-0.00805566911808445,LOW_OSCILLATION,0.6,True,是,LONG,LONG,0.2850793124073612,0.002339433330600616
2025-12-28 08:00:00,87883.25,-0.9916826513758927,0.009095289765902237,-0.009019641070081953,LOW_OSCILLATION,0.6,True,是,LONG,LONG,0.4882678430689913,0.15926261968170302
2025-12-28 12:00:00,87836.27,-1.0094990163363098,0.00979980747248077,-0.009892896003754556,LOW_OSCILLATION,0.6,True,是,LONG,LONG,0.5233464013527908,0.09564197660187351
