时间,信号类型,量能比率,价格vsEMA%,价格vsEMA_lag1,Delta_价格vsEMA,Manual_Action,ROC_Prediction,ROC_Reason,V7.0.5通过,黄金信号
2025-08-19 20:00:00,BEARISH_SINGULARITY,1.211057214393044,-2.443886686,,0.0,OPEN,HOLD,默认观望,True,开多
2025-08-20 00:00:00,BEARISH_SINGULARITY,1.3651891070313045,-1.703571631,-2.443886686,0.7403150549999999,OPEN,REVERSE_LONG,反多-价格回升0.74%+量能1.37,True,开仓多
2025-08-20 04:00:00,BEARISH_SINGULARITY,0.5920290954909955,-1.571953139,-1.703571631,0.13161849199999986,HOLD,HOLD,默认观望,True,继续持多
2025-08-20 08:00:00,BEARISH_SINGULARITY,0.984803652,-1.285444249,-1.571953139,0.2865088900000001,HOLD,HOLD,默认观望,True,继续持多
2025-08-20 12:00:00,BEARISH_SINGULARITY,1.796474068828177,-1.410847421,-1.285444249,-0.12540317199999995,HOLD,HOLD,默认观望,True,继续持多
2025-08-20 16:00:00,BEARISH_SINGULARITY,0.992283571,-0.550699516,-1.410847421,0.8601479049999999,HOLD,REVERSE_LONG,反多-价格回升0.86%+量能0.99,True,继续持多
2025-08-20 20:00:00,BEARISH_SINGULARITY,0.5871923921938002,-0.502785443,-0.550699516,0.047914072999999946,REVERSE_SHORT,HOLD,默认观望,True,平仓/反手空
2025-08-21 00:00:00,BEARISH_SINGULARITY,0.604902571,-0.704852513,-0.502785443,-0.2020670699999999,HOLD,HOLD,默认观望,True,继续持空
2025-08-21 04:00:00,BEARISH_SINGULARITY,0.5896713034729272,-0.684407044,-0.704852513,0.020445468999999994,REVERSE_LONG,HOLD,默认观望,True,空平/反多
2025-08-21 08:00:00,BEARISH_SINGULARITY,0.599126429,-1.210394602,-0.684407044,-0.5259875580000001,HOLD,HOLD,默认观望,True,继续持多
2025-08-21 12:00:00,BEARISH_SINGULARITY,1.018985291684699,-1.378795284,-1.210394602,-0.1684006819999999,HOLD,HOLD,默认观望,True,继续持多
2025-08-21 16:00:00,BEARISH_SINGULARITY,1.004445054882292,-1.723968917,-1.378795284,-0.34517363300000015,HOLD,REVERSE_SHORT,反空-价格回落-0.35%+量能1.00,True,继续持多
2025-08-21 20:00:00,BEARISH_SINGULARITY,0.463726493,-1.318867095,-1.723968917,0.405101822,OPEN,HOLD,默认观望,True,空平仓/ 开仓多
2025-08-22 00:00:00,BEARISH_SINGULARITY,0.6799056727198388,-0.853370545,-1.318867095,0.4654965500000001,HOLD,HOLD,默认观望,True,继续持多
2025-08-22 04:00:00,BEARISH_SINGULARITY,0.692879247,-0.640994781,-0.853370545,0.21237576400000002,REVERSE_LONG,HOLD,默认观望,True,多平/反空
2025-08-22 08:00:00,BEARISH_SINGULARITY,0.8162433694198452,-1.197347783,-0.640994781,-0.5563530020000002,HOLD,HOLD,默认观望,True,继续持空
2025-08-22 16:00:00,BEARISH_SINGULARITY,1.4555707085402383,2.153816431827924,-1.197347783,3.351164214827924,HOLD,REVERSE_LONG,反多-价格回升3.35%+量能1.46,True,继续持空
2025-08-22 20:00:00,BEARISH_SINGULARITY,0.7555224549369257,2.165741330382413,2.153816431827924,0.011924898554489083,HOLD,HOLD,默认观望,True,继续持空
2025-08-23 00:00:00,BEARISH_SINGULARITY,0.9649104102932008,0.8779068720239656,2.165741330382413,-1.2878344583584476,REVERSE_LONG,REVERSE_SHORT,反空-价格回落-1.29%+量能0.96,True,多空仓/反手空
2025-08-23 04:00:00,BEARISH_SINGULARITY,0.8285408455879127,0.9754894283090476,0.8779068720239656,0.09758255628508206,HOLD,HOLD,高张力-避免,True,继续持空
2025-08-23 08:00:00,BEARISH_SINGULARITY,0.4985644792101938,0.4962666393018118,0.9754894283090476,-0.4792227890072358,HOLD,HOLD,高张力-避免,True,继续持空
2025-08-23 12:00:00,BEARISH_SINGULARITY,1.1137451002913437,0.056896622,0.4962666393018118,-0.4393700173018118,HOLD,HOLD,高张力-避免,True,继续持空
2025-08-23 16:00:00,BEARISH_SINGULARITY,0.4162443582562181,0.3045139210257884,0.056896622,0.24761729902578838,HOLD,HOLD,高张力-避免,True,继续持空
2025-08-23 20:00:00,BEARISH_SINGULARITY,0.3946493228285967,0.5149647806521009,0.3045139210257884,0.21045085962631255,HOLD,HOLD,高张力-避免,True,继续持空
2025-08-24 00:00:00,BEARISH_SINGULARITY,0.8169413274942211,0.1491620488708169,0.5149647806521009,-0.36580273178128403,HOLD,HOLD,高张力-避免,True,继续持空
2025-08-24 04:00:00,BEARISH_SINGULARITY,0.7001554125542437,0.018529324,0.1491620488708169,-0.1306327248708169,HOLD,HOLD,高张力-避免,True,继续持空
2025-08-24 08:00:00,BEARISH_SINGULARITY,0.8964646670920398,-0.107674396,0.018529324,-0.12620372000000002,HOLD,HOLD,高张力-避免,True,继续持空
2025-08-24 12:00:00,BEARISH_SINGULARITY,1.051035614462017,-0.357685233,-0.107674396,-0.250010837,HOLD,HOLD,高张力-避免,True,继续持空
2025-08-24 16:00:00,BEARISH_SINGULARITY,2.8962509888814183,-1.745305004,-0.357685233,-1.387619771,REVERSE_LONG,REVERSE_SHORT,反空-价格回落-1.39%+量能2.90,True,黄金/空平反多
2025-08-24 20:00:00,BEARISH_SINGULARITY,1.4380470235102416,-0.874404982,-1.745305004,0.8709000219999999,HOLD,REVERSE_LONG,反多-价格回升0.87%+量能1.44,True,继续持多
2025-08-25 00:00:00,BEARISH_SINGULARITY,0.8068319560739156,-1.248527212,-0.874404982,-0.3741222299999999,HOLD,HOLD,默认观望,True,继续持多
2025-08-25 04:00:00,BEARISH_SINGULARITY,1.3062239963449849,-2.24687112,-1.248527212,-0.9983439080000003,HOLD,REVERSE_SHORT,反空-价格回落-1.00%+量能1.31,True,继续持多
2025-08-25 08:00:00,BEARISH_SINGULARITY,1.2492562543830392,-2.27353833,-2.24687112,-0.02666720999999983,HOLD,HOLD,默认观望,True,继续持多
2025-08-25 12:00:00,BEARISH_SINGULARITY,1.3624460161588137,-1.275083277,-2.27353833,0.998455053,HOLD,REVERSE_LONG,反多-价格回升1.00%+量能1.36,True,继续持多
2025-08-25 16:00:00,BEARISH_SINGULARITY,0.906471959,-2.341215677,-1.275083277,-1.0661324,HOLD,REVERSE_SHORT,反空-价格回落-1.07%+量能0.91,True,继续持多
2025-08-25 20:00:00,BEARISH_SINGULARITY,2.187672884390929,-2.607527253,-2.341215677,-0.2663115760000001,HOLD,HOLD,默认观望,True,继续持多
2025-08-26 00:00:00,BEARISH_SINGULARITY,1.2993817374062877,-2.552022422,-2.607527253,0.055504831000000365,HOLD,HOLD,默认观望,True,继续持多
2025-08-26 04:00:00,BEARISH_SINGULARITY,0.5991984065493355,-1.973134149,-2.552022422,0.5788882729999998,REVERSE_LONG,HOLD,默认观望,True,空平仓/反手多
2025-08-26 20:00:00,OSCILLATION,0.7255420339035564,-0.140363354,-1.973134149,1.832770795,HOLD,HOLD,震荡-观望,False,继续持多
2025-08-27 00:00:00,BULLISH_SINGULARITY,0.6392791728839068,-0.406122953,-0.140363354,-0.265759599,HOLD,HOLD,默认观望,True,继续持多
2025-08-27 04:00:00,BULLISH_SINGULARITY,0.5261567965420816,-0.928786978,-0.406122953,-0.522664025,HOLD,HOLD,默认观望,True,继续持多
2025-08-27 08:00:00,BULLISH_SINGULARITY,0.4662171027785079,-0.357262298,-0.928786978,0.57152468,REVERSE_LONG,HOLD,默认观望,True,多平/反空
2025-08-27 20:00:00,OSCILLATION,0.7481286805715702,-0.419023243,-0.357262298,-0.06176094500000001,REVERSE_LONG,HOLD,震荡-观望,False,多平/反空
2025-08-28 00:00:00,BEARISH_SINGULARITY,0.3852799545579685,0.2184466446915304,-0.419023243,0.6374698876915303,HOLD,HOLD,默认观望,True,继续持空
2025-08-28 04:00:00,BEARISH_SINGULARITY,0.817583265,1.0983325850712489,0.2184466446915304,0.8798859403797185,HOLD,HOLD,默认观望,True,继续持空
2025-08-28 08:00:00,BEARISH_SINGULARITY,0.4750126080402641,0.8272914234575367,1.0983325850712489,-0.27104116161371217,REVERSE_LONG,HOLD,默认观望,True,多空仓/反手空
2025-08-28 12:00:00,BEARISH_SINGULARITY,1.0509701468803228,0.5618162214638037,0.8272914234575367,-0.265475201993733,REVERSE_LONG,HOLD,默认观望,True,空平/反多
2025-08-28 16:00:00,BEARISH_SINGULARITY,0.6411084836338397,-0.119246289,0.5618162214638037,-0.6810625104638037,REVERSE_LONG,HOLD,默认观望,True,多平/反空
2025-08-28 20:00:00,BEARISH_SINGULARITY,0.4135199790094058,0.4293871849204796,-0.119246289,0.5486334739204797,REVERSE_LONG,HOLD,默认观望,True,空平/反多
2025-08-29 16:00:00,OSCILLATION,0.9544664611055004,-2.575736121,0.4293871849204796,-3.0051233059204794,REVERSE_LONG,HOLD,震荡-观望,False,黄金/空平反多
2025-08-29 20:00:00,BULLISH_SINGULARITY,1.1358943829325332,-2.200793571,-2.575736121,0.37494254999999965,REVERSE_LONG,REVERSE_LONG,反多-价格回升0.37%+量能1.14,False,平空/反手多
2025-08-30 00:00:00,BULLISH_SINGULARITY,1.2300505987398176,-1.947169635,-2.200793571,0.2536239360000001,HOLD,HOLD,默认观望,False,继续持多
2025-08-30 04:00:00,BULLISH_SINGULARITY,1.1437571543846348,-1.69269138,-1.947169635,0.254478255,HOLD,HOLD,默认观望,False,继续持多
2025-08-30 08:00:00,BULLISH_SINGULARITY,0.5385779558990268,-1.405910065,-1.69269138,0.28678131500000004,HOLD,HOLD,默认观望,True,继续持多
2025-08-30 12:00:00,BULLISH_SINGULARITY,0.5885642363758226,-1.117399902,-1.405910065,0.288510163,HOLD,HOLD,默认观望,True,继续持多
2025-08-30 16:00:00,BULLISH_SINGULARITY,0.2634861872117263,-1.046358472,-1.117399902,0.07104142999999996,HOLD,HOLD,默认观望,True,继续持多
2025-08-30 20:00:00,BULLISH_SINGULARITY,0.3177352509579297,-0.95754146,-1.046358472,0.08881701200000014,HOLD,HOLD,默认观望,True,继续持多
2025-08-31 00:00:00,BULLISH_SINGULARITY,0.7206988869860957,-0.531060768,-0.95754146,0.42648069199999994,HOLD,HOLD,默认观望,True,继续持多
2025-08-31 04:00:00,BULLISH_SINGULARITY,0.4974993314729847,-0.906162635,-0.531060768,-0.37510186700000003,HOLD,HOLD,默认观望,True,继续持多
2025-08-31 08:00:00,BULLISH_SINGULARITY,0.6668434354753796,-1.083776921,-0.906162635,-0.17761428599999984,HOLD,HOLD,默认观望,True,继续持多
2025-08-31 12:00:00,BULLISH_SINGULARITY,1.0244078469761382,-0.626812972,-1.083776921,0.4569639489999999,HOLD,REVERSE_LONG,反多-价格回升0.46%+量能1.02,False,继续持多
2025-08-31 16:00:00,OSCILLATION,0.5190840144753737,-0.475386802,-0.626812972,0.15142616999999997,HOLD,HOLD,震荡-观望,False,继续持多
2025-08-31 20:00:00,OSCILLATION,0.5647501203015255,-0.996289195,-0.475386802,-0.5209023930000001,HOLD,HOLD,震荡-观望,False,继续持多
2025-09-01 12:00:00,OSCILLATION,0.9466299085628728,-0.312098242,-0.996289195,0.684190953,HOLD,HOLD,震荡-观望,False,继续持多
2025-09-01 16:00:00,OSCILLATION,0.6667709059605984,0.076879398,-0.312098242,0.38897764,HOLD,HOLD,震荡-观望,False,继续持多
2025-09-01 20:00:00,OSCILLATION,1.4388743514287827,0.085948177,0.076879398,0.009068778999999999,HOLD,HOLD,震荡-观望,False,继续持多
2025-09-02 00:00:00,BULLISH_SINGULARITY,1.4923277651309663,0.9759865503915492,0.085948177,0.8900383733915492,REVERSE_LONG,REVERSE_LONG,反多-价格回升0.89%+量能1.49,False,多平/反空
2025-09-02 04:00:00,BULLISH_SINGULARITY,0.9440195664875176,0.8092562497844566,0.9759865503915492,-0.1667303006070926,REVERSE_LONG,HOLD,默认观望,True,多平/反空
2025-09-02 08:00:00,BULLISH_SINGULARITY,1.2131705730985065,0.3178941570357698,0.8092562497844566,-0.49136209274868686,HOLD,REVERSE_SHORT,反空-价格回落-0.49%+量能1.21,False,继续持空
2025-09-02 20:00:00,OSCILLATION,0.692369452,1.3141115415745417,0.3178941570357698,0.9962173845387718,HOLD,HOLD,震荡-观望,False,继续持空
2025-09-03 00:00:00,OSCILLATION,0.9613212279414344,1.0345605332022083,1.3141115415745417,-0.2795510083723334,HOLD,HOLD,震荡-观望,False,继续持空
2025-09-03 04:00:00,OSCILLATION,0.6434622572335598,0.9727909200673256,1.0345605332022083,-0.06176961313488272,HOLD,HOLD,震荡-观望,False,继续持空
2025-09-03 12:00:00,BEARISH_SINGULARITY,1.420357788248189,1.6881099113734306,0.9727909200673256,0.715318991306105,HOLD,REVERSE_LONG,反多-价格回升0.72%+量能1.42,True,继续持空
2025-09-03 16:00:00,BEARISH_SINGULARITY,0.7774210970317674,1.5011865554574395,1.6881099113734306,-0.18692335591599107,HOLD,HOLD,默认观望,True,继续持空
2025-09-03 20:00:00,BEARISH_SINGULARITY,0.3881492455163882,0.9577805898184903,1.5011865554574395,-0.5434059656389492,HOLD,HOLD,默认观望,True,继续持空
2025-09-04 00:00:00,BEARISH_SINGULARITY,0.6046358005979585,0.4111341300250389,0.9577805898184903,-0.5466464597934515,REVERSE_LONG,HOLD,默认观望,True,空平/反多
2025-09-04 04:00:00,BEARISH_SINGULARITY,0.9153657794991216,-0.188445652,0.4111341300250389,-0.5995797820250389,HOLD,REVERSE_SHORT,反空-价格回落-0.60%+量能0.92,True,继续持多
2025-09-04 08:00:00,BEARISH_SINGULARITY,0.5195106195374984,0.1128722876514683,-0.188445652,0.3013179396514683,HOLD,HOLD,默认观望,True,继续持多
2025-09-04 12:00:00,BEARISH_SINGULARITY,1.2658511858862884,-0.96124172,0.1128722876514683,-1.0741140076514684,HOLD,REVERSE_SHORT,反空-价格回落-1.07%+量能1.27,True,继续持多
2025-09-04 16:00:00,BEARISH_SINGULARITY,0.8978365284025687,-0.633086677,-0.96124172,0.328155043,REVERSE_LONG,HOLD,高张力-避免,True,多平/反空
2025-09-04 20:00:00,BEARISH_SINGULARITY,0.8463131209436908,0.1893670105250857,-0.633086677,0.8224536875250856,REVERSE_LONG,HOLD,默认观望,True,空平/反多
2025-09-05 00:00:00,BEARISH_SINGULARITY,0.7062758632570026,0.646433585,0.1893670105250857,0.45706657447491433,REVERSE_LONG,HOLD,默认观望,True,多平/反空
2025-09-05 04:00:00,BEARISH_SINGULARITY,1.461637902800368,1.924685590872036,0.646433585,1.278252005872036,HOLD,REVERSE_LONG,反多-价格回升1.28%+量能1.46,True,继续持空
2025-09-05 08:00:00,OSCILLATION,0.8430118824648704,1.2496261815658796,1.924685590872036,-0.6750594093061564,HOLD,HOLD,震荡-观望,False,继续持空
2025-09-05 12:00:00,OSCILLATION,3.613217884009143,-0.204289472,1.2496261815658796,-1.4539156535658795,HOLD,REVERSE_SHORT,反空-价格回落-1.45%+量能3.61,False,继续持空
2025-09-05 16:00:00,OSCILLATION,0.8028808952378277,0.5469567570060887,-0.204289472,0.7512462290060887,HOLD,HOLD,震荡-观望,False,继续持空
2025-09-05 20:00:00,OSCILLATION,1.0098942366255668,-0.283221547,0.5469567570060887,-0.8301783040060887,HOLD,HOLD,震荡-观望,False,继续持空
2025-09-06 04:00:00,BEARISH_SINGULARITY,0.2924329479686491,-0.129613788,-0.283221547,0.153607759,REVERSE_LONG,HOLD,默认观望,True,空平/反多
2025-09-06 08:00:00,BEARISH_SINGULARITY,0.2739010339112355,-0.153641666,-0.129613788,-0.024027878000000003,HOLD,HOLD,默认观望,True,继续持多
2025-09-06 12:00:00,BEARISH_SINGULARITY,0.3959197004013461,-0.462865039,-0.153641666,-0.30922337299999997,HOLD,HOLD,默认观望,True,继续持多
2025-09-06 16:00:00,BEARISH_SINGULARITY,0.6235897639813041,-0.70137363,-0.462865039,-0.238508591,HOLD,HOLD,默认观望,True,继续持多
2025-09-06 20:00:00,BEARISH_SINGULARITY,0.293819385,-0.512743448,-0.70137363,0.18863018199999992,HOLD,HOLD,默认观望,True,继续持多
2025-09-07 00:00:00,BEARISH_SINGULARITY,0.4663016649251086,-0.103523169,-0.512743448,0.409220279,HOLD,HOLD,默认观望,True,继续持多
2025-09-07 12:00:00,OSCILLATION,0.4307621167242868,0.4351625538272183,-0.103523169,0.5386857228272183,HOLD,HOLD,震荡-观望,False,继续持多
2025-09-07 16:00:00,OSCILLATION,0.4876118254795937,0.3364638017806783,0.4351625538272183,-0.09869875204654,HOLD,HOLD,震荡-观望,False,继续持多
2025-09-07 20:00:00,BULLISH_SINGULARITY,0.4768444713210623,0.2043015985945931,0.3364638017806783,-0.1321622031860852,HOLD,HOLD,默认观望,True,继续持多
2025-09-08 00:00:00,BULLISH_SINGULARITY,0.9462725283319072,0.1153033597798491,0.2043015985945931,-0.088998238814744,HOLD,HOLD,默认观望,True,继续持多
2025-09-08 04:00:00,BULLISH_SINGULARITY,0.7535990928123307,0.2904316180976915,0.1153033597798491,0.17512825831784243,HOLD,HOLD,默认观望,True,继续持多
2025-09-08 08:00:00,BULLISH_SINGULARITY,1.4982310762518352,0.891462029,0.2904316180976915,0.6010304109023086,HOLD,REVERSE_LONG,反多-价格回升0.60%+量能1.50,False,继续持多
2025-09-08 12:00:00,BULLISH_SINGULARITY,1.681659998679231,1.2767817086824036,0.891462029,0.38531967968240355,HOLD,REVERSE_LONG,反多-价格回升0.39%+量能1.68,False,继续持多
2025-09-08 16:00:00,BULLISH_SINGULARITY,0.9442892785149064,0.7198448100239001,1.2767817086824036,-0.5569368986585035,HOLD,REVERSE_SHORT,反空-价格回落-0.56%+量能0.94,True,继续持多
2025-09-08 20:00:00,BULLISH_SINGULARITY,0.8366734,0.6247981172101297,0.7198448100239001,-0.09504669281377043,HOLD,HOLD,默认观望,True,继续持多
2025-09-09 00:00:00,BULLISH_SINGULARITY,1.5571521161483448,0.2750012380802761,0.6247981172101297,-0.3497968791298536,HOLD,REVERSE_SHORT,反空-价格回落-0.35%+量能1.56,False,继续持多
2025-09-09 04:00:00,BULLISH_SINGULARITY,2.1323127087582527,1.2891521649922688,0.2750012380802761,1.0141509269119928,HOLD,REVERSE_LONG,反多-价格回升1.01%+量能2.13,False,继续持多
2025-09-09 08:00:00,BULLISH_SINGULARITY,1.3061449409410406,0.7136570989633144,1.2891521649922688,-0.5754950660289544,HOLD,REVERSE_SHORT,反空-价格回落-0.58%+量能1.31,False,继续持多
2025-09-09 12:00:00,BULLISH_SINGULARITY,2.888088006725402,-0.61319793,0.7136570989633144,-1.3268550289633145,HOLD,REVERSE_SHORT,反空-价格回落-1.33%+量能2.89,False,继续持多
2025-09-09 16:00:00,BULLISH_SINGULARITY,1.2558857555327798,-0.213612699,-0.61319793,0.399585231,HOLD,REVERSE_LONG,反多-价格回升0.40%+量能1.26,False,继续持多
2025-09-11 04:00:00,OSCILLATION,0.8137197408781234,1.3123113003164404,-0.213612699,1.5259239993164404,HOLD,HOLD,震荡-观望,False,继续持多
2025-09-11 08:00:00,OSCILLATION,0.6323459420062114,1.11884738,1.3123113003164404,-0.19346392031644033,REVERSE_LONG,HOLD,震荡-观望,False,多平/反空
2025-09-12 20:00:00,OSCILLATION,0.8438159030817044,1.5105457756564442,1.11884738,0.39169839565644415,HOLD,HOLD,震荡-观望,False,继续持空
2025-09-13 00:00:00,BULLISH_SINGULARITY,0.89242691,1.3075581814193478,1.5105457756564442,-0.20298759423709645,REVERSE_LONG,HOLD,默认观望,True,黄金/多平反空
2025-09-13 04:00:00,BULLISH_SINGULARITY,0.4262905693784213,1.040956077661537,1.3075581814193478,-0.2666021037578108,HOLD,HOLD,默认观望,True,继续持空
2025-09-13 08:00:00,BULLISH_SINGULARITY,0.4975662848722725,1.0948405696898211,1.040956077661537,0.05388449202828416,HOLD,HOLD,默认观望,True,继续持空
2025-09-13 12:00:00,BULLISH_SINGULARITY,0.568754823,0.8278289780013954,1.0948405696898211,-0.2670115916884257,HOLD,HOLD,默认观望,True,继续持空
2025-09-13 16:00:00,BULLISH_SINGULARITY,0.6722445669006868,0.7707728434888934,0.8278289780013954,-0.05705613451250202,HOLD,HOLD,默认观望,True,继续持空
2025-09-13 20:00:00,BULLISH_SINGULARITY,0.3671873554312763,0.7921088211607067,0.7707728434888934,0.021335977671813278,HOLD,HOLD,默认观望,True,继续持空
2025-09-17 08:00:00,OSCILLATION,0.925528475,0.3241969582681166,0.7921088211607067,-0.46791186289259007,HOLD,HOLD,震荡-观望,False,继续持空
2025-09-18 16:00:00,LOW_OSCILLATION,0.8361055147219159,0.8294793318271914,0.3241969582681166,0.5052823735590748,HOLD,HOLD,默认观望,True,继续持空
2025-09-18 20:00:00,BULLISH_SINGULARITY,0.6529802063964203,0.4576834170294723,0.8294793318271914,-0.37179591479771906,HOLD,HOLD,默认观望,True,继续持空
2025-09-19 00:00:00,BULLISH_SINGULARITY,0.6380706630574847,0.3394821755861466,0.4576834170294723,-0.11820124144332572,HOLD,HOLD,高张力-避免,True,继续持空
2025-09-19 04:00:00,BULLISH_SINGULARITY,0.7289035824244772,0.254611871,0.3394821755861466,-0.08487030458614658,REVERSE_LONG,HOLD,高张力-避免,True,空平/反多
2025-09-19 08:00:00,BULLISH_SINGULARITY,0.5842007910564682,-0.169432413,0.254611871,-0.424044284,HOLD,HOLD,高张力-避免,True,继续持多
2025-09-19 12:00:00,BULLISH_SINGULARITY,1.2265204390978877,-0.549912164,-0.169432413,-0.380479751,HOLD,REVERSE_SHORT,反空-价格回落-0.38%+量能1.23,False,继续持多
2025-09-19 16:00:00,BULLISH_SINGULARITY,0.6513305603654788,-1.088043213,-0.549912164,-0.538131049,HOLD,HOLD,默认观望,True,继续持多
2025-09-19 20:00:00,BULLISH_SINGULARITY,0.3905267074593596,-0.590471536,-1.088043213,0.49757167699999993,HOLD,HOLD,默认观望,True,继续持多
2025-09-20 00:00:00,BULLISH_SINGULARITY,0.3643659414484349,-0.680472386,-0.590471536,-0.09000085000000002,HOLD,HOLD,默认观望,True,继续持多
2025-09-20 04:00:00,BULLISH_SINGULARITY,0.3906684285135758,-0.208180447,-0.680472386,0.47229193900000005,HOLD,HOLD,默认观望,True,继续持多
2025-09-20 08:00:00,BULLISH_SINGULARITY,0.4172236173545329,-0.246419945,-0.208180447,-0.03823949800000001,HOLD,HOLD,默认观望,True,继续持多
2025-09-20 12:00:00,BULLISH_SINGULARITY,0.4602568676654739,-0.150839121,-0.246419945,0.09558082400000001,HOLD,HOLD,默认观望,True,继续持多
2025-09-20 16:00:00,BULLISH_SINGULARITY,0.50446407,-0.358347968,-0.150839121,-0.20750884700000002,HOLD,HOLD,默认观望,True,继续持多
2025-09-20 20:00:00,BULLISH_SINGULARITY,0.4009507412673723,-0.337094237,-0.358347968,0.021253730999999998,HOLD,HOLD,高张力-避免,True,继续持多
2025-09-21 00:00:00,BULLISH_SINGULARITY,0.6424170944329632,-0.317738944,-0.337094237,0.019355292999999996,HOLD,HOLD,高张力-避免,True,继续持多
2025-09-21 04:00:00,BULLISH_SINGULARITY,0.5966227853286702,-0.173235231,-0.317738944,0.14450371300000003,HOLD,HOLD,高张力-避免,True,继续持多
2025-09-21 08:00:00,BULLISH_SINGULARITY,0.6357014781627034,-0.322580535,-0.173235231,-0.149345304,HOLD,HOLD,高张力-避免,True,继续持多
2025-09-21 12:00:00,BULLISH_SINGULARITY,0.5680222694109844,-0.34802971,-0.322580535,-0.02544917499999999,HOLD,HOLD,默认观望,True,继续持多
2025-09-21 16:00:00,BULLISH_SINGULARITY,0.6718564819010923,-0.355254441,-0.34802971,-0.007224730999999984,HOLD,HOLD,默认观望,True,继续持多
2025-09-21 20:00:00,BULLISH_SINGULARITY,0.510919113,-0.515125001,-0.355254441,-0.15987056000000005,HOLD,HOLD,默认观望,True,继续持多
2025-09-22 00:00:00,BULLISH_SINGULARITY,2.720522422999454,-0.921882882,-0.515125001,-0.406757881,HOLD,REVERSE_SHORT,反空-价格回落-0.41%+量能2.72,False,继续持多
2025-09-22 12:00:00,OSCILLATION,2.0677606388937946,-1.853866734,-0.921882882,-0.9319838519999999,HOLD,REVERSE_SHORT,反空-价格回落-0.93%+量能2.07,False,继续持多
2025-09-22 16:00:00,OSCILLATION,1.6289635615146874,-2.22767603,-1.853866734,-0.3738092960000001,HOLD,REVERSE_SHORT,反空-价格回落-0.37%+量能1.63,False,继续持多
2025-09-22 20:00:00,OSCILLATION,0.816963911,-1.601569103,-2.22767603,0.6261069269999999,HOLD,HOLD,震荡-观望,False,继续持多
2025-09-23 08:00:00,BULLISH_SINGULARITY,1.0089783330540525,-0.944760467,-1.601569103,0.6568086360000001,HOLD,REVERSE_LONG,反多-价格回升0.66%+量能1.01,False,继续持多
2025-09-23 12:00:00,BULLISH_SINGULARITY,1.0489449086748217,-0.93010252,-0.944760467,0.014657947000000005,HOLD,HOLD,默认观望,False,继续持多
2025-09-23 16:00:00,BULLISH_SINGULARITY,1.2354167920151993,-1.819224534,-0.93010252,-0.8891220139999999,REVERSE_LONG,REVERSE_SHORT,反空-价格回落-0.89%+量能1.24,False,多平/反空
2025-09-23 20:00:00,BULLISH_SINGULARITY,0.6336681073442904,-1.374663159,-1.819224534,0.4445613749999999,REVERSE_LONG,HOLD,默认观望,True,多平/反空
2025-09-24 12:00:00,OSCILLATION,1.1088233476032336,0.053911756,-1.374663159,1.428574915,HOLD,HOLD,震荡-观望,False,继续持空
2025-09-24 16:00:00,OSCILLATION,0.5701617640986058,0.1075463235240209,0.053911756,0.0536345675240209,HOLD,HOLD,震荡-观望,False,继续持空
2025-09-24 20:00:00,OSCILLATION,0.5105047385958748,0.00705769,0.1075463235240209,-0.10048863352402089,HOLD,HOLD,震荡-观望,False,继续持空
2025-09-25 00:00:00,OSCILLATION,1.2435187607406708,-0.601532505,0.00705769,-0.608590195,HOLD,HOLD,震荡-观望,False,继续持空
2025-09-25 04:00:00,OSCILLATION,1.1394473566140793,-1.16854392,-0.601532505,-0.5670114150000001,REVERSE_LONG,HOLD,震荡-观望,False,空平/反多
2025-09-25 12:00:00,BEARISH_SINGULARITY,1.9693185870677123,-1.076221234,-1.16854392,0.09232268600000015,REVERSE_LONG,HOLD,默认观望,True,空平/反多
2025-09-25 16:00:00,BEARISH_SINGULARITY,2.396064240912296,-2.763087033,-1.076221234,-1.6868657990000002,HOLD,REVERSE_SHORT,反空-价格回落-1.69%+量能2.40,True,继续持多
2025-09-25 20:00:00,BEARISH_SINGULARITY,0.8406212402499301,-2.802217159,-2.763087033,-0.039130125999999876,HOLD,HOLD,默认观望,True,继续持多
2025-09-26 00:00:00,BEARISH_SINGULARITY,0.9379071356260548,-2.067409159,-2.802217159,0.7348080000000001,HOLD,REVERSE_LONG,反多-价格回升0.73%+量能0.94,True,继续持多
2025-09-26 04:00:00,BEARISH_SINGULARITY,1.191828774249875,-2.085306604,-2.067409159,-0.017897445000000012,HOLD,HOLD,默认观望,True,继续持多
2025-09-26 16:00:00,OSCILLATION,0.7963718266804782,-1.63830672,-2.085306604,0.4469998839999998,HOLD,HOLD,震荡-观望,False,继续持多
2025-09-26 20:00:00,OSCILLATION,0.3314425460487944,-1.099391252,-1.63830672,0.5389154680000001,HOLD,HOLD,震荡-观望,False,继续持多
2025-09-27 00:00:00,OSCILLATION,0.415617139,-1.069086288,-1.099391252,0.030304963999999934,HOLD,HOLD,震荡-观望,False,继续持多
2025-09-27 04:00:00,OSCILLATION,0.3650409767352044,-1.084990529,-1.069086288,-0.015904240999999875,HOLD,HOLD,震荡-观望,False,继续持多
2025-09-27 08:00:00,OSCILLATION,0.5615855078118447,-1.065457993,-1.084990529,0.019532535999999823,HOLD,HOLD,震荡-观望,False,继续持多
2025-09-27 12:00:00,OSCILLATION,0.4947093280160473,-0.889456049,-1.065457993,0.17600194400000013,HOLD,HOLD,震荡-观望,False,继续持多
2025-09-27 16:00:00,OSCILLATION,0.2592960562586834,-0.787398543,-0.889456049,0.10205750599999996,HOLD,HOLD,震荡-观望,False,继续持多
2025-09-27 20:00:00,OSCILLATION,0.2082350927001208,-0.539091435,-0.787398543,0.248307108,HOLD,HOLD,震荡-观望,False,继续持多
2025-09-29 08:00:00,BEARISH_SINGULARITY,1.3621454891352491,1.2689325061637795,-0.539091435,1.8080239411637795,HOLD,REVERSE_LONG,反多-价格回升1.81%+量能1.36,True,继续持多
2025-09-29 12:00:00,BEARISH_SINGULARITY,3.0485202637188324,2.543464809475803,1.2689325061637795,1.2745323033120235,REVERSE_LONG,REVERSE_LONG,反多-价格回升1.27%+量能3.05,True,多平/反空
2025-09-29 16:00:00,BEARISH_SINGULARITY,1.6330018236225865,2.660561794171433,2.543464809475803,0.11709698469563001,HOLD,HOLD,默认观望,True,继续持空
2025-09-29 20:00:00,BEARISH_SINGULARITY,0.954491533,2.4386243930813967,2.660561794171433,-0.22193740109003635,HOLD,HOLD,默认观望,True,继续持空
2025-09-30 00:00:00,BEARISH_SINGULARITY,1.5622726100430362,2.253256319309817,2.4386243930813967,-0.1853680737715795,HOLD,HOLD,默认观望,True,继续持空
2025-09-30 04:00:00,BEARISH_SINGULARITY,1.3930374742413103,1.4885944846419727,2.253256319309817,-0.7646618346678444,HOLD,REVERSE_SHORT,反空-价格回落-0.76%+量能1.39,True,继续持空
2025-09-30 08:00:00,BEARISH_SINGULARITY,1.6287028316353922,0.8258357279552061,1.4885944846419727,-0.6627587566867666,HOLD,HOLD,高张力-避免,True,继续持空
2025-09-30 12:00:00,BEARISH_SINGULARITY,1.5284525719064228,0.7878034774445656,0.8258357279552061,-0.03803225051064052,HOLD,HOLD,高张力-避免,True,继续持空
2025-09-30 16:00:00,BEARISH_SINGULARITY,1.3226652530434286,1.720521478279649,0.7878034774445656,0.9327180008350834,HOLD,HOLD,高张力-避免,True,继续持空
2025-09-30 20:00:00,BEARISH_SINGULARITY,1.0096637392635288,1.3045384113659209,1.720521478279649,-0.4159830669137281,HOLD,HOLD,高张力-避免,True,继续持空
2025-10-01 00:00:00,BEARISH_SINGULARITY,1.005623672,1.2814262044638058,1.3045384113659209,-0.023112206902115018,HOLD,HOLD,高张力-避免,True,继续持空
2025-10-01 04:00:00,BEARISH_SINGULARITY,0.9469262567596732,1.447788351170229,1.2814262044638058,0.16636214670642313,HOLD,HOLD,高张力-避免,True,继续持空
2025-10-01 08:00:00,BEARISH_SINGULARITY,2.2412637385032337,3.103224857309015,1.447788351170229,1.655436506138786,HOLD,HOLD,高张力-避免,True,继续持空
2025-10-01 12:00:00,BEARISH_SINGULARITY,1.7890298226649457,3.302675326543381,3.103224857309015,0.19945046923436616,HOLD,HOLD,高张力-避免,True,继续持空
2025-10-01 16:00:00,BEARISH_SINGULARITY,1.4268999300460412,2.9912626202935244,3.302675326543381,-0.3114127062498566,HOLD,REVERSE_SHORT,反空-价格回落-0.31%+量能1.43,True,继续持空
2025-10-01 20:00:00,BEARISH_SINGULARITY,0.8969065053352752,3.609416068955319,2.9912626202935244,0.6181534486617948,HOLD,HOLD,默认观望,True,继续持空
2025-10-02 00:00:00,BEARISH_SINGULARITY,1.4556526703061958,3.363581430149296,3.609416068955319,-0.24583463880602308,HOLD,HOLD,默认观望,True,继续持空
2025-10-02 04:00:00,BEARISH_SINGULARITY,0.6264832229402423,2.8423457976991173,3.363581430149296,-0.5212356324501788,HOLD,HOLD,默认观望,True,继续持空
2025-10-02 08:00:00,BEARISH_SINGULARITY,0.5238269893064658,2.780200170005313,2.8423457976991173,-0.06214562769380416,HOLD,HOLD,默认观望,True,继续持空
2025-10-02 12:00:00,BEARISH_SINGULARITY,1.728187507,3.399764054661556,2.780200170005313,0.6195638846562428,HOLD,REVERSE_LONG,反多-价格回升0.62%+量能1.73,True,继续持空
2025-10-02 16:00:00,BEARISH_SINGULARITY,1.5769228133114217,3.7830736598385326,3.399764054661556,0.38330960517697665,HOLD,REVERSE_LONG,反多-价格回升0.38%+量能1.58,True,继续持空
2025-10-02 20:00:00,BEARISH_SINGULARITY,0.7742020968685157,3.173473711,3.7830736598385326,-0.6095999488385324,HOLD,HOLD,默认观望,True,继续持空
2025-10-03 00:00:00,BEARISH_SINGULARITY,0.7752788697193159,2.6289196226364537,3.173473711,-0.5445540883635465,HOLD,HOLD,默认观望,True,继续持空
2025-10-03 04:00:00,BEARISH_SINGULARITY,0.773482447,1.922307162467383,2.6289196226364537,-0.7066124601690706,HOLD,HOLD,默认观望,True,继续持空
2025-10-03 08:00:00,BEARISH_SINGULARITY,1.1502998488343943,2.2689381381843785,1.922307162467383,0.3466309757169954,HOLD,REVERSE_LONG,反多-价格回升0.35%+量能1.15,True,继续持空
2025-10-03 12:00:00,BEARISH_SINGULARITY,1.5676431566364253,3.5188453753540814,2.2689381381843785,1.2499072371697029,HOLD,REVERSE_LONG,反多-价格回升1.25%+量能1.57,True,继续持空
2025-10-03 16:00:00,BEARISH_SINGULARITY,2.720007810795217,3.479611243593237,3.5188453753540814,-0.03923413176084445,HOLD,HOLD,默认观望,True,继续持空
2025-10-03 20:00:00,BEARISH_SINGULARITY,0.4487472114253196,2.8124303645573185,3.479611243593237,-0.6671808790359184,HOLD,HOLD,默认观望,True,继续持空
2025-10-04 04:00:00,OSCILLATION,0.4533318186545664,2.359213427,2.8124303645573185,-0.45321693755731873,HOLD,HOLD,震荡-观望,False,继续持空
2025-10-04 08:00:00,OSCILLATION,0.3837882504489875,1.865253543028218,2.359213427,-0.4939598839717818,HOLD,HOLD,震荡-观望,False,继续持空
2025-10-04 12:00:00,OSCILLATION,0.4464669591498293,1.547602483066689,1.865253543028218,-0.317651059961529,HOLD,HOLD,震荡-观望,False,继续持空
2025-10-04 16:00:00,OSCILLATION,0.4669951709549891,1.524451424806195,1.547602483066689,-0.023151058260493906,HOLD,HOLD,震荡-观望,False,继续持空
2025-10-04 20:00:00,OSCILLATION,0.2704665053423146,1.701392069226518,1.524451424806195,0.17694064442032298,HOLD,HOLD,震荡-观望,False,继续持空
2025-10-05 00:00:00,OSCILLATION,1.4406456119510238,2.573793653728224,1.701392069226518,0.8724015845017061,HOLD,HOLD,震荡-观望,False,继续持空
2025-10-05 04:00:00,OSCILLATION,2.3173615880009613,3.021878123769868,2.573793653728224,0.448084470041644,HOLD,REVERSE_LONG,反多-价格回升0.45%+量能2.32,False,继续持空
2025-10-05 08:00:00,OSCILLATION,1.4002070925128438,1.797185741285653,3.021878123769868,-1.2246923824842153,HOLD,HOLD,震荡-观望,False,继续持空
2025-10-05 12:00:00,OSCILLATION,0.6967672597738956,1.131232817964615,1.797185741285653,-0.665952923321038,HOLD,HOLD,震荡-观望,False,继续持空
2025-10-05 16:00:00,OSCILLATION,0.7339238342870849,0.8652100590202574,1.131232817964615,-0.26602275894435756,HOLD,HOLD,震荡-观望,False,继续持空
2025-10-05 20:00:00,OSCILLATION,0.4610279137874591,1.4435275460867665,0.8652100590202574,0.5783174870665091,HOLD,HOLD,震荡-观望,False,继续持空
2025-10-06 00:00:00,OSCILLATION,1.0169755936496172,1.5686426290161783,1.4435275460867665,0.12511508292941187,HOLD,HOLD,震荡-观望,False,继续持空
2025-10-06 04:00:00,OSCILLATION,0.744024892,1.0851064521109022,1.5686426290161783,-0.48353617690527617,HOLD,HOLD,震荡-观望,False,继续持空
2025-10-06 08:00:00,OSCILLATION,0.9239220199335616,1.5902444387512076,1.0851064521109022,0.5051379866403054,HOLD,HOLD,震荡-观望,False,继续持空
2025-10-06 16:00:00,BULLISH_SINGULARITY,1.4884326734496307,2.1220310655648333,1.5902444387512076,0.5317866268136258,HOLD,REVERSE_LONG,反多-价格回升0.53%+量能1.49,False,继续持空
2025-10-06 20:00:00,BULLISH_SINGULARITY,0.7248137989961472,1.363739209093396,2.1220310655648333,-0.7582918564714374,HOLD,HOLD,默认观望,True,继续持空
2025-10-07 00:00:00,BULLISH_SINGULARITY,0.6686714772110123,0.9909296880156406,1.363739209093396,-0.37280952107775533,HOLD,HOLD,默认观望,True,继续持空
2025-10-07 04:00:00,BULLISH_SINGULARITY,0.9097686839223856,0.410043286,0.9909296880156406,-0.5808864020156406,HOLD,REVERSE_SHORT,反空-价格回落-0.58%+量能0.91,True,继续持空
2025-10-07 08:00:00,BULLISH_SINGULARITY,0.8940515484116474,0.9469983873452312,0.410043286,0.5369551013452312,REVERSE_LONG,HOLD,默认观望,True,空平/反多
2025-10-07 12:00:00,BULLISH_SINGULARITY,2.431747306690877,-1.057847493,0.9469983873452312,-2.004845880345231,REVERSE_LONG,REVERSE_SHORT,反空-价格回落-2.00%+量能2.43,False,空平/反多
2025-10-07 16:00:00,BULLISH_SINGULARITY,1.7623689932981763,-1.111832562,-1.057847493,-0.05398506900000011,HOLD,HOLD,默认观望,False,继续持多
2025-10-07 20:00:00,BULLISH_SINGULARITY,0.5729369045228989,-1.23130668,-1.111832562,-0.11947411800000007,HOLD,HOLD,默认观望,True,继续持多
2025-10-08 00:00:00,BULLISH_SINGULARITY,0.725324812,-1.084490136,-1.23130668,0.146816544,HOLD,HOLD,默认观望,True,继续持多
2025-10-08 04:00:00,BULLISH_SINGULARITY,0.7826769111610912,-0.817990058,-1.084490136,0.2665000780000001,HOLD,HOLD,默认观望,True,继续持多
2025-10-08 08:00:00,BULLISH_SINGULARITY,1.010804880083144,0.2097057577361085,-0.817990058,1.0276958157361085,HOLD,REVERSE_LONG,反多-价格回升1.03%+量能1.01,False,继续持多
2025-10-08 12:00:00,BULLISH_SINGULARITY,1.0628651665983582,-0.322730229,0.2097057577361085,-0.5324359867361085,HOLD,REVERSE_SHORT,反空-价格回落-0.53%+量能1.06,False,继续持多
2025-10-08 16:00:00,BULLISH_SINGULARITY,1.2084384978097278,0.6377486072358924,-0.322730229,0.9604788362358925,HOLD,HOLD,高张力-避免,False,继续持多
2025-10-08 20:00:00,BULLISH_SINGULARITY,0.4382697702109335,0.4705671459445507,0.6377486072358924,-0.16718146129134176,HOLD,HOLD,高张力-避免,True,继续持多
2025-10-09 00:00:00,BULLISH_SINGULARITY,0.7496409177858124,-0.509291684,0.4705671459445507,-0.9798588299445508,HOLD,HOLD,高张力-避免,True,继续持多
2025-10-09 04:00:00,BULLISH_SINGULARITY,0.4687808666094385,-0.558412754,-0.509291684,-0.04912106999999999,HOLD,HOLD,高张力-避免,True,继续持多
2025-10-09 08:00:00,BULLISH_SINGULARITY,0.8735394094876858,0.1084109429318103,-0.558412754,0.6668236969318103,HOLD,HOLD,高张力-避免,True,继续持多
2025-10-09 12:00:00,BULLISH_SINGULARITY,1.991793342497357,-1.076791976,0.1084109429318103,-1.1852029189318103,HOLD,HOLD,高张力-避免,False,继续持多
2025-10-09 16:00:00,BULLISH_SINGULARITY,1.7808844445239271,-1.119932852,-1.076791976,-0.04314087600000005,HOLD,HOLD,高张力-避免,False,继续持多
2025-10-09 20:00:00,BULLISH_SINGULARITY,0.7029685281033357,-0.487862779,-1.119932852,0.632070073,HOLD,HOLD,高张力-避免,True,继续持多
2025-10-10 00:00:00,BULLISH_SINGULARITY,0.649500634,-0.913229436,-0.487862779,-0.4253666569999999,HOLD,HOLD,高张力-避免,True,继续持多
2025-10-10 04:00:00,BULLISH_SINGULARITY,0.7913243256902585,-0.896701606,-0.913229436,0.01652782999999991,HOLD,HOLD,高张力-避免,True,继续持多
2025-10-10 08:00:00,BULLISH_SINGULARITY,0.4807111226382789,-0.349878562,-0.896701606,0.546823044,HOLD,HOLD,高张力-避免,True,继续持多
2025-10-10 12:00:00,BULLISH_SINGULARITY,2.220587500178642,-2.202337558,-0.349878562,-1.852458996,HOLD,HOLD,高张力-避免,False,继续持多
2025-10-10 16:00:00,BULLISH_SINGULARITY,2.225770172359241,-3.760062112,-2.202337558,-1.557724554,HOLD,HOLD,高张力-避免,False,继续持多
2025-10-10 20:00:00,BULLISH_SINGULARITY,7.564454920395598,-6.345254104,-3.760062112,-2.5851919920000004,HOLD,HOLD,高张力-避免,False,继续持多
2025-10-11 00:00:00,BULLISH_SINGULARITY,1.985954647165604,-6.13684983,-6.345254104,0.20840427400000028,HOLD,HOLD,高张力-避免,False,继续持多
2025-10-11 04:00:00,BULLISH_SINGULARITY,1.176536082615425,-7.052831248,-6.13684983,-0.9159814180000003,HOLD,REVERSE_SHORT,反空-价格回落-0.92%+量能1.18,False,继续持多
2025-10-11 08:00:00,BULLISH_SINGULARITY,0.9490983771030372,-4.962947658,-7.052831248,2.0898835900000003,HOLD,REVERSE_LONG,反多-价格回升2.09%+量能0.95,True,继续持多
2025-10-11 12:00:00,BULLISH_SINGULARITY,0.5845425843928906,-4.888107977,-4.962947658,0.07483968100000027,HOLD,HOLD,默认观望,True,继续持多
2025-10-11 16:00:00,BULLISH_SINGULARITY,0.4994960738710856,-4.921251875,-4.888107977,-0.033143898000000505,HOLD,HOLD,默认观望,True,继续持多
2025-10-11 20:00:00,BULLISH_SINGULARITY,0.636878998,-4.89072035,-4.921251875,0.03053152500000067,HOLD,HOLD,默认观望,True,继续持多
2025-10-12 00:00:00,BULLISH_SINGULARITY,0.7517249172673295,-4.420838397,-4.89072035,0.4698819529999998,HOLD,HOLD,默认观望,True,继续持多
2025-10-12 04:00:00,BULLISH_SINGULARITY,0.4244549640511518,-3.348044043,-4.420838397,1.072794354,HOLD,HOLD,默认观望,True,继续持多
2025-10-12 08:00:00,BULLISH_SINGULARITY,0.4351508726136527,-2.783926984,-3.348044043,0.564117059,HOLD,HOLD,默认观望,True,继续持多
2025-10-12 12:00:00,BULLISH_SINGULARITY,1.3191831453181384,-1.459517594,-2.783926984,1.3244093899999998,HOLD,REVERSE_LONG,反多-价格回升1.32%+量能1.32,False,继续持多
2025-10-12 16:00:00,BULLISH_SINGULARITY,0.9431674584410836,-0.419615968,-1.459517594,1.039901626,HOLD,REVERSE_LONG,反多-价格回升1.04%+量能0.94,True,继续持多
2025-10-12 20:00:00,BULLISH_SINGULARITY,0.8933645906755225,0.1061254376625061,-0.419615968,0.525741405662506,HOLD,HOLD,默认观望,True,继续持多
2025-10-13 00:00:00,BULLISH_SINGULARITY,0.5960744735979285,-0.012455395,0.1061254376625061,-0.11858083266250609,REVERSE_LONG,HOLD,默认观望,True,多平/反空
2025-10-13 04:00:00,BULLISH_SINGULARITY,0.492986568,0.4443491445224154,-0.012455395,0.4568045395224154,HOLD,HOLD,默认观望,True,继续持空
2025-10-13 12:00:00,OSCILLATION,0.7645434662320792,-0.401658558,0.4443491445224154,-0.8460077025224154,HOLD,HOLD,震荡-观望,False,继续持空
2025-10-13 16:00:00,OSCILLATION,0.4593279401818875,0.8031895492231926,-0.401658558,1.2048481072231927,HOLD,HOLD,震荡-观望,False,继续持空
2025-10-14 08:00:00,BEARISH_SINGULARITY,1.1267612355125112,-2.505391613,0.8031895492231926,-3.3085811622231924,HOLD,REVERSE_SHORT,反空-价格回落-3.31%+量能1.13,True,继续持空
2025-10-14 12:00:00,BEARISH_SINGULARITY,1.5324600014298515,-1.010694032,-2.505391613,1.494697581,REVERSE_LONG,REVERSE_LONG,反多-价格回升1.49%+量能1.53,True,空平/反多
2025-10-14 16:00:00,BEARISH_SINGULARITY,1.5604890114646752,-1.143269089,-1.010694032,-0.13257505699999994,REVERSE_LONG,HOLD,默认观望,True,多平/反空
2025-10-15 04:00:00,OSCILLATION,0.7351081662723918,-0.856412939,-1.143269089,0.28685614999999987,HOLD,HOLD,震荡-观望,False,继续持空
2025-10-15 08:00:00,OSCILLATION,0.7992390978763306,-1.317482215,-0.856412939,-0.46106927600000003,HOLD,HOLD,震荡-观望,False,继续持空
2025-10-15 12:00:00,OSCILLATION,1.3669787593038742,-2.080349744,-1.317482215,-0.7628675289999998,HOLD,HOLD,震荡-观望,False,继续持空
2025-10-15 16:00:00,OSCILLATION,0.6845568670096801,-1.505818249,-2.080349744,0.5745314949999998,HOLD,HOLD,震荡-观望,False,继续持空
2025-10-15 20:00:00,OSCILLATION,0.5337401703158565,-1.772909958,-1.505818249,-0.267091709,HOLD,HOLD,震荡-观望,False,继续持空
2025-10-16 00:00:00,BEARISH_SINGULARITY,0.6285609449878707,-1.15115785,-1.772909958,0.6217521080000001,HOLD,HOLD,默认观望,True,继续持空
2025-10-16 04:00:00,BEARISH_SINGULARITY,0.7442672541105334,-1.643068788,-1.15115785,-0.49191093799999996,REVERSE_LONG,HOLD,默认观望,True,空平/反多
2025-10-16 08:00:00,BEARISH_SINGULARITY,1.2519072423131905,-0.827014386,-1.643068788,0.8160544019999999,HOLD,REVERSE_LONG,反多-价格回升0.82%+量能1.25,True,继续持多
2025-10-16 12:00:00,BEARISH_SINGULARITY,1.8503868433506048,-3.05795662,-0.827014386,-2.230942234,HOLD,REVERSE_SHORT,反空-价格回落-2.23%+量能1.85,True,继续持多
2025-10-16 16:00:00,BEARISH_SINGULARITY,1.7773268113938387,-3.060609263,-3.05795662,-0.002652642999999788,HOLD,HOLD,默认观望,True,继续持多
2025-10-16 20:00:00,BEARISH_SINGULARITY,0.5031505085765907,-2.779973828,-3.060609263,0.28063543499999977,HOLD,HOLD,默认观望,True,继续持多
2025-10-17 00:00:00,BEARISH_SINGULARITY,0.5454268128901983,-1.719590274,-2.779973828,1.0603835540000002,HOLD,HOLD,默认观望,True,继续持多
2025-10-17 04:00:00,BEARISH_SINGULARITY,1.685740458102449,-4.462314866,-1.719590274,-2.742724592,HOLD,REVERSE_SHORT,反空-价格回落-2.74%+量能1.69,True,继续持多
2025-10-17 08:00:00,BEARISH_SINGULARITY,2.6340680275935764,-4.013325819,-4.462314866,0.44898904699999953,HOLD,REVERSE_LONG,反多-价格回升0.45%+量能2.63,True,继续持多
2025-10-17 12:00:00,BEARISH_SINGULARITY,1.4645416646776606,-2.718663795,-4.013325819,1.2946620240000004,HOLD,REVERSE_LONG,反多-价格回升1.29%+量能1.46,True,继续持多
2025-10-17 16:00:00,BEARISH_SINGULARITY,0.7403591429583637,-2.755163982,-2.718663795,-0.03650018700000013,HOLD,HOLD,默认观望,True,继续持多
2025-10-17 20:00:00,BEARISH_SINGULARITY,0.3605870581070626,-2.518468525,-2.755163982,0.23669545700000016,HOLD,HOLD,默认观望,True,继续持多
2025-10-18 00:00:00,BEARISH_SINGULARITY,0.5579015895941808,-1.752548388,-2.518468525,0.765920137,HOLD,HOLD,默认观望,True,继续持多
2025-10-18 04:00:00,BEARISH_SINGULARITY,0.6174394660159471,-1.926101992,-1.752548388,-0.17355360400000008,HOLD,HOLD,默认观望,True,继续持多
2025-10-18 08:00:00,BEARISH_SINGULARITY,0.4908105721726823,-1.292203692,-1.926101992,0.6338983,HOLD,HOLD,默认观望,True,继续持多
2025-10-18 12:00:00,BEARISH_SINGULARITY,0.305918337,-1.387621152,-1.292203692,-0.09541745999999995,HOLD,HOLD,默认观望,True,继续持多
2025-10-18 16:00:00,BEARISH_SINGULARITY,0.2015730930897279,-1.147239971,-1.387621152,0.24038118099999983,HOLD,HOLD,默认观望,True,继续持多
2025-10-18 20:00:00,BEARISH_SINGULARITY,0.190228349,-0.951338545,-1.147239971,0.19590142600000005,HOLD,HOLD,默认观望,True,继续持多
2025-10-19 00:00:00,BEARISH_SINGULARITY,0.2569182839865265,-0.785492648,-0.951338545,0.16584589700000008,HOLD,HOLD,默认观望,True,继续持多
2025-10-19 04:00:00,BEARISH_SINGULARITY,0.307167136,-1.121841848,-0.785492648,-0.3363492000000001,HOLD,HOLD,默认观望,True,继续持多
2025-10-19 08:00:00,BEARISH_SINGULARITY,1.2111382825971575,-0.179391755,-1.121841848,0.942450093,HOLD,REVERSE_LONG,反多-价格回升0.94%+量能1.21,True,继续持多
2025-10-19 12:00:00,BEARISH_SINGULARITY,0.8649022915716255,0.4267515960774907,-0.179391755,0.6061433510774907,HOLD,HOLD,默认观望,True,继续持多
2025-10-19 16:00:00,BEARISH_SINGULARITY,0.5983789883136338,0.7387507616874506,0.4267515960774907,0.3119991656099599,HOLD,HOLD,默认观望,True,继续持多
2025-10-19 20:00:00,BEARISH_SINGULARITY,0.5460874204873566,0.445863855,0.7387507616874506,-0.2928869066874506,HOLD,HOLD,默认观望,True,继续持多
2025-10-20 00:00:00,BEARISH_SINGULARITY,1.0455365694406515,1.6574775380648392,0.445863855,1.2116136830648392,HOLD,REVERSE_LONG,反多-价格回升1.21%+量能1.05,True,继续持多
2025-10-20 04:00:00,BEARISH_SINGULARITY,1.0995272271616228,2.349279987581028,1.6574775380648392,0.691802449516189,HOLD,REVERSE_LONG,反多-价格回升0.69%+量能1.10,True,继续持多
2025-10-20 08:00:00,BEARISH_SINGULARITY,0.9432642124307166,1.993759212975743,2.349279987581028,-0.3555207746052851,HOLD,REVERSE_SHORT,反空-价格回落-0.36%+量能0.94,True,继续持多
2025-10-20 12:00:00,BEARISH_SINGULARITY,0.8816218236144319,1.9062753,1.993759212975743,-0.0874839129757432,HOLD,HOLD,默认观望,True,继续持多
2025-10-20 16:00:00,BEARISH_SINGULARITY,1.281484694638985,1.439387848470714,1.9062753,-0.4668874515292858,HOLD,REVERSE_SHORT,反空-价格回落-0.47%+量能1.28,True,继续持多
2025-10-20 20:00:00,BEARISH_SINGULARITY,0.5303053419799716,1.0765046169710395,1.439387848470714,-0.3628832314996746,HOLD,HOLD,默认观望,True,继续持多
2025-10-21 00:00:00,BEARISH_SINGULARITY,0.9620624732692544,-0.244680901,1.0765046169710395,-1.3211855179710394,REVERSE_LONG,REVERSE_SHORT,反空-价格回落-1.32%+量能0.96,True,多平/反空
2025-10-21 04:00:00,BEARISH_SINGULARITY,1.855828414,-1.027595772,-0.244680901,-0.782914871,HOLD,HOLD,高张力-避免,True,继续持空
2025-10-21 08:00:00,BEARISH_SINGULARITY,1.118598662311113,-0.521048534,-1.027595772,0.506547238,HOLD,HOLD,高张力-避免,True,继续持空
2025-10-21 12:00:00,BEARISH_SINGULARITY,3.307540779786577,3.5295685121396034,-0.521048534,4.050617046139603,HOLD,HOLD,高张力-避免,True,继续持空
2025-10-21 16:00:00,BEARISH_SINGULARITY,3.1162015490698027,1.8336522128381223,3.5295685121396034,-1.6959162993014811,HOLD,REVERSE_SHORT,反空-价格回落-1.70%+量能3.12,True,继续持空
2025-10-21 20:00:00,BEARISH_SINGULARITY,1.675823047480676,-1.213167491,1.8336522128381223,-3.046819703838122,HOLD,REVERSE_SHORT,反空-价格回落-3.05%+量能1.68,True,继续持空
2025-10-22 00:00:00,BEARISH_SINGULARITY,1.2510702060105623,-1.166444295,-1.213167491,0.04672319600000008,REVERSE_LONG,HOLD,默认观望,True,空平/反多
2025-10-22 04:00:00,BEARISH_SINGULARITY,0.96312289,-0.969074451,-1.166444295,0.19736984400000002,HOLD,HOLD,默认观望,True,继续持多
2025-10-22 16:00:00,OSCILLATION,0.8984818916351501,-1.047383406,-0.969074451,-0.07830895500000001,HOLD,HOLD,震荡-观望,False,继续持多
2025-10-22 20:00:00,OSCILLATION,0.8780256883803086,-1.200552414,-1.047383406,-0.15316900799999988,HOLD,HOLD,震荡-观望,False,继续持多
2025-10-23 00:00:00,OSCILLATION,0.5306615036517055,-0.412840495,-1.200552414,0.7877119189999999,HOLD,HOLD,震荡-观望,False,继续持多
2025-10-23 04:00:00,OSCILLATION,0.7307686115047828,0.3678712773217445,-0.412840495,0.7807117723217445,HOLD,HOLD,震荡-观望,False,继续持多
2025-10-23 08:00:00,OSCILLATION,0.4939459070422007,0.3194233291841079,0.3678712773217445,-0.04844794813763664,HOLD,HOLD,震荡-观望,False,继续持多
2025-10-23 12:00:00,OSCILLATION,0.9568345271847232,0.8319225069279573,0.3194233291841079,0.5124991777438495,HOLD,HOLD,震荡-观望,False,继续持多
2025-10-23 16:00:00,OSCILLATION,0.8112582238841877,0.9937919979078872,0.8319225069279573,0.16186949097992986,REVERSE_LONG,HOLD,震荡-观望,False,多平/反空
2025-10-23 20:00:00,OSCILLATION,0.3968331029607496,0.7974647818770817,0.9937919979078872,-0.1963272160308055,HOLD,HOLD,震荡-观望,False,继续持空
2025-10-24 00:00:00,OSCILLATION,0.3565659560715067,1.021387097,0.7974647818770817,0.22392231512291838,HOLD,HOLD,震荡-观望,False,继续持空
2025-10-24 04:00:00,OSCILLATION,0.6172299136215862,1.4293953003340445,1.021387097,0.4080082033340444,HOLD,HOLD,震荡-观望,False,继续持空
2025-10-24 08:00:00,OSCILLATION,0.4543403762511734,1.3011296430540176,1.4293953003340445,-0.12826565728002692,HOLD,HOLD,震荡-观望,False,继续持空
2025-10-24 12:00:00,OSCILLATION,1.2598958617286775,0.3358875860035754,1.3011296430540176,-0.9652420570504422,HOLD,HOLD,震荡-观望,False,继续持空
2025-10-24 16:00:00,OSCILLATION,0.3406288105007591,0.7719580358761886,0.3358875860035754,0.43607044987261323,HOLD,HOLD,震荡-观望,False,继续持空
2025-10-24 20:00:00,OSCILLATION,0.454929951,1.0186544691942705,0.7719580358761886,0.2466964333180819,HOLD,HOLD,震荡-观望,False,继续持空
2025-10-25 00:00:00,OSCILLATION,0.2432574,0.9413725359938248,1.0186544691942705,-0.07728193320044574,HOLD,HOLD,震荡-观望,False,继续持空
2025-10-25 04:00:00,OSCILLATION,0.446781566,1.2281811263359168,0.9413725359938248,0.28680859034209205,HOLD,HOLD,震荡-观望,False,继续持空
2025-10-25 08:00:00,OSCILLATION,0.4596858206349965,1.170729616752798,1.2281811263359168,-0.05745150958311873,HOLD,HOLD,震荡-观望,False,继续持空
2025-10-25 12:00:00,OSCILLATION,0.4374737906767873,0.9117939753908286,1.170729616752798,-0.25893564136196945,HOLD,HOLD,震荡-观望,False,继续持空
2025-10-25 16:00:00,BULLISH_SINGULARITY,0.3549927572383025,1.0191690753026583,0.9117939753908286,0.1073750999118297,REVERSE_LONG,HOLD,默认观望,True,黄金/多平反空
2025-10-25 20:00:00,BULLISH_SINGULARITY,0.2411298176031565,0.9398598286369134,1.0191690753026583,-0.0793092466657449,HOLD,HOLD,默认观望,True,继续持空
2025-10-26 00:00:00,BULLISH_SINGULARITY,0.4673277578538588,0.5344563188040257,0.9398598286369134,-0.40540350983288775,HOLD,HOLD,默认观望,True,继续持空
2025-10-26 04:00:00,BULLISH_SINGULARITY,0.3272045784490843,0.8617189637715246,0.5344563188040257,0.3272626449674989,HOLD,HOLD,默认观望,True,继续持空
2025-10-26 08:00:00,BULLISH_SINGULARITY,1.447025760407173,2.0511394762448907,0.8617189637715246,1.189420512473366,HOLD,REVERSE_LONG,反多-价格回升1.19%+量能1.45,False,继续持空
2025-10-27 04:00:00,OSCILLATION,2.5116524763777908,2.7953354212535064,2.0511394762448907,0.7441959450086157,HOLD,REVERSE_LONG,反多-价格回升0.74%+量能2.51,False,继续持空
2025-10-27 12:00:00,BEARISH_SINGULARITY,1.888813296641448,1.8241513003147285,2.7953354212535064,-0.9711841209387779,HOLD,REVERSE_SHORT,反空-价格回落-0.97%+量能1.89,True,继续持空
2025-10-27 16:00:00,BEARISH_SINGULARITY,0.9437499183136332,1.625967434634534,1.8241513003147285,-0.19818386568019442,HOLD,HOLD,默认观望,True,继续持空
2025-10-27 20:00:00,BEARISH_SINGULARITY,1.003641973378769,0.8024923886922951,1.625967434634534,-0.823475045942239,HOLD,REVERSE_SHORT,反空-价格回落-0.82%+量能1.00,True,继续持空
2025-10-28 00:00:00,BEARISH_SINGULARITY,0.9648749571734409,0.5663452714793538,0.8024923886922951,-0.23614711721294135,HOLD,HOLD,默认观望,True,继续持空
2025-10-28 04:00:00,BEARISH_SINGULARITY,0.9589838377304196,0.7356022321412874,0.5663452714793538,0.16925696066193363,HOLD,HOLD,默认观望,True,继续持空
2025-10-28 08:00:00,BEARISH_SINGULARITY,0.5366878896049646,0.8000486199417691,0.7356022321412874,0.06444638780048173,HOLD,HOLD,默认观望,True,继续持空
2025-10-28 20:00:00,OSCILLATION,1.2253731283745704,-0.539715923,0.8000486199417691,-1.339764542941769,HOLD,HOLD,震荡-观望,False,继续持空
2025-10-29 00:00:00,OSCILLATION,0.7824450007836176,-0.787836283,-0.539715923,-0.24812035999999993,REVERSE_LONG,HOLD,震荡-观望,False,空平/反多
2025-10-29 04:00:00,BULLISH_SINGULARITY,0.7468266972334671,0.1283131116713864,-0.787836283,0.9161493946713863,HOLD,HOLD,默认观望,True,继续持空
2025-10-29 08:00:00,BULLISH_SINGULARITY,0.710457317,-0.239340176,0.1283131116713864,-0.3676532876713864,HOLD,HOLD,默认观望,True,继续持空
2025-10-29 12:00:00,BULLISH_SINGULARITY,1.5502943326842384,-1.513517551,-0.239340176,-1.274177375,HOLD,REVERSE_SHORT,反空-价格回落-1.27%+量能1.55,False,继续持空
2025-10-29 16:00:00,BULLISH_SINGULARITY,2.412526157684436,-2.068873175,-1.513517551,-0.5553556239999997,REVERSE_LONG,REVERSE_SHORT,反空-价格回落-0.56%+量能2.41,False,空平/反多
2025-10-29 20:00:00,BULLISH_SINGULARITY,0.8362479646610524,-2.37323599,-2.068873175,-0.3043628150000002,HOLD,HOLD,默认观望,True,继续持空
2025-10-30 00:00:00,BULLISH_SINGULARITY,0.7284757617128346,-1.563568413,-2.37323599,0.8096675769999999,HOLD,HOLD,默认观望,True,继续持空
2025-10-30 04:00:00,BULLISH_SINGULARITY,1.9653716394073664,-0.920791361,-1.563568413,0.642777052,REVERSE_LONG,REVERSE_LONG,反多-价格回升0.64%+量能1.97,False,空平/反多
2025-10-30 08:00:00,BULLISH_SINGULARITY,0.8911687385598726,-2.165708623,-0.920791361,-1.244917262,REVERSE_LONG,HOLD,默认观望,True,空平/反多
2025-10-30 12:00:00,BULLISH_SINGULARITY,1.9323720528443569,-3.59113959,-2.165708623,-1.425430967,HOLD,REVERSE_SHORT,反空-价格回落-1.43%+量能1.93,False,继续持多
2025-10-30 16:00:00,BULLISH_SINGULARITY,1.2770385558593946,-4.219461462,-3.59113959,-0.6283218719999999,HOLD,REVERSE_SHORT,反空-价格回落-0.63%+量能1.28,False,继续持多
2025-10-30 20:00:00,BULLISH_SINGULARITY,0.9489162882590424,-2.370344978,-4.219461462,1.849116484,HOLD,HOLD,高张力-避免,True,继续持多
2025-10-31 00:00:00,BULLISH_SINGULARITY,1.2098961013741778,-1.408720248,-2.370344978,0.9616247299999998,HOLD,HOLD,高张力-避免,False,继续持多
2025-10-31 04:00:00,BULLISH_SINGULARITY,1.022805026137814,-1.094968455,-1.408720248,0.313751793,HOLD,HOLD,高张力-避免,False,继续持多
2025-10-31 08:00:00,BULLISH_SINGULARITY,0.6909683603076989,-0.200683466,-1.094968455,0.8942849890000001,HOLD,HOLD,高张力-避免,True,继续持多
2025-10-31 12:00:00,BULLISH_SINGULARITY,1.640211460790405,-0.355651797,-0.200683466,-0.154968331,HOLD,HOLD,高张力-避免,False,继续持多
2025-10-31 16:00:00,BULLISH_SINGULARITY,1.0015252159046524,-0.628254206,-0.355651797,-0.27260240900000005,HOLD,HOLD,高张力-避免,False,继续持多
2025-10-31 20:00:00,BULLISH_SINGULARITY,0.3565324683151745,-0.7497379,-0.628254206,-0.12148369399999992,HOLD,HOLD,高张力-避免,True,继续持多
2025-11-01 00:00:00,BULLISH_SINGULARITY,0.363758529,-0.171765482,-0.7497379,0.577972418,HOLD,HOLD,高张力-避免,True,继续持多
2025-11-01 04:00:00,BULLISH_SINGULARITY,0.3578896858238109,-0.282475072,-0.171765482,-0.11070959,HOLD,HOLD,高张力-避免,True,继续持多
2025-11-01 08:00:00,BULLISH_SINGULARITY,0.3211719998604731,-0.201362365,-0.282475072,0.081112707,HOLD,HOLD,高张力-避免,True,继续持多
2025-11-01 12:00:00,BULLISH_SINGULARITY,0.4379618913606324,-0.040307076,-0.201362365,0.161055289,HOLD,HOLD,默认观望,True,继续持多
2025-11-01 16:00:00,BULLISH_SINGULARITY,0.361501137,-0.045210208,-0.040307076,-0.0049031320000000045,REVERSE_LONG,HOLD,默认观望,True,多平/反空
2025-11-01 20:00:00,BULLISH_SINGULARITY,0.2674020709561994,-0.206479546,-0.045210208,-0.161269338,HOLD,HOLD,默认观望,True,继续持空
2025-11-02 04:00:00,OSCILLATION,1.4722048956392404,0.4883027248230938,-0.206479546,0.6947822708230937,HOLD,HOLD,震荡-观望,False,继续持空
2025-11-02 08:00:00,OSCILLATION,0.8059788294682005,0.6884511946759001,0.4883027248230938,0.20014846985280632,HOLD,HOLD,震荡-观望,False,继续持空
2025-11-02 12:00:00,OSCILLATION,0.6102727114417454,-0.261585295,0.6884511946759001,-0.9500364896759002,HOLD,HOLD,震荡-观望,False,继续持空
2025-11-02 16:00:00,OSCILLATION,0.4425096180672989,-0.184785837,-0.261585295,0.07679945799999999,HOLD,HOLD,震荡-观望,False,继续持空
2025-11-02 20:00:00,OSCILLATION,0.6254367641824289,0.1277361339260979,-0.184785837,0.3125219709260979,HOLD,HOLD,震荡-观望,False,继续持空
2025-11-03 00:00:00,OSCILLATION,1.6474624674368918,-2.022157917,0.1277361339260979,-2.1498940509260978,REVERSE_LONG,REVERSE_SHORT,反空-价格回落-2.15%+量能1.65,False,空平/反多
2025-11-03 04:00:00,OSCILLATION,1.5823163317323476,-2.220107559,-2.022157917,-0.1979496420000002,HOLD,HOLD,默认观望,False,继续持多
2025-11-03 08:00:00,OSCILLATION,1.4421609088513918,-1.749127052,-2.220107559,0.47098050700000016,HOLD,HOLD,震荡-观望,False,继续持多
2025-11-04 08:00:00,OSCILLATION,1.655675133963417,-3.121502703,-1.749127052,-1.372375651,HOLD,REVERSE_SHORT,反空-价格回落-1.37%+量能1.66,False,继续持多
2025-11-04 12:00:00,OSCILLATION,2.1079967312178853,-4.004088914,-3.121502703,-0.8825862110000005,HOLD,REVERSE_SHORT,反空-价格回落-0.88%+量能2.11,False,继续持多
2025-11-04 16:00:00,OSCILLATION,3.251423858238802,-5.89306864,-4.004088914,-1.8889797259999996,HOLD,REVERSE_SHORT,反空-价格回落-1.89%+量能3.25,False,继续持多
2025-11-04 20:00:00,OSCILLATION,2.615300462547725,-4.545081004,-5.89306864,1.347987636,HOLD,REVERSE_LONG,反多-价格回升1.35%+量能2.62,False,继续持多
2025-11-05 00:00:00,BULLISH_SINGULARITY,2.134093529916885,-3.587278611,-4.545081004,0.9578023930000001,HOLD,REVERSE_LONG,反多-价格回升0.96%+量能2.13,False,继续持多
2025-11-05 04:00:00,BULLISH_SINGULARITY,0.8713904498771712,-3.3745741,-3.587278611,0.2127045110000001,REVERSE_LONG,HOLD,默认观望,True,黄金/空平反多
2025-11-05 08:00:00,BULLISH_SINGULARITY,0.6521208305330114,-2.996099418,-3.3745741,0.3784746819999998,HOLD,HOLD,默认观望,True,继续持多
2025-11-05 12:00:00,BULLISH_SINGULARITY,1.136897806313319,-1.287133095,-2.996099418,1.708966323,HOLD,REVERSE_LONG,反多-价格回升1.71%+量能1.14,False,继续持多
2025-11-05 16:00:00,BULLISH_SINGULARITY,0.9577618031042772,-0.924544448,-1.287133095,0.36258864699999993,HOLD,REVERSE_LONG,反多-价格回升0.36%+量能0.96,False,继续持多
2025-11-05 20:00:00,BULLISH_SINGULARITY,0.4646376668442248,-0.94337607,-0.924544448,-0.018831621999999992,REVERSE_LONG,HOLD,默认观望,True,多平/反空
2025-11-06 00:00:00,BULLISH_SINGULARITY,0.6393836247605954,-1.069660455,-0.94337607,-0.12628438499999994,HOLD,HOLD,默认观望,True,继续持空
2025-11-06 04:00:00,BULLISH_SINGULARITY,0.496188328,-1.35886012,-1.069660455,-0.28919966499999994,HOLD,HOLD,默认观望,True,继续持空
2025-11-06 16:00:00,OSCILLATION,0.9785321227566908,-2.482188386,-1.35886012,-1.123328266,HOLD,HOLD,震荡-观望,False,继续持空
2025-11-06 20:00:00,OSCILLATION,0.6040475822069921,-2.288508398,-2.482188386,0.19367998799999997,REVERSE_LONG,HOLD,震荡-观望,False,空平/反多
2025-11-07 00:00:00,OSCILLATION,0.6748723877459898,-1.575727057,-2.288508398,0.7127813409999999,HOLD,HOLD,震荡-观望,False,继续持多
2025-11-07 04:00:00,BEARISH_SINGULARITY,0.5228239330819034,-1.345681091,-1.575727057,0.23004596599999982,REVERSE_LONG,HOLD,默认观望,True,空平/反多
2025-11-07 08:00:00,BEARISH_SINGULARITY,1.1031211520720758,-2.623088764,-1.345681091,-1.2774076729999997,HOLD,REVERSE_SHORT,反空-价格回落-1.28%+量能1.10,True,继续持多
2025-11-07 12:00:00,BEARISH_SINGULARITY,1.4355931402027775,-2.038902417,-2.623088764,0.5841863469999997,HOLD,REVERSE_LONG,反多-价格回升0.58%+量能1.44,True,继续持多
2025-11-07 16:00:00,BEARISH_SINGULARITY,1.1227131983826366,0.4388774767772667,-2.038902417,2.477779893777267,HOLD,REVERSE_LONG,反多-价格回升2.48%+量能1.12,True,继续持多
2025-11-07 20:00:00,BEARISH_SINGULARITY,0.5048012502792113,0.347585031,0.4388774767772667,-0.0912924457772667,HOLD,HOLD,默认观望,True,继续持多
2025-11-08 00:00:00,BEARISH_SINGULARITY,0.4520034792430314,-0.341335675,0.347585031,-0.688920706,HOLD,HOLD,默认观望,True,继续持多
2025-11-08 04:00:00,BEARISH_SINGULARITY,0.4249808848278083,-0.519868763,-0.341335675,-0.17853308799999995,HOLD,HOLD,默认观望,True,继续持多
2025-11-08 08:00:00,BEARISH_SINGULARITY,0.4229561428328855,-0.907266086,-0.519868763,-0.38739732300000007,HOLD,HOLD,默认观望,True,继续持多
2025-11-08 12:00:00,BEARISH_SINGULARITY,0.7180056095202474,-0.950011012,-0.907266086,-0.042744926000000016,HOLD,HOLD,默认观望,True,继续持多
2025-11-08 16:00:00,BEARISH_SINGULARITY,0.5056640581704214,-0.614812946,-0.950011012,0.335198066,HOLD,HOLD,默认观望,True,继续持多
2025-11-08 20:00:00,BEARISH_SINGULARITY,0.2358989710044194,-0.271305765,-0.614812946,0.34350718100000005,HOLD,HOLD,默认观望,True,继续持多
2025-11-09 00:00:00,BEARISH_SINGULARITY,0.5741873713393693,-0.820200527,-0.271305765,-0.548894762,HOLD,HOLD,默认观望,True,继续持多
2025-11-09 04:00:00,BEARISH_SINGULARITY,0.2996789214006263,-0.492952094,-0.820200527,0.327248433,HOLD,HOLD,默认观望,True,继续持多
2025-11-09 08:00:00,BEARISH_SINGULARITY,0.5101730691411793,-0.185676576,-0.492952094,0.30727551799999997,HOLD,HOLD,默认观望,True,继续持多
2025-11-09 12:00:00,BEARISH_SINGULARITY,1.2793195830384492,1.1756061086734748,-0.185676576,1.361282684673475,REVERSE_LONG,REVERSE_LONG,反多-价格回升1.36%+量能1.28,True,多平/反空
2025-11-09 16:00:00,BEARISH_SINGULARITY,0.7690908382758446,1.980004253006295,1.1756061086734748,0.8043981443328201,HOLD,HOLD,默认观望,True,继续持空
2025-11-09 20:00:00,BEARISH_SINGULARITY,1.0617095575204112,1.7156012955949076,1.980004253006295,-0.2644029574113873,HOLD,HOLD,默认观望,True,继续持空
2025-11-10 00:00:00,BEARISH_SINGULARITY,1.8325127151913247,2.6913804356280955,1.7156012955949076,0.9757791400331879,HOLD,REVERSE_LONG,反多-价格回升0.98%+量能1.83,True,继续持空
2025-11-10 04:00:00,BEARISH_SINGULARITY,0.7671736984164703,2.806596544315936,2.6913804356280955,0.11521610868784071,HOLD,HOLD,默认观望,True,继续持空
2025-11-10 08:00:00,BEARISH_SINGULARITY,0.6893652031060056,2.2848320238277453,2.806596544315936,-0.5217645204881909,HOLD,HOLD,默认观望,True,继续持空
2025-11-10 12:00:00,BEARISH_SINGULARITY,1.610948873066641,1.110212082270009,2.2848320238277453,-1.1746199415577363,HOLD,HOLD,高张力-避免,True,继续持空
2025-11-10 16:00:00,BEARISH_SINGULARITY,0.8206073555022515,1.6441162334626762,1.110212082270009,0.5339041511926672,HOLD,HOLD,高张力-避免,True,继续持空
2025-11-10 20:00:00,BEARISH_SINGULARITY,0.8701676886267541,1.652507283,1.6441162334626762,0.008391049537323836,HOLD,HOLD,高张力-避免,True,继续持空
2025-11-11 00:00:00,BEARISH_SINGULARITY,1.6641939269156418,1.8773609844497448,1.652507283,0.2248537014497447,HOLD,HOLD,高张力-避免,True,继续持空
2025-11-11 04:00:00,BEARISH_SINGULARITY,1.1116501905944831,0.2507826718053397,1.8773609844497448,-1.626578312644405,HOLD,HOLD,高张力-避免,True,继续持空
2025-11-11 08:00:00,BEARISH_SINGULARITY,0.6110541370051449,0.6833846708458835,0.2507826718053397,0.4326019990405438,HOLD,HOLD,高张力-避免,True,继续持空
2025-11-11 12:00:00,BEARISH_SINGULARITY,2.687223482891502,-0.988083026,0.6833846708458835,-1.6714676968458835,HOLD,HOLD,高张力-避免,True,继续持空
2025-11-11 16:00:00,BEARISH_SINGULARITY,0.7653258608764207,-1.180845428,-0.988083026,-0.19276240200000005,HOLD,HOLD,默认观望,True,继续持空
2025-11-11 20:00:00,BEARISH_SINGULARITY,0.8274818654927114,-1.128156079,-1.180845428,0.052689348999999996,HOLD,HOLD,默认观望,True,继续持空
2025-11-12 00:00:00,BEARISH_SINGULARITY,0.799836422,-0.803514336,-1.128156079,0.32464174300000004,HOLD,HOLD,默认观望,True,继续持空
2025-11-12 04:00:00,BEARISH_SINGULARITY,0.6364297277180043,-0.899276142,-0.803514336,-0.09576180599999995,HOLD,HOLD,默认观望,True,继续持空
2025-11-12 08:00:00,OSCILLATION,1.0206119680418837,0.8448838705125343,-0.899276142,1.7441600125125343,HOLD,HOLD,震荡-观望,False,继续持空
2025-11-13 12:00:00,OSCILLATION,1.6601936900748446,-1.718257243,0.8448838705125343,-2.5631411135125344,REVERSE_LONG,REVERSE_SHORT,反空-价格回落-2.56%+量能1.66,False,空平/反多
2025-11-13 16:00:00,OSCILLATION,3.003822293829009,-3.939460661,-1.718257243,-2.221203418,HOLD,REVERSE_SHORT,反空-价格回落-2.22%+量能3.00,False,继续持多
2025-11-13 20:00:00,OSCILLATION,1.3821507645666644,-2.682399098,-3.939460661,1.2570615630000002,HOLD,HOLD,震荡-观望,False,继续持多
2025-11-14 00:00:00,OSCILLATION,1.3070954498678244,-2.924003352,-2.682399098,-0.2416042540000003,HOLD,HOLD,震荡-观望,False,继续持多
2025-11-14 20:00:00,BULLISH_SINGULARITY,0.9443282652090031,-5.129130516,-2.924003352,-2.205127164,REVERSE_LONG,REVERSE_SHORT,反空-价格回落-2.21%+量能0.94,True,黄金/空平反多
2025-11-15 00:00:00,BULLISH_SINGULARITY,0.7881659511245503,-2.995741552,-5.129130516,2.133388964,HOLD,HOLD,默认观望,True,继续持多
2025-11-15 04:00:00,BULLISH_SINGULARITY,0.4589262660143857,-2.79441769,-2.995741552,0.2013238620000002,HOLD,HOLD,默认观望,True,继续持多
2025-11-15 08:00:00,BULLISH_SINGULARITY,0.4227347070105922,-3.120035526,-2.79441769,-0.32561783600000016,HOLD,HOLD,默认观望,True,继续持多
2025-11-15 12:00:00,BULLISH_SINGULARITY,0.360175864,-2.312708267,-3.120035526,0.807327259,HOLD,HOLD,默认观望,True,继续持多
2025-11-15 16:00:00,BULLISH_SINGULARITY,0.3460650137606526,-2.325829394,-2.312708267,-0.013121126999999788,HOLD,HOLD,默认观望,True,继续持多
2025-11-15 20:00:00,BULLISH_SINGULARITY,0.3765569296285521,-2.493534827,-2.325829394,-0.16770543300000007,HOLD,HOLD,默认观望,True,继续持多
2025-11-16 00:00:00,OSCILLATION,0.3700487504918867,-2.049339059,-2.493534827,0.44419576800000016,HOLD,HOLD,震荡-观望,False,继续持多
2025-11-16 04:00:00,LOW_OSCILLATION,0.2514089853337512,-1.602561728,-2.049339059,0.44677733099999983,REVERSE_LONG,HOLD,默认观望,True,多平/反空
2025-11-16 08:00:00,LOW_OSCILLATION,0.5131124979554361,-1.891750067,-1.602561728,-0.28918833900000007,HOLD,HOLD,默认观望,True,继续持空
2025-11-16 12:00:00,LOW_OSCILLATION,0.5144444084564758,-2.697275029,-1.891750067,-0.805524962,REVERSE_LONG,HOLD,默认观望,True,空平/反多
2025-11-16 16:00:00,LOW_OSCILLATION,1.724554899295272,-2.964816173,-2.697275029,-0.26754114399999995,HOLD,HOLD,默认观望,True,继续持多
2025-11-16 20:00:00,LOW_OSCILLATION,1.2430054621729203,-2.46337261,-2.964816173,0.501443563,HOLD,REVERSE_LONG,反多-价格回升0.50%+量能1.24,True,继续持多
2025-11-17 00:00:00,LOW_OSCILLATION,0.8559347347418327,-1.073463125,-2.46337261,1.389909485,HOLD,HOLD,默认观望,True,继续持多
2025-11-17 04:00:00,BULLISH_SINGULARITY,0.8147971061565912,-0.824794752,-1.073463125,0.248668373,HOLD,HOLD,默认观望,True,继续持多
2025-11-17 08:00:00,BULLISH_SINGULARITY,0.743920035,-0.829883213,-0.824794752,-0.005088461000000044,HOLD,HOLD,默认观望,True,继续持多
2025-11-17 12:00:00,BULLISH_SINGULARITY,1.8211390192998689,-2.263812929,-0.829883213,-1.4339297160000002,HOLD,REVERSE_SHORT,反空-价格回落-1.43%+量能1.82,False,继续持多
2025-11-17 16:00:00,BULLISH_SINGULARITY,2.457005983877765,-4.213281138,-2.263812929,-1.949468209,HOLD,REVERSE_SHORT,反空-价格回落-1.95%+量能2.46,False,继续持多
2025-11-17 20:00:00,BULLISH_SINGULARITY,1.8098777077763484,-3.316675493,-4.213281138,0.8966056450000002,HOLD,REVERSE_LONG,反多-价格回升0.90%+量能1.81,False,继续持多
2025-11-18 00:00:00,BULLISH_SINGULARITY,2.2647967487065075,-4.322256938,-3.316675493,-1.0055814449999998,HOLD,REVERSE_SHORT,反空-价格回落-1.01%+量能2.26,False,继续持多
2025-11-18 04:00:00,BULLISH_SINGULARITY,1.844453981386705,-4.2445469,-4.322256938,0.0777100380000002,HOLD,HOLD,默认观望,False,继续持多
2025-11-18 08:00:00,BULLISH_SINGULARITY,1.1636983634023337,-2.886397883,-4.2445469,1.3581490169999997,HOLD,REVERSE_LONG,反多-价格回升1.36%+量能1.16,False,继续持多
2025-11-18 12:00:00,BULLISH_SINGULARITY,1.366898773704175,-1.276511666,-2.886397883,1.609886217,HOLD,REVERSE_LONG,反多-价格回升1.61%+量能1.37,False,继续持多
2025-11-18 16:00:00,BULLISH_SINGULARITY,0.9240605538533992,-0.881274316,-1.276511666,0.39523735000000004,HOLD,REVERSE_LONG,反多-价格回升0.40%+量能0.92,True,继续持多
2025-11-18 20:00:00,BULLISH_SINGULARITY,0.4433106043970308,-1.024367305,-0.881274316,-0.143092989,HOLD,HOLD,默认观望,True,继续持多
2025-11-19 00:00:00,BULLISH_SINGULARITY,0.5676510278135175,-1.977360636,-1.024367305,-0.952993331,HOLD,HOLD,默认观望,True,继续持多
2025-11-19 04:00:00,BULLISH_SINGULARITY,1.0095056662547748,-1.802958384,-1.977360636,0.17440225199999992,HOLD,HOLD,默认观望,False,继续持多
2025-11-19 08:00:00,BULLISH_SINGULARITY,0.4525627588735169,-2.07428765,-1.802958384,-0.27132926599999996,HOLD,HOLD,默认观望,True,继续持多
2025-11-19 12:00:00,BULLISH_SINGULARITY,1.0278523411592817,-3.301844753,-2.07428765,-1.227557103,HOLD,REVERSE_SHORT,反空-价格回落-1.23%+量能1.03,False,继续持多
2025-11-19 16:00:00,BULLISH_SINGULARITY,1.4262113245711865,-4.042433322,-3.301844753,-0.7405885689999998,HOLD,REVERSE_SHORT,反空-价格回落-0.74%+量能1.43,False,继续持多
2025-11-20 12:00:00,OSCILLATION,1.0232145861052302,-2.52769709,-4.042433322,1.5147362319999997,HOLD,HOLD,震荡-观望,False,继续持多
2025-11-20 16:00:00,BEARISH_SINGULARITY,2.6137249049167908,-5.208826494,-2.52769709,-2.681129404,HOLD,REVERSE_SHORT,反空-价格回落-2.68%+量能2.61,False,继续持多
2025-11-20 20:00:00,BEARISH_SINGULARITY,0.7678667812023796,-5.019395042,-5.208826494,0.189431452,HOLD,HOLD,默认观望,False,继续持多
2025-11-21 00:00:00,BEARISH_SINGULARITY,1.017687340359965,-5.380939496,-5.019395042,-0.3615444539999997,HOLD,REVERSE_SHORT,反空-价格回落-0.36%+量能1.02,False,继续持多
2025-11-21 04:00:00,BEARISH_SINGULARITY,2.1444033134280263,-6.682688893,-5.380939496,-1.301749397,HOLD,REVERSE_SHORT,反空-价格回落-1.30%+量能2.14,False,继续持多
2025-11-21 08:00:00,BEARISH_SINGULARITY,2.345188179657952,-7.85831953,-6.682688893,-1.1756306370000003,HOLD,REVERSE_SHORT,反空-价格回落-1.18%+量能2.35,False,继续持多
2025-11-21 16:00:00,OSCILLATION,1.0504036539642532,-4.622582581,-7.85831953,3.2357369490000005,HOLD,HOLD,震荡-观望,False,继续持多
2025-11-22 20:00:00,OSCILLATION,0.2394108111931307,-1.924975752,-4.622582581,2.6976068289999997,HOLD,HOLD,震荡-观望,False,继续持多
2025-11-23 00:00:00,BEARISH_SINGULARITY,0.586983418,-0.098898562,-1.924975752,1.82607719,HOLD,HOLD,默认观望,True,继续持多
2025-11-23 04:00:00,BEARISH_SINGULARITY,0.4377166771934445,-0.641132645,-0.098898562,-0.542234083,HOLD,HOLD,默认观望,True,继续持多
2025-11-23 08:00:00,BEARISH_SINGULARITY,0.3180593185749097,-0.004649249,-0.641132645,0.636483396,HOLD,HOLD,默认观望,True,继续持多
2025-11-23 12:00:00,BEARISH_SINGULARITY,0.5302296527157068,0.787567761,-0.004649249,0.79221701,HOLD,HOLD,默认观望,True,继续持多
2025-11-23 16:00:00,BEARISH_SINGULARITY,0.5647737687815152,0.960347682,0.787567761,0.17277992099999995,HOLD,HOLD,默认观望,True,继续持多
2025-11-23 20:00:00,BEARISH_SINGULARITY,0.5505684973105135,0.3509581723270096,0.960347682,-0.6093895096729904,HOLD,HOLD,默认观望,True,继续持多
2025-11-24 00:00:00,BEARISH_SINGULARITY,0.7473740379865549,0.9753111968722036,0.3509581723270096,0.624353024545194,HOLD,HOLD,默认观望,True,继续持多
2025-11-24 04:00:00,BEARISH_SINGULARITY,0.5759127615593909,0.454317485,0.9753111968722036,-0.5209937118722036,REVERSE_LONG,HOLD,默认观望,True,多平/反空
2025-11-24 08:00:00,BEARISH_SINGULARITY,0.6287741123801397,-0.409426565,0.454317485,-0.86374405,HOLD,HOLD,高张力-避免,True,继续持空
2025-11-24 12:00:00,BEARISH_SINGULARITY,0.9155202904784084,-0.003052826,-0.409426565,0.406373739,HOLD,HOLD,高张力-避免,True,继续持空
2025-11-24 16:00:00,BEARISH_SINGULARITY,1.3183240146413455,1.7809263454650357,-0.003052826,1.7839791714650357,HOLD,HOLD,高张力-避免,True,继续持空
2025-11-24 20:00:00,BEARISH_SINGULARITY,0.8296394971472524,1.580239997718784,1.7809263454650357,-0.20068634774625171,HOLD,HOLD,高张力-避免,True,继续持空
2025-11-25 00:00:00,BEARISH_SINGULARITY,0.7666442905798085,0.9314211791374196,1.580239997718784,-0.6488188185813644,HOLD,HOLD,高张力-避免,True,继续持空
2025-11-25 04:00:00,BEARISH_SINGULARITY,0.9457601363491656,0.3878337734152082,0.9314211791374196,-0.5435874057222114,HOLD,HOLD,高张力-避免,True,继续持空
2025-11-25 08:00:00,BEARISH_SINGULARITY,1.053131692561778,0.3267748237750891,0.3878337734152082,-0.0610589496401191,HOLD,HOLD,高张力-避免,True,继续持空
2025-11-25 12:00:00,BEARISH_SINGULARITY,1.4557053445062424,-0.091676381,0.3267748237750891,-0.4184512047750891,HOLD,HOLD,高张力-避免,True,继续持空
2025-11-25 16:00:00,BEARISH_SINGULARITY,0.9611819749803724,-0.193226414,-0.091676381,-0.10155003300000001,HOLD,HOLD,高张力-避免,True,继续持空
2025-11-25 20:00:00,BEARISH_SINGULARITY,0.7461841484748045,0.3313364634925169,-0.193226414,0.5245628774925168,HOLD,HOLD,默认观望,True,继续持空
2025-11-26 00:00:00,BEARISH_SINGULARITY,0.6584954006199814,0.039991423,0.3313364634925169,-0.29134504049251686,HOLD,HOLD,默认观望,True,继续持空
2025-11-26 04:00:00,BEARISH_SINGULARITY,0.5376129497774514,0.8822338474226581,0.039991423,0.8422424244226581,HOLD,HOLD,默认观望,True,继续持空
2025-11-26 08:00:00,BEARISH_SINGULARITY,0.6642707791511383,-0.072925097,0.8822338474226581,-0.955158944422658,HOLD,HOLD,默认观望,True,继续持空
2025-11-26 20:00:00,OSCILLATION,1.0124223214326675,3.1710153846204383,-0.072925097,3.2439404816204385,HOLD,HOLD,震荡-观望,False,继续持空
2025-11-27 00:00:00,OSCILLATION,1.5276845203338374,3.483071369307087,3.1710153846204383,0.31205598468664864,HOLD,REVERSE_LONG,反多-价格回升0.31%+量能1.53,False,继续持空
2025-11-27 04:00:00,OSCILLATION,0.6596477282635257,3.4641474993468915,3.483071369307087,-0.01892386996019546,HOLD,HOLD,震荡-观望,False,继续持空
2025-11-27 08:00:00,OSCILLATION,0.6527132261863073,3.086827645809396,3.4641474993468915,-0.3773198535374953,HOLD,HOLD,震荡-观望,False,继续持空
2025-11-27 12:00:00,OSCILLATION,0.8140791561480606,2.364775720011847,3.086827645809396,-0.7220519257975493,HOLD,HOLD,震荡-观望,False,继续持空
2025-11-27 16:00:00,BEARISH_SINGULARITY,0.6460606991854743,2.712089208022792,2.364775720011847,0.3473134880109452,HOLD,HOLD,默认观望,True,继续持空
2025-11-27 20:00:00,BEARISH_SINGULARITY,0.3254880852804345,2.251212497437288,2.712089208022792,-0.46087671058550406,HOLD,HOLD,默认观望,True,继续持空
2025-11-28 00:00:00,BEARISH_SINGULARITY,0.6131912659024863,1.906263574973976,2.251212497437288,-0.344948922463312,HOLD,HOLD,默认观望,True,继续持空
2025-11-28 04:00:00,BEARISH_SINGULARITY,0.6056603605363127,1.4213638195465412,1.906263574973976,-0.4848997554274348,HOLD,HOLD,默认观望,True,继续持空
2025-11-28 08:00:00,BEARISH_SINGULARITY,1.015301975,1.8142273841929064,1.4213638195465412,0.3928635646463652,HOLD,REVERSE_LONG,反多-价格回升0.39%+量能1.02,True,继续持空
2025-11-29 00:00:00,OSCILLATION,0.3095766301062779,0.454520158,1.8142273841929064,-1.3597072261929064,HOLD,HOLD,震荡-观望,False,继续持空
2025-11-29 04:00:00,OSCILLATION,0.4132206249481385,0.2982916165504234,0.454520158,-0.1562285414495766,HOLD,HOLD,震荡-观望,False,继续持空
2025-11-30 04:00:00,OSCILLATION,0.2457220327273998,0.4632424648229084,0.2982916165504234,0.16495084827248496,HOLD,HOLD,震荡-观望,False,继续持空
2025-11-30 08:00:00,OSCILLATION,1.211470461005055,0.4994168934905846,0.4632424648229084,0.03617442866767623,HOLD,HOLD,震荡-观望,False,继续持空
2025-11-30 12:00:00,OSCILLATION,1.260481919426137,0.8371324927147001,0.4994168934905846,0.33771559922411554,HOLD,HOLD,震荡-观望,False,继续持空
2025-11-30 16:00:00,OSCILLATION,0.519165923,0.7821848331465797,0.8371324927147001,-0.05494765956812042,HOLD,HOLD,震荡-观望,False,继续持空
2025-11-30 20:00:00,OSCILLATION,0.9302372841947956,-0.389926166,0.7821848331465797,-1.1721109991465797,HOLD,HOLD,震荡-观望,False,继续持空
2025-12-01 00:00:00,OSCILLATION,4.334908124243001,-4.376217168,-0.389926166,-3.986291002,REVERSE_LONG,REVERSE_SHORT,反空-价格回落-3.99%+量能4.33,False,黄金/空平反多
2025-12-01 04:00:00,OSCILLATION,1.9310206290752685,-3.769761052,-4.376217168,0.6064561160000004,REVERSE_LONG,REVERSE_LONG,反多-价格回升0.61%+量能1.93,False,多平/反空
2025-12-01 08:00:00,OSCILLATION,1.1513920073753312,-3.829650008,-3.769761052,-0.05988895600000044,REVERSE_LONG,HOLD,震荡-观望,False,空平/反多
2025-12-01 12:00:00,OSCILLATION,2.7793936216841635,-4.976861869,-3.829650008,-1.1472118610000002,HOLD,REVERSE_SHORT,反空-价格回落-1.15%+量能2.78,False,继续持多
2025-12-01 16:00:00,OSCILLATION,1.535663352932701,-4.169158877,-4.976861869,0.8077029920000003,HOLD,REVERSE_LONG,反多-价格回升0.81%+量能1.54,False,继续持多
2025-12-01 20:00:00,BULLISH_SINGULARITY,1.2301368258692824,-2.492186738,-4.169158877,1.676972139,HOLD,REVERSE_LONG,反多-价格回升1.68%+量能1.23,False,继续持多
2025-12-02 00:00:00,BULLISH_SINGULARITY,1.1613310281170657,-1.550885052,-2.492186738,0.9413016860000001,HOLD,REVERSE_LONG,反多-价格回升0.94%+量能1.16,False,继续持多
2025-12-02 04:00:00,BULLISH_SINGULARITY,0.6123891049634337,-1.368631262,-1.550885052,0.18225378999999986,HOLD,HOLD,默认观望,True,继续持空
2025-12-02 08:00:00,BULLISH_SINGULARITY,1.1388340844167388,-0.873707007,-1.368631262,0.49492425500000004,HOLD,REVERSE_LONG,反多-价格回升0.49%+量能1.14,False,继续持空
2025-12-02 12:00:00,BULLISH_SINGULARITY,2.7722610802663734,2.7747733873300104,-0.873707007,3.6484803943300106,HOLD,REVERSE_LONG,反多-价格回升3.65%+量能2.77,False,继续持空
2025-12-02 16:00:00,BULLISH_SINGULARITY,1.7021724477367044,3.5751582588481177,2.7747733873300104,0.8003848715181072,HOLD,HOLD,高张力-避免,False,继续持空
2025-12-02 20:00:00,BULLISH_SINGULARITY,1.1691107216783427,2.589775832896636,3.5751582588481177,-0.9853824259514816,HOLD,HOLD,高张力-避免,False,继续持空
2025-12-03 00:00:00,BULLISH_SINGULARITY,1.1376456508239123,3.702489441435492,2.589775832896636,1.112713608538856,HOLD,HOLD,高张力-避免,False,继续持空
2025-12-03 04:00:00,BULLISH_SINGULARITY,1.1173610809568415,3.7111925999269366,3.702489441435492,0.00870315849144454,HOLD,HOLD,默认观望,False,继续持空
2025-12-03 08:00:00,BULLISH_SINGULARITY,0.6672257077182349,3.3516202559860533,3.7111925999269366,-0.35957234394088333,HOLD,HOLD,默认观望,True,继续持空
2025-12-03 12:00:00,BULLISH_SINGULARITY,1.465785052,2.3905878568056167,3.3516202559860533,-0.9610323991804366,HOLD,REVERSE_SHORT,反空-价格回落-0.96%+量能1.47,False,继续持空
2025-12-03 16:00:00,OSCILLATION,0.8044507861362434,2.8081526857926016,2.3905878568056167,0.4175648289869849,HOLD,HOLD,震荡-观望,False,继续持空
2025-12-03 20:00:00,OSCILLATION,0.8373629780064671,2.9365291541480745,2.8081526857926016,0.1283764683554729,HOLD,HOLD,震荡-观望,False,继续持空
2025-12-04 12:00:00,OSCILLATION,0.9947880831005712,1.536923323886995,2.9365291541480745,-1.3996058302610794,HOLD,HOLD,震荡-观望,False,继续持空
2025-12-04 16:00:00,OSCILLATION,1.1018488981228227,0.4061616867386091,1.536923323886995,-1.130761637148386,HOLD,HOLD,震荡-观望,False,继续持空
2025-12-04 20:00:00,OSCILLATION,0.4430829164879887,0.4686056059987062,0.4061616867386091,0.062443919260097125,HOLD,HOLD,震荡-观望,False,继续持空
2025-12-05 00:00:00,BULLISH_SINGULARITY,0.4429617224785224,0.4875885808681472,0.4686056059987062,0.018982974869441005,HOLD,HOLD,默认观望,True,继续持空
2025-12-05 04:00:00,BULLISH_SINGULARITY,0.360941485,0.555185574,0.4875885808681472,0.0675969931318528,HOLD,HOLD,默认观望,True,继续持空
2025-12-05 08:00:00,BULLISH_SINGULARITY,0.6394909372893519,-0.392483059,0.555185574,-0.947668633,HOLD,HOLD,默认观望,True,继续持空
2025-12-05 12:00:00,BULLISH_SINGULARITY,1.3417095818970066,-1.236777,-0.392483059,-0.844293941,HOLD,REVERSE_SHORT,反空-价格回落-0.84%+量能1.34,False,继续持空
2025-12-05 16:00:00,BULLISH_SINGULARITY,1.5717079339715136,-1.942930527,-1.236777,-0.7061535269999999,REVERSE_LONG,REVERSE_SHORT,反空-价格回落-0.71%+量能1.57,False,空平/反多
2025-12-05 20:00:00,BULLISH_SINGULARITY,0.6249654478211264,-2.058519245,-1.942930527,-0.11558871799999992,HOLD,HOLD,默认观望,True,继续持空
2025-12-06 00:00:00,BULLISH_SINGULARITY,0.4297188305972293,-1.509427489,-2.058519245,0.5490917559999999,HOLD,HOLD,默认观望,True,继续持空
2025-12-06 04:00:00,BULLISH_SINGULARITY,0.2276360169884248,-1.458540664,-1.509427489,0.05088682499999986,HOLD,HOLD,默认观望,True,继续持空
2025-12-06 08:00:00,BULLISH_SINGULARITY,0.4652075344940857,-1.287392201,-1.458540664,0.17114846299999997,REVERSE_LONG,HOLD,默认观望,True,空平/反多
2025-12-06 12:00:00,BULLISH_SINGULARITY,0.6598834548719814,-1.038883244,-1.287392201,0.24850895700000009,HOLD,HOLD,默认观望,True,继续持多
2025-12-06 16:00:00,BULLISH_SINGULARITY,0.4871537888881085,-1.293956584,-1.038883244,-0.25507334000000004,HOLD,HOLD,默认观望,True,继续持多
2025-12-06 20:00:00,BULLISH_SINGULARITY,0.3853863236490551,-1.341274473,-1.293956584,-0.04731788899999989,HOLD,HOLD,默认观望,True,继续持多
2025-12-07 20:00:00,OSCILLATION,1.2642109737234948,0.1532969106399652,-1.341274473,1.4945713836399652,HOLD,HOLD,震荡-观望,False,继续持多
2025-12-08 00:00:00,OSCILLATION,1.0786963150475315,0.8126162336822205,0.1532969106399652,0.6593193230422553,REVERSE_LONG,HOLD,震荡-观望,False,多平/反空
2025-12-08 04:00:00,OSCILLATION,0.7035562615029207,1.2315768886492209,0.8126162336822205,0.4189606549670004,REVERSE_LONG,HOLD,震荡-观望,False,空平/反多
2025-12-08 20:00:00,BEARISH_SINGULARITY,0.859597021,0.1379308843454558,1.2315768886492209,-1.093646004303765,REVERSE_LONG,HOLD,默认观望,True,多平/反空
2025-12-09 16:00:00,OSCILLATION,2.840727520429994,3.083440351304528,0.1379308843454558,2.9455094669590722,REVERSE_LONG,REVERSE_LONG,反多-价格回升2.95%+量能2.84,False,多平/反空
2025-12-09 20:00:00,OSCILLATION,1.2290258248746322,1.6712021808979631,3.083440351304528,-1.412238170406565,HOLD,HOLD,震荡-观望,False,继续持空
2025-12-10 00:00:00,OSCILLATION,0.751871764,1.2442266187662565,1.6712021808979631,-0.4269755621317066,HOLD,HOLD,震荡-观望,False,继续持空
2025-12-10 04:00:00,OSCILLATION,0.5106519069195881,1.4924126633640178,1.2442266187662565,0.24818604459776128,HOLD,HOLD,震荡-观望,False,继续持空
2025-12-10 12:00:00,BEARISH_SINGULARITY,0.8835997642482012,0.5715530094500576,1.4924126633640178,-0.9208596539139602,HOLD,HOLD,默认观望,True,继续持空
2025-12-10 16:00:00,BEARISH_SINGULARITY,1.755776857757878,1.3986433178102762,0.5715530094500576,0.8270903083602186,HOLD,REVERSE_LONG,反多-价格回升0.83%+量能1.76,True,继续持空
2025-12-10 20:00:00,BEARISH_SINGULARITY,1.6124752717386008,0.3353476187925906,1.3986433178102762,-1.0632956990176856,HOLD,REVERSE_SHORT,反空-价格回落-1.06%+量能1.61,True,继续持空
2025-12-11 00:00:00,BEARISH_SINGULARITY,1.2926961408130386,-1.806701735,0.3353476187925906,-2.142049353792591,REVERSE_LONG,REVERSE_SHORT,反空-价格回落-2.14%+量能1.29,True,空平/反多
2025-12-11 04:00:00,BEARISH_SINGULARITY,0.7201279014299942,-1.248070047,-1.806701735,0.5586316880000002,HOLD,HOLD,默认观望,True,继续持多
2025-12-11 08:00:00,BEARISH_SINGULARITY,0.489812443,-1.160710902,-1.248070047,0.08735914499999997,HOLD,HOLD,默认观望,True,继续持多
2025-12-11 12:00:00,BEARISH_SINGULARITY,1.1177911090522843,-1.41877717,-1.160710902,-0.2580662680000001,HOLD,HOLD,默认观望,True,继续持多
2025-12-11 16:00:00,BEARISH_SINGULARITY,1.120381827942419,-0.323784439,-1.41877717,1.094992731,HOLD,REVERSE_LONG,反多-价格回升1.09%+量能1.12,True,继续持多
2025-12-11 20:00:00,BEARISH_SINGULARITY,1.5303700505255498,1.3665574304611792,-0.323784439,1.6903418694611791,HOLD,REVERSE_LONG,反多-价格回升1.69%+量能1.53,True,继续持多
2025-12-12 00:00:00,OSCILLATION,0.6727109070698362,1.007350475368086,1.3665574304611792,-0.3592069550930932,HOLD,HOLD,震荡-观望,False,继续持多
2025-12-12 04:00:00,OSCILLATION,0.4678840360110664,1.0508109132165937,1.007350475368086,0.04346043784850773,HOLD,HOLD,震荡-观望,False,继续持多
2025-12-12 08:00:00,OSCILLATION,0.5144205818821922,0.9427244866187128,1.0508109132165937,-0.10808642659788092,HOLD,HOLD,震荡-观望,False,继续持多
2025-12-12 12:00:00,OSCILLATION,1.6639202729978462,-1.603550622,0.9427244866187128,-2.5462751086187128,HOLD,REVERSE_SHORT,反空-价格回落-2.55%+量能1.66,False,继续持多
2025-12-13 16:00:00,OSCILLATION,0.2461004127318459,-0.703496216,-1.603550622,0.900054406,HOLD,HOLD,震荡-观望,False,继续持多
2025-12-13 20:00:00,BULLISH_SINGULARITY,0.259170959,-0.575226808,-0.703496216,0.12826940799999997,HOLD,HOLD,默认观望,True,继续持多
2025-12-14 00:00:00,BULLISH_SINGULARITY,0.294205544,-0.501797973,-0.575226808,0.07342883500000008,HOLD,HOLD,默认观望,True,继续持多
2025-12-14 04:00:00,BULLISH_SINGULARITY,0.3139308689376386,-0.467582615,-0.501797973,0.034215357999999974,HOLD,HOLD,默认观望,True,继续持多
2025-12-14 08:00:00,BULLISH_SINGULARITY,0.9718235196444882,-1.308562259,-0.467582615,-0.8409796439999999,HOLD,REVERSE_SHORT,反空-价格回落-0.84%+量能0.97,False,继续持多
2025-12-14 12:00:00,BULLISH_SINGULARITY,0.8358568763583734,-1.523210096,-1.308562259,-0.214647837,HOLD,HOLD,默认观望,True,继续持多
2025-12-14 16:00:00,BULLISH_SINGULARITY,0.8108029957761116,-1.759745197,-1.523210096,-0.23653510100000008,HOLD,HOLD,默认观望,True,继续持多
2025-12-14 20:00:00,BULLISH_SINGULARITY,1.263826110375463,-2.070639159,-1.759745197,-0.3108939620000002,HOLD,REVERSE_SHORT,反空-价格回落-0.31%+量能1.26,False,继续持多
2025-12-15 04:00:00,OSCILLATION,0.7314607117998536,-0.21252971,-2.070639159,1.858109449,HOLD,HOLD,震荡-观望,False,继续持多
2025-12-15 08:00:00,OSCILLATION,0.8620136368976357,-0.305189593,-0.21252971,-0.09265988299999997,HOLD,HOLD,震荡-观望,False,继续持多
2025-12-15 12:00:00,OSCILLATION,2.961640673,-2.909323928,-0.305189593,-2.604134335,HOLD,REVERSE_SHORT,反空-价格回落-2.60%+量能2.96,False,继续持多
2025-12-15 16:00:00,OSCILLATION,2.635830950172896,-3.536851999,-2.909323928,-0.627528071,HOLD,REVERSE_SHORT,反空-价格回落-0.63%+量能2.64,False,继续持多
2025-12-15 20:00:00,OSCILLATION,1.2512108078712327,-2.923167903,-3.536851999,0.6136840960000001,HOLD,HOLD,震荡-观望,False,继续持多
2025-12-16 00:00:00,BULLISH_SINGULARITY,1.1794489364777692,-3.220817971,-2.923167903,-0.2976500679999998,HOLD,HOLD,默认观望,False,继续持多
2025-12-16 04:00:00,BULLISH_SINGULARITY,1.2227310997376328,-2.773699453,-3.220817971,0.4471185179999999,HOLD,REVERSE_LONG,反多-价格回升0.45%+量能1.22,False,继续持多
2025-12-16 08:00:00,BULLISH_SINGULARITY,1.1630951105520353,-1.243184448,-2.773699453,1.5305150049999998,HOLD,REVERSE_LONG,反多-价格回升1.53%+量能1.16,False,继续持多
2025-12-16 12:00:00,BULLISH_SINGULARITY,2.8133448618098384,-0.391819392,-1.243184448,0.8513650560000001,HOLD,REVERSE_LONG,反多-价格回升0.85%+量能2.81,False,继续持多
2025-12-16 16:00:00,BULLISH_SINGULARITY,1.4042645312711142,-0.756310747,-0.391819392,-0.364491355,HOLD,REVERSE_SHORT,反空-价格回落-0.36%+量能1.40,False,继续持多
2025-12-16 20:00:00,BULLISH_SINGULARITY,0.4508849348871319,-0.399805799,-0.756310747,0.356504948,HOLD,HOLD,默认观望,True,继续持多
2025-12-17 08:00:00,OSCILLATION,0.6479183683454266,-1.065084753,-0.399805799,-0.665278954,HOLD,HOLD,震荡-观望,False,继续持多
2025-12-17 12:00:00,BEARISH_SINGULARITY,2.740960963709343,-0.706718772,-1.065084753,0.35836598100000006,HOLD,REVERSE_LONG,反多-价格回升0.36%+量能2.74,True,继续持多
2025-12-17 16:00:00,BEARISH_SINGULARITY,1.6185240460773425,-1.894349122,-0.706718772,-1.18763035,HOLD,REVERSE_SHORT,反空-价格回落-1.19%+量能1.62,True,继续持多
2025-12-17 20:00:00,BEARISH_SINGULARITY,0.5457479749113118,-1.484393779,-1.894349122,0.409955343,HOLD,HOLD,默认观望,True,继续持多
2025-12-18 00:00:00,BEARISH_SINGULARITY,0.5504415373062349,-0.956294607,-1.484393779,0.5280991719999999,HOLD,HOLD,默认观望,True,继续持多
2025-12-18 04:00:00,BEARISH_SINGULARITY,0.5058042305226685,-0.642708006,-0.956294607,0.313586601,HOLD,HOLD,默认观望,True,继续持多
2025-12-18 08:00:00,BEARISH_SINGULARITY,0.6260627651327233,-0.098149849,-0.642708006,0.544558157,HOLD,HOLD,默认观望,True,继续持多
2025-12-19 04:00:00,BULLISH_SINGULARITY,1.050212322760691,0.9575246399656484,-0.098149849,1.0556744889656484,HOLD,REVERSE_LONG,反多-价格回升1.06%+量能1.05,False,继续持多
2025-12-19 08:00:00,BULLISH_SINGULARITY,0.5118658957012466,1.1197625820069306,0.9575246399656484,0.16223794204128217,HOLD,HOLD,默认观望,True,继续持多
2025-12-19 12:00:00,BULLISH_SINGULARITY,1.622926694969814,0.7564766799366665,1.1197625820069306,-0.3632859020702641,HOLD,REVERSE_SHORT,反空-价格回落-0.36%+量能1.62,False,继续持多
2025-12-19 16:00:00,BULLISH_SINGULARITY,1.2069714693613462,0.5742685521449209,0.7564766799366665,-0.18220812779174556,HOLD,HOLD,默认观望,False,继续持多
2025-12-19 20:00:00,BULLISH_SINGULARITY,0.5232807235285725,0.8203223080666955,0.5742685521449209,0.2460537559217746,HOLD,HOLD,默认观望,True,继续持多
2025-12-20 00:00:00,OSCILLATION,0.2870710028691103,0.8222525113610377,0.8203223080666955,0.0019302032943422365,HOLD,HOLD,震荡-观望,False,继续持多
2025-12-20 04:00:00,OSCILLATION,0.2337110138351694,0.8057473927091807,0.8222525113610377,-0.016505118651856998,HOLD,HOLD,震荡-观望,False,继续持多
2025-12-20 20:00:00,OSCILLATION,0.2150333515488725,0.6391864921868894,0.8057473927091807,-0.16656090052229133,HOLD,HOLD,震荡-观望,False,继续持多
2025-12-21 00:00:00,OSCILLATION,0.3639753404177154,0.2791212415465505,0.6391864921868894,-0.3600652506403389,HOLD,HOLD,震荡-观望,False,继续持多
2025-12-21 04:00:00,OSCILLATION,0.17116455,0.3596954094303261,0.2791212415465505,0.08057416788377558,HOLD,HOLD,震荡-观望,False,继续持多
2025-12-21 20:00:00,HIGH_OSCILLATION,0.3441315064046015,0.6828666587578752,0.3596954094303261,0.32317124932754915,REVERSE_LONG,HOLD,默认观望,False,多平/反空
2025-12-22 00:00:00,BEARISH_SINGULARITY,1.318931150563008,0.7356873818305063,0.6828666587578752,0.05282072307263108,REVERSE_LONG,HOLD,默认观望,True,多平/反空
2025-12-22 04:00:00,BEARISH_SINGULARITY,0.6897853010594227,1.0709544184664257,0.7356873818305063,0.3352670366359194,HOLD,HOLD,高张力-避免,True,继续持空
2025-12-22 08:00:00,BEARISH_SINGULARITY,1.428029198200341,1.7608005513824476,1.0709544184664257,0.6898461329160219,HOLD,HOLD,高张力-避免,True,继续持空
2025-12-22 12:00:00,BEARISH_SINGULARITY,2.1332942322668305,1.3674644070566426,1.7608005513824476,-0.393336144325805,HOLD,HOLD,高张力-避免,True,继续持空
2025-12-22 16:00:00,BEARISH_SINGULARITY,1.381612141237072,-0.474569454,1.3674644070566426,-1.8420338610566427,HOLD,HOLD,高张力-避免,True,继续持空
2025-12-22 20:00:00,BEARISH_SINGULARITY,0.9512552312578004,0.1518367232098692,-0.474569454,0.6264061772098692,HOLD,HOLD,高张力-避免,True,继续持空
2025-12-23 00:00:00,BEARISH_SINGULARITY,0.9940232216758468,-0.323660865,0.1518367232098692,-0.4754975882098692,HOLD,HOLD,高张力-避免,True,继续持空
2025-12-23 04:00:00,BEARISH_SINGULARITY,1.3120876895738125,-0.902494141,-0.323660865,-0.578833276,HOLD,HOLD,高张力-避免,True,继续持空
2025-12-23 08:00:00,BEARISH_SINGULARITY,0.9277276007928296,-0.528265778,-0.902494141,0.37422836300000006,HOLD,HOLD,高张力-避免,True,继续持空
2025-12-23 12:00:00,BEARISH_SINGULARITY,2.035266008587535,-0.902082647,-0.528265778,-0.373816869,REVERSE_LONG,REVERSE_SHORT,反空-价格回落-0.37%+量能2.04,True,空平/反多
2025-12-23 16:00:00,BEARISH_SINGULARITY,1.7949081649775216,-0.499168791,-0.902082647,0.40291385599999996,HOLD,REVERSE_LONG,反多-价格回升0.40%+量能1.79,True,继续持多
2025-12-23 20:00:00,BEARISH_SINGULARITY,1.2713990188632958,-0.725961805,-0.499168791,-0.22679301399999996,HOLD,HOLD,默认观望,True,继续持多
2025-12-24 04:00:00,HIGH_OSCILLATION,0.6981193581133937,-1.17185809,-0.725961805,-0.445896285,HOLD,HOLD,默认观望,True,继续持多
2025-12-24 12:00:00,BEARISH_SINGULARITY,1.1302906509664423,-0.846908095,-1.17185809,0.324949995,HOLD,REVERSE_LONG,反多-价格回升0.32%+量能1.13,True,继续持多
2025-12-24 16:00:00,BEARISH_SINGULARITY,0.8516462700161755,-0.2344687,-0.846908095,0.612439395,HOLD,HOLD,默认观望,True,继续持多
2025-12-24 20:00:00,BEARISH_SINGULARITY,0.4813247323902653,-0.105574536,-0.2344687,0.128894164,HOLD,HOLD,默认观望,True,继续持多
2025-12-25 00:00:00,BEARISH_SINGULARITY,0.3332941162998473,0.080730652,-0.105574536,0.186305188,REVERSE_LONG,HOLD,默认观望,True,多平/反空
2025-12-25 16:00:00,OSCILLATION,0.5682270778738804,0.350769063,0.080730652,0.270038411,REVERSE_LONG,HOLD,震荡-观望,False,多平/反空
2025-12-25 20:00:00,BULLISH_SINGULARITY,0.9889539120557272,-0.636728576,0.350769063,-0.987497639,HOLD,REVERSE_SHORT,反空-价格回落-0.99%+量能0.99,False,继续持空
2025-12-26 00:00:00,BULLISH_SINGULARITY,2.705537060992342,1.0919220805060417,-0.636728576,1.7286506565060415,HOLD,REVERSE_LONG,反多-价格回升1.73%+量能2.71,False,继续持空
2025-12-26 04:00:00,BULLISH_SINGULARITY,1.6486727014651343,0.6023977846289111,1.0919220805060417,-0.48952429587713053,HOLD,REVERSE_SHORT,反空-价格回落-0.49%+量能1.65,False,继续持空
2025-12-26 08:00:00,BULLISH_SINGULARITY,0.6578673522114016,0.6091124448597804,0.6023977846289111,0.006714660230869307,HOLD,HOLD,默认观望,True,继续持空
2025-12-26 20:00:00,OSCILLATION,0.5489681808509624,-0.521862837,0.6091124448597804,-1.1309752818597805,HOLD,HOLD,震荡-观望,False,继续持空
2025-12-27 00:00:00,OSCILLATION,0.3591869392545763,-0.32324961,-0.521862837,0.198613227,HOLD,HOLD,震荡-观望,False,继续持空
2025-12-27 12:00:00,OSCILLATION,0.4325316358304378,-0.199882772,-0.32324961,0.12336683800000003,HOLD,HOLD,震荡-观望,False,继续持空
2025-12-27 16:00:00,LOW_OSCILLATION,0.332999201,-0.162165437,-0.199882772,0.03771733499999999,HOLD,HOLD,默认观望,True,继续持空
2025-12-27 20:00:00,BULLISH_SINGULARITY,0.542777305,0.1705640650779619,-0.162165437,0.3327295020779619,HOLD,HOLD,默认观望,True,继续持空
2025-12-28 00:00:00,BULLISH_SINGULARITY,0.4261830718136315,0.013026991,0.1705640650779619,-0.1575370740779619,HOLD,HOLD,默认观望,True,继续持空
2025-12-28 04:00:00,BULLISH_SINGULARITY,0.2850793124073612,0.002339433,0.013026991,-0.010687558,HOLD,HOLD,默认观望,True,继续持空
2025-12-28 08:00:00,BULLISH_SINGULARITY,0.4882678430689913,0.1592626196816033,0.002339433,0.1569231866816033,HOLD,HOLD,默认观望,True,继续持空
2025-12-28 12:00:00,BULLISH_SINGULARITY,0.5233464013527908,0.095641977,0.1592626196816033,-0.06362064268160329,HOLD,HOLD,默认观望,True,继续持空
2025-12-28 16:00:00,BULLISH_SINGULARITY,0.5677749940297195,-0.238840613,0.095641977,-0.33448259,HOLD,HOLD,默认观望,True,继续持空
2025-12-28 20:00:00,BULLISH_SINGULARITY,0.579259191,0.2293308250004243,-0.238840613,0.46817143800042427,HOLD,HOLD,默认观望,True,继续持空
2025-12-29 00:00:00,BULLISH_SINGULARITY,2.8228766952368542,2.4394550542109634,0.2293308250004243,2.210124229210539,HOLD,REVERSE_LONG,反多-价格回升2.21%+量能2.82,False,继续持空
2025-12-29 04:00:00,BULLISH_SINGULARITY,1.9722635436969689,1.683928540796845,2.4394550542109634,-0.7555265134141185,REVERSE_LONG,REVERSE_SHORT,反空-价格回落-0.76%+量能1.97,False,空平/反多
2025-12-29 08:00:00,BULLISH_SINGULARITY,2.621102939317758,-0.581341374,1.683928540796845,-2.265269914796845,REVERSE_LONG,REVERSE_SHORT,反空-价格回落-2.27%+量能2.62,False,多平/反空
2025-12-29 12:00:00,BULLISH_SINGULARITY,2.309085583226397,-0.398810156,-0.581341374,0.18253121799999994,REVERSE_LONG,HOLD,默认观望,False,空平/反多
2025-12-30 04:00:00,BULLISH_SINGULARITY,0.6861674417373956,-0.365227675,-0.398810156,0.03358248100000005,REVERSE_LONG,HOLD,默认观望,True,空平/反多
2025-12-30 08:00:00,BULLISH_SINGULARITY,1.4868131033765934,0.082701543,-0.365227675,0.44792921799999996,HOLD,REVERSE_LONG,反多-价格回升0.45%+量能1.49,False,继续持多
2025-12-30 12:00:00,BULLISH_SINGULARITY,2.123354441,1.2192189314301092,0.082701543,1.1365173884301092,HOLD,REVERSE_LONG,反多-价格回升1.14%+量能2.12,False,继续持多
2025-12-30 16:00:00,BULLISH_SINGULARITY,1.516724643183804,0.2900732311321845,1.2192189314301092,-0.9291457002979246,HOLD,HOLD,高张力-避免,False,继续持多
2025-12-30 20:00:00,BULLISH_SINGULARITY,0.6399498690493653,0.5288677435955692,0.2900732311321845,0.23879451246338473,HOLD,HOLD,高张力-避免,True,继续持多
2025-12-31 00:00:00,BULLISH_SINGULARITY,0.5736735583500931,0.444935381,0.5288677435955692,-0.08393236259556919,HOLD,HOLD,高张力-避免,True,继续持多
2025-12-31 04:00:00,BULLISH_SINGULARITY,0.4917183285708941,0.5666923270594127,0.444935381,0.12175694605941273,HOLD,HOLD,默认观望,True,继续持多
2025-12-31 08:00:00,BULLISH_SINGULARITY,0.8258917718273133,0.9209094915610538,0.5666923270594127,0.3542171645016411,REVERSE_LONG,HOLD,默认观望,True,多平/反空
2025-12-31 20:00:00,BEARISH_SINGULARITY,0.6830293995358833,-0.480075441,0.9209094915610538,-1.400984932561054,REVERSE_LONG,HOLD,默认观望,True,空平/反多
2026-01-01 00:00:00,BEARISH_SINGULARITY,0.3604437053748428,-0.231208437,-0.480075441,0.248867004,HOLD,HOLD,高张力-避免,True,继续持多
2026-01-01 04:00:00,BEARISH_SINGULARITY,0.4767665779850533,-0.429424175,-0.231208437,-0.19821573800000003,HOLD,HOLD,默认观望,True,继续持多
2026-01-01 08:00:00,BEARISH_SINGULARITY,0.3852329655894642,0.015239774,-0.429424175,0.444663949,HOLD,HOLD,默认观望,True,继续持多
2026-01-01 12:00:00,BEARISH_SINGULARITY,0.5021243142723213,0.021539054,0.015239774,0.006299279999999999,HOLD,HOLD,默认观望,True,继续持多
2026-01-02 20:00:00,HIGH_OSCILLATION,0.7756418071828831,1.405312319890401,0.021539054,1.383773265890401,HOLD,HOLD,默认观望,False,继续持多
2026-01-03 00:00:00,BEARISH_SINGULARITY,0.5472155819381462,1.6012098432343258,1.405312319890401,0.19589752334392485,REVERSE_LONG,HOLD,默认观望,True,黄金/多平反空
2026-01-03 04:00:00,BEARISH_SINGULARITY,0.934528921,0.6909092500417018,1.6012098432343258,-0.910300593192624,HOLD,HOLD,高张力-避免,True,继续持空
2026-01-03 08:00:00,BEARISH_SINGULARITY,0.6810680815521245,0.803027034,0.6909092500417018,0.11211778395829819,HOLD,HOLD,高张力-避免,True,继续持空
2026-01-03 12:00:00,BEARISH_SINGULARITY,0.5815553842648471,0.9456747546259294,0.803027034,0.14264772062592945,HOLD,HOLD,高张力-避免,True,继续持空
2026-01-03 16:00:00,BEARISH_SINGULARITY,0.2775207122667595,1.0113318565634066,0.9456747546259294,0.0656571019374772,HOLD,HOLD,高张力-避免,True,继续持空
2026-01-03 20:00:00,BEARISH_SINGULARITY,0.749760748,1.4242074719407614,1.0113318565634066,0.41287561537735473,HOLD,HOLD,高张力-避免,True,继续持空
2026-01-04 00:00:00,BEARISH_SINGULARITY,1.552409677,1.9011622012637588,1.4242074719407614,0.47695472932299743,HOLD,HOLD,高张力-避免,True,继续持空
2026-01-04 04:00:00,BEARISH_SINGULARITY,1.0392826901340613,2.014144508251912,1.9011622012637588,0.11298230698815326,HOLD,HOLD,默认观望,True,继续持空
2026-01-04 08:00:00,BEARISH_SINGULARITY,1.401503581273652,1.5857270964952022,2.014144508251912,-0.4284174117567099,HOLD,REVERSE_SHORT,反空-价格回落-0.43%+量能1.40,True,继续持空
2026-01-04 16:00:00,OSCILLATION,0.6070178358062974,1.1286127653718865,1.5857270964952022,-0.4571143311233157,HOLD,HOLD,震荡-观望,False,继续持空
2026-01-04 20:00:00,OSCILLATION,0.438763521,1.4122271945130156,1.1286127653718865,0.2836144291411291,HOLD,HOLD,震荡-观望,False,继续持空
2026-01-05 00:00:00,OSCILLATION,2.6547648828503587,2.622264099932882,1.4122271945130156,1.2100369054198663,HOLD,REVERSE_LONG,反多-价格回升1.21%+量能2.65,False,继续持空
2026-01-05 04:00:00,OSCILLATION,0.8700906262471553,2.010783179276663,2.622264099932882,-0.6114809206562191,HOLD,HOLD,震荡-观望,False,继续持空
2026-01-05 08:00:00,BEARISH_SINGULARITY,1.1578679456205134,2.425209633226909,2.010783179276663,0.414426453950246,HOLD,REVERSE_LONG,反多-价格回升0.41%+量能1.16,True,继续持空
2026-01-05 12:00:00,BEARISH_SINGULARITY,1.8291948928720536,3.004076614689779,2.425209633226909,0.5788669814628702,HOLD,REVERSE_LONG,反多-价格回升0.58%+量能1.83,True,继续持空
2026-01-05 16:00:00,BEARISH_SINGULARITY,1.7815825781425056,3.051004798189489,3.004076614689779,0.04692818349970995,HOLD,HOLD,默认观望,True,继续持空
2026-01-05 20:00:00,BEARISH_SINGULARITY,1.058634468932769,2.3161015522174577,3.051004798189489,-0.7349032459720313,HOLD,REVERSE_SHORT,反空-价格回落-0.73%+量能1.06,True,继续持空
2026-01-06 00:00:00,BEARISH_SINGULARITY,0.7414834027915579,2.002063804434407,2.3161015522174577,-0.31403774778305094,HOLD,HOLD,默认观望,True,继续持空
2026-01-06 04:00:00,BEARISH_SINGULARITY,0.9766304629026348,1.3035641888317722,2.002063804434407,-0.6984996156026346,HOLD,REVERSE_SHORT,反空-价格回落-0.70%+量能0.98,True,继续持空
2026-01-06 08:00:00,BEARISH_SINGULARITY,0.6468585424585515,1.751069316369294,1.3035641888317722,0.4475051275375219,HOLD,HOLD,默认观望,True,继续持空
2026-01-06 12:00:00,BEARISH_SINGULARITY,1.7024231125033409,1.3948619216178797,1.751069316369294,-0.3562073947514144,REVERSE_LONG,REVERSE_SHORT,反空-价格回落-0.36%+量能1.70,True,空平/反多
2026-01-07 00:00:00,OSCILLATION,0.9967010207616374,0.3375332163770861,1.3948619216178797,-1.0573287052407936,REVERSE_LONG,HOLD,震荡-观望,False,空平/反多
2026-01-07 04:00:00,OSCILLATION,0.3911198642775769,0.3671578895880842,0.3375332163770861,0.029624673210998098,HOLD,HOLD,震荡-观望,False,继续持多
2026-01-08 08:00:00,BULLISH_SINGULARITY,0.8795947191555351,-1.661707943,0.3671578895880842,-2.028865832588084,HOLD,HOLD,默认观望,True,继续持多
2026-01-08 12:00:00,BULLISH_SINGULARITY,1.5163301439041654,-0.957324745,-1.661707943,0.7043831979999999,HOLD,REVERSE_LONG,反多-价格回升0.70%+量能1.52,False,继续持多
2026-01-08 16:00:00,BULLISH_SINGULARITY,0.9162922359195568,-0.712856574,-0.957324745,0.24446817099999996,HOLD,HOLD,默认观望,True,继续持多
2026-01-08 20:00:00,BULLISH_SINGULARITY,0.6333059019545807,-0.484610216,-0.712856574,0.22824635800000004,HOLD,HOLD,默认观望,True,继续持多
2026-01-09 00:00:00,BULLISH_SINGULARITY,0.5950008218209611,-0.31972647,-0.484610216,0.164883746,HOLD,HOLD,默认观望,True,继续持多
2026-01-09 04:00:00,BULLISH_SINGULARITY,0.5741893209828938,-0.762859362,-0.31972647,-0.44313289200000006,HOLD,HOLD,默认观望,True,继续持多
2026-01-09 08:00:00,BULLISH_SINGULARITY,0.9746160885741468,-0.966983275,-0.762859362,-0.204123913,HOLD,HOLD,默认观望,False,继续持多
2026-01-09 12:00:00,BULLISH_SINGULARITY,2.007216885732162,-0.168355381,-0.966983275,0.798627894,HOLD,REVERSE_LONG,反多-价格回升0.80%+量能2.01,False,继续持多
2026-01-09 16:00:00,BULLISH_SINGULARITY,1.0154454330021716,-0.989776352,-0.168355381,-0.821420971,HOLD,REVERSE_SHORT,反空-价格回落-0.82%+量能1.02,False,继续持多
2026-01-09 20:00:00,BULLISH_SINGULARITY,0.4580695202874993,-0.589318933,-0.989776352,0.400457419,HOLD,HOLD,默认观望,True,继续持多
2026-01-10 00:00:00,BULLISH_SINGULARITY,0.2105547652658797,-0.548533227,-0.589318933,0.04078570600000009,HOLD,HOLD,默认观望,True,继续持多
2026-01-10 04:00:00,BULLISH_SINGULARITY,0.2091129858203934,-0.444513233,-0.548533227,0.10401999399999995,HOLD,HOLD,默认观望,True,继续持多
2026-01-10 08:00:00,BULLISH_SINGULARITY,0.2877677806600527,-0.35725532,-0.444513233,0.08725791300000002,HOLD,HOLD,默认观望,True,继续持多
2026-01-10 12:00:00,BULLISH_SINGULARITY,0.1868496082071065,-0.381128176,-0.35725532,-0.023872855999999998,HOLD,HOLD,默认观望,True,继续持多
2026-01-10 16:00:00,BULLISH_SINGULARITY,0.2506986425510751,-0.383964273,-0.381128176,-0.0028360970000000374,HOLD,HOLD,默认观望,True,继续持多
2026-01-10 20:00:00,BULLISH_SINGULARITY,0.2509976309404785,-0.468798293,-0.383964273,-0.08483401999999995,HOLD,HOLD,默认观望,True,继续持多
2026-01-11 00:00:00,BULLISH_SINGULARITY,0.2509371722347084,-0.196535834,-0.468798293,0.272262459,HOLD,HOLD,高张力-避免,True,继续持多
2026-01-11 04:00:00,BULLISH_SINGULARITY,0.3051759411966337,-0.200461517,-0.196535834,-0.003925683000000013,HOLD,HOLD,默认观望,True,继续持多
2026-01-11 08:00:00,BULLISH_SINGULARITY,0.3997853918209131,-0.137392497,-0.200461517,0.06306902,HOLD,HOLD,默认观望,True,继续持多
2026-01-11 12:00:00,BULLISH_SINGULARITY,0.6981379678650685,-0.004044073,-0.137392497,0.133348424,HOLD,HOLD,默认观望,True,继续持多
2026-01-11 16:00:00,BULLISH_SINGULARITY,0.6142427495851903,-0.187865179,-0.004044073,-0.18382110599999998,HOLD,HOLD,默认观望,True,继续持多
2026-01-11 20:00:00,BULLISH_SINGULARITY,1.1660189007691395,0.1514835080454683,-0.187865179,0.3393486870454683,HOLD,REVERSE_LONG,反多-价格回升0.34%+量能1.17,False,继续持多
2026-01-12 00:00:00,BULLISH_SINGULARITY,2.548434048708016,0.9271256512634044,0.1514835080454683,0.7756421432179361,HOLD,REVERSE_LONG,反多-价格回升0.78%+量能2.55,False,继续持多
2026-01-12 04:00:00,BULLISH_SINGULARITY,1.1503640661198398,0.4407419596843455,0.9271256512634044,-0.4863836915790589,HOLD,REVERSE_SHORT,反空-价格回落-0.49%+量能1.15,False,继续持多
2026-01-12 08:00:00,BULLISH_SINGULARITY,1.7899559205933917,-0.383927665,0.4407419596843455,-0.8246696246843455,HOLD,REVERSE_SHORT,反空-价格回落-0.82%+量能1.79,False,继续持多
2026-01-12 12:00:00,OSCILLATION,1.800302470248625,0.6905047795299992,-0.383927665,1.0744324445299993,HOLD,REVERSE_LONG,反多-价格回升1.07%+量能1.80,False,继续持多
2026-01-12 16:00:00,OSCILLATION,2.1798189949753817,0.8190978158339814,0.6905047795299992,0.12859303630398222,HOLD,HOLD,默认观望,False,继续持多
2026-01-12 20:00:00,OSCILLATION,0.9652819189935103,0.1799458172619094,0.8190978158339814,-0.639151998572072,HOLD,HOLD,震荡-观望,False,继续持多
2026-01-13 00:00:00,OSCILLATION,0.959393782,0.2746273577725385,0.1799458172619094,0.0946815405106291,HOLD,HOLD,震荡-观望,False,继续持多
2026-01-13 04:00:00,OSCILLATION,1.793053891565821,0.776935973,0.2746273577725385,0.5023086152274614,HOLD,REVERSE_LONG,反多-价格回升0.50%+量能1.79,False,继续持多
2026-01-13 08:00:00,OSCILLATION,1.6599232983878651,0.7605852645616159,0.776935973,-0.016350708438384043,HOLD,HOLD,默认观望,False,继续持多
2026-01-13 12:00:00,BULLISH_SINGULARITY,2.5132720715806736,2.1194838734091506,0.7605852645616159,1.3588986088475346,REVERSE_LONG,REVERSE_LONG,反多-价格回升1.36%+量能2.51,False,黄金/多平反空
2026-01-13 16:00:00,BULLISH_SINGULARITY,2.4613925570469948,2.678127110582855,2.1194838734091506,0.5586432371737042,HOLD,REVERSE_LONG,反多-价格回升0.56%+量能2.46,False,继续持空
2026-01-13 20:00:00,BULLISH_SINGULARITY,3.284165280276304,3.5799595614223243,2.678127110582855,0.9018324508394695,HOLD,REVERSE_LONG,反多-价格回升0.90%+量能3.28,False,继续持空
2026-01-14 08:00:00,OSCILLATION,0.6854902660115006,2.017474099899004,3.5799595614223243,-1.5624854615233201,HOLD,HOLD,震荡-观望,False,继续持空
2026-01-14 12:00:00,BEARISH_SINGULARITY,2.126837059922224,3.730388268617317,2.017474099899004,1.7129141687183127,REVERSE_LONG,REVERSE_LONG,反多-价格回升1.71%+量能2.13,True,黄金/多平反空
2026-01-14 16:00:00,BEARISH_SINGULARITY,2.1307974518489834,3.847180878517893,3.730388268617317,0.11679260990057605,HOLD,HOLD,默认观望,True,继续持空
2026-01-14 20:00:00,BEARISH_SINGULARITY,0.9671023609267332,3.165303617595667,3.847180878517893,-0.6818772609222261,HOLD,REVERSE_SHORT,反空-价格回落-0.68%+量能0.97,True,继续持空
2026-01-15 00:00:00,BEARISH_SINGULARITY,0.8479914535547804,1.9292519663901868,3.165303617595667,-1.23605165120548,HOLD,HOLD,默认观望,True,继续持空
2026-01-15 04:00:00,BEARISH_SINGULARITY,0.6143737537024371,2.3597136345198404,1.9292519663901868,0.4304616681296536,HOLD,HOLD,默认观望,True,继续持空
2026-01-15 08:00:00,BEARISH_SINGULARITY,0.8471565866057532,2.083056242787346,2.3597136345198404,-0.2766573917324946,HOLD,HOLD,默认观望,True,继续持空
2026-01-15 12:00:00,BEARISH_SINGULARITY,1.3953955986503066,2.029470277604943,2.083056242787346,-0.053585965182402884,HOLD,HOLD,默认观望,True,继续持空
2026-01-15 16:00:00,BEARISH_SINGULARITY,2.121965969853812,0.6705325571352233,2.029470277604943,-1.3589377204697195,HOLD,REVERSE_SHORT,反空-价格回落-1.36%+量能2.12,True,继续持空
2026-01-15 20:00:00,BEARISH_SINGULARITY,0.3765481808388319,0.6908385956604618,0.6705325571352233,0.02030603852523849,HOLD,HOLD,默认观望,True,继续持空
2026-01-16 00:00:00,BEARISH_SINGULARITY,0.3438827147151022,0.3865587830675078,0.6908385956604618,-0.304279812592954,HOLD,HOLD,默认观望,True,继续持空
2026-01-16 04:00:00,BEARISH_SINGULARITY,0.6455370932230495,0.6336153082980521,0.3865587830675078,0.24705652523054433,HOLD,HOLD,默认观望,True,继续持空
2026-01-16 08:00:00,BEARISH_SINGULARITY,0.4521895451578842,0.3598489178155405,0.6336153082980521,-0.2737663904825116,HOLD,HOLD,默认观望,True,继续持空
2026-01-17 04:00:00,BEARISH_SINGULARITY,0.1965812447723877,-0.010014034,0.3598489178155405,-0.3698629518155405,REVERSE_LONG,HOLD,默认观望,True,空平/反多
2026-01-17 08:00:00,BEARISH_SINGULARITY,0.2233414019938066,0.2022587442106324,-0.010014034,0.2122727782106324,HOLD,HOLD,默认观望,True,继续持多
2026-01-17 12:00:00,BEARISH_SINGULARITY,0.5410604142922241,0.4203669301056817,0.2022587442106324,0.21810818589504932,HOLD,HOLD,默认观望,True,继续持多
2026-01-17 16:00:00,BEARISH_SINGULARITY,0.2424001699425011,0.1119899611338772,0.4203669301056817,-0.3083769689718045,HOLD,HOLD,默认观望,True,继续持多
2026-01-17 20:00:00,BEARISH_SINGULARITY,0.2124014620538615,-0.035182966,0.1119899611338772,-0.1471729271338772,HOLD,HOLD,默认观望,True,继续持多
2026-01-18 00:00:00,BEARISH_SINGULARITY,0.3515232178584764,0.018091242,-0.035182966,0.053274208,HOLD,HOLD,默认观望,True,继续持多
2026-01-18 04:00:00,BEARISH_SINGULARITY,0.3654304191189667,-0.147168,0.018091242,-0.165259242,HOLD,HOLD,默认观望,True,继续持多
2026-01-18 20:00:00,OSCILLATION,1.5264109972765745,-1.438620211,-0.147168,-1.291452211,HOLD,REVERSE_SHORT,反空-价格回落-1.29%+量能1.53,False,继续持多
2026-01-19 00:00:00,OSCILLATION,4.114569697020532,-2.242730876,-1.438620211,-0.8041106650000001,HOLD,REVERSE_SHORT,反空-价格回落-0.80%+量能4.11,False,继续持多
2026-01-19 04:00:00,OSCILLATION,1.1340267038954055,-1.888289845,-2.242730876,0.3544410309999999,HOLD,HOLD,震荡-观望,False,继续持多
2026-01-19 08:00:00,OSCILLATION,1.2356170604020604,-1.375474231,-1.888289845,0.512815614,HOLD,HOLD,震荡-观望,False,继续持多
2026-01-19 12:00:00,OSCILLATION,1.183311791873994,-1.364532416,-1.375474231,0.010941815000000021,HOLD,HOLD,震荡-观望,False,继续持多
2026-01-19 16:00:00,OSCILLATION,0.7702780830698208,-1.200392723,-1.364532416,0.1641396930000001,HOLD,HOLD,震荡-观望,False,继续持多
2026-01-19 20:00:00,OSCILLATION,1.108964774185657,-1.54447586,-1.200392723,-0.34408313699999993,HOLD,HOLD,震荡-观望,False,继续持多
2026-01-20 00:00:00,OSCILLATION,0.9028679116266018,-1.588595714,-1.54447586,-0.04411985400000007,HOLD,HOLD,震荡-观望,False,继续持多
