timestamp,close,volume,tension,acceleration
2025-08-10 12:00:00,118815.0,2809.2276,0.7733394173530197,-0.08451915797791576
2025-08-10 16:00:00,118663.08,995.85812,0.708409113349101,-0.0804465008533109
2025-08-10 20:00:00,119294.01,2674.59294,0.5927933355073683,-0.06769484294064837
2025-08-11 00:00:00,121728.99,7626.19257,0.5290942215089675,-0.06312428690008431
2025-08-11 04:00:00,121537.15,4279.8879,0.5524573785528275,-0.06360688090818273
2025-08-11 08:00:00,120561.54,4216.26732,0.5851209594393163,-0.06792772232157296
2025-08-11 12:00:00,120314.4,5236.26223,0.627769121624933,-0.07617917486216197
2025-08-11 16:00:00,119089.3,2812.92272,0.6365680809336108,-0.07970751491299327
2025-08-11 20:00:00,118686.0,2322.80155,0.5934326901820595,-0.07570756552104452
2025-08-12 00:00:00,118857.7,1894.63528,0.4994074192284805,-0.06611377832071269
2025-08-12 04:00:00,118986.72,3135.38397,0.3773572082111734,-0.05292667957483027
2025-08-12 08:00:00,118522.22,2346.379,0.1879554018596239,-0.030895588036635335
2025-08-12 12:00:00,119933.0,4914.05441,0.022380912033194245,-0.008773387386755621
2025-08-12 16:00:00,119665.27,2309.07117,-0.13282875916960657,0.012293327752793362
2025-08-12 20:00:00,120134.08,2120.5851,-0.229260577116615,0.027384880759835722
2025-08-13 00:00:00,119482.01,2361.00135,-0.2886149726045355,0.037889269807486525
2025-08-13 04:00:00,119580.4,2324.10298,-0.33995642837998796,0.04469995267998239
2025-08-13 08:00:00,120570.41,3213.18528,-0.36326862990702835,0.045789300628449214
2025-08-13 12:00:00,120920.62,7228.67197,-0.4004817356474436,0.045308982733542114
2025-08-13 16:00:00,122744.21,4167.90157,-0.40258656279588223,0.040086361343489196
2025-08-13 20:00:00,123306.43,3915.20787,-0.3603211985640602,0.030095259090155535
2025-08-14 00:00:00,123337.14,3481.676316,-0.26383014052359516,0.013141784623983577
2025-08-14 04:00:00,121725.31,3755.65744,-0.15725836411870628,-0.003759880952790756
2025-08-14 08:00:00,120949.67,3456.28874,-0.027316167431748698,-0.02356593011086977
2025-08-14 12:00:00,118257.25,11617.06761,0.018857357375592413,-0.033723430811235765
2025-08-14 16:00:00,117945.92,3545.40524,-0.06435970028826067,-0.030434576336690555
2025-08-14 20:00:00,118295.09,2124.85224,-0.2700586857714844,-0.011298878987239996
2025-08-15 00:00:00,118968.91,1883.55436,-0.5372803422606718,0.01892120976663525
2025-08-15 04:00:00,118956.45,1732.90691,-0.8050073129625414,0.05659376355393064
2025-08-15 08:00:00,119006.01,1129.82607,-1.0091647840364835,0.08855372516706261
2025-08-15 12:00:00,117275.22,5128.8936,-1.1979175489222706,0.11737028270752092
2025-08-15 16:00:00,116936.27,2393.46089,-1.376757060349172,0.14336428345204832
2025-08-15 20:00:00,117342.05,1354.69691,-1.5130848724033281,0.16323840643807586
2025-08-16 00:00:00,117429.63,1420.5255,-1.5840387941464724,0.17610891162889608
2025-08-16 04:00:00,117596.07,925.25596,-1.597739210402458,0.17890976218293697
2025-08-16 08:00:00,117378.52,1206.0413,-1.5325226654603907,0.1755151490771587
2025-08-16 12:00:00,117676.7,1191.50027,-1.4374721010217852,0.16355299318877758
2025-08-16 16:00:00,117672.12,817.42683,-1.326161991272079,0.14565653951029311
2025-08-16 20:00:00,117380.66,832.93131,-1.2344877743857683,0.1280727628061522
2025-08-17 00:00:00,117684.95,770.53091,-1.1640025607339624,0.11429464467447592
2025-08-17 04:00:00,118005.98,1109.68335,-1.1264345203409452,0.10523980090868523
2025-08-17 08:00:00,118308.01,1007.67549,-1.06495481173857,0.10159195808968713
2025-08-17 12:00:00,118246.16,974.27271,-0.952193905365367,0.09707639070187613
2025-08-17 16:00:00,117570.07,1326.17558,-0.8338103261085992,0.09068195533419221
2025-08-17 20:00:00,117405.01,710.30388,-0.6374081061138063,0.07484242758164861
2025-08-18 00:00:00,115319.0,5801.42298,-0.5012141484541116,0.059842322494421785
2025-08-18 04:00:00,115205.98,3433.42415,-0.4272642575885335,0.04705187658232804
2025-08-18 08:00:00,114947.27,2793.98984,-0.41279465554640854,0.04578241814806483
2025-08-18 12:00:00,116145.34,2772.17945,-0.4069487124333976,0.04298624078129079
2025-08-18 16:00:00,116313.99,1731.37273,-0.41291238653906437,0.037024528488003
2025-08-18 20:00:00,116227.05,1213.55039,-0.39203307324215175,0.02683092031614495
2025-08-19 00:00:00,114810.0,2390.89748,-0.4119573940040944,0.021855227621030066
2025-08-19 04:00:00,114978.14,2499.12321,-0.45332917679568463,0.023716009787387
2025-08-19 08:00:00,115508.71,1471.04277,-0.42676294755595273,0.022693250114354052
2025-08-19 12:00:00,113786.38,5294.46316,-0.3937749810925627,0.02232052144805602
2025-08-19 16:00:00,113132.48,3784.35052,-0.3855837295543378,0.02362309741350535
2025-08-19 20:00:00,112872.94,2625.5971,-0.4127695384609168,0.030702693658984787
2025-08-20 00:00:00,113525.91,3116.70576,-0.4345968873640079,0.03875556988775303
2025-08-20 04:00:00,113490.13,1367.41482,-0.4450787884818425,0.04661258658946313
2025-08-20 08:00:00,113666.68,2352.50644,-0.42591117627403924,0.05060606549135663
2025-08-20 12:00:00,113353.94,4605.43198,-0.40177062353874304,0.054019507107767595
2025-08-20 16:00:00,114276.66,2624.00614,-0.341926273353219,0.05138124460419463
2025-08-20 20:00:00,114271.24,1570.2768,-0.24372045798762024,0.042531292516683694
2025-08-21 00:00:00,113954.62,1626.72781,-0.1227216210343999,0.029640605239965326
2025-08-21 04:00:00,113896.03,1612.36321,0.015407498380096177,0.01184685100584565
2025-08-21 08:00:00,113148.66,1509.65106,0.14110871201124273,-0.006051192002211825
2025-08-21 12:00:00,112792.08,2521.11028,0.23735013575780134,-0.022430870267769465
2025-08-21 16:00:00,112193.71,2468.80417,0.2928707501785482,-0.032043623953916966
2025-08-21 20:00:00,112500.0,1101.03582,0.31233933629164246,-0.036150495077597156
2025-08-22 00:00:00,112929.24,1610.19525,0.2899447457433766,-0.037173572769504615
2025-08-22 04:00:00,113094.83,1656.2572,0.30146066384719894,-0.035369788960982085
2025-08-22 08:00:00,112320.0,1932.43574,0.2223954293883764,-0.024578302467345742
2025-08-22 12:00:00,116370.75,11505.26127,0.18316413369070228,-0.018878074911343606
2025-08-22 16:00:00,116655.79,4307.94644,0.21410057361115534,-0.018946484996761825
2025-08-22 20:00:00,116935.99,2115.99447,0.33464939526729925,-0.0320077621315317
2025-08-23 00:00:00,115568.77,2647.58419,0.482901870937082,-0.049239750658367554
2025-08-23 04:00:00,115799.47,2258.18362,0.6333806707152054,-0.0712640491633229
2025-08-23 08:00:00,115310.13,1313.89391,0.7778002315429431,-0.09140943091378229
2025-08-23 12:00:00,114812.87,3027.56166,0.8863440247877669,-0.10424260339834124
2025-08-23 16:00:00,115133.91,1105.55067,0.9730895517152655,-0.10891352524400377
2025-08-23 20:00:00,115438.05,976.58792,1.0531858941557062,-0.10859402802514151
2025-08-24 00:00:00,115036.0,1995.92433,1.0769821168733722,-0.10380539643061182
2025-08-24 04:00:00,114888.19,1715.6873,1.0708524911169692,-0.092549308999744
2025-08-24 08:00:00,114730.22,2223.47925,1.0319283983851089,-0.07822885101226373
2025-08-24 12:00:00,114400.0,2662.01905,1.0151278920587972,-0.06617996944427262
2025-08-24 16:00:00,112600.0,8322.01988,0.9687040681926288,-0.049124087335800204
2025-08-24 20:00:00,113493.59,4256.85481,0.9451727344888069,-0.038208187790975345
2025-08-25 00:00:00,112916.84,2384.9729,0.9605294073820044,-0.03768983391791114
2025-08-25 04:00:00,111511.55,4054.02521,0.9901744926572217,-0.042225437991917913
2025-08-25 08:00:00,111214.97,4028.25788,0.9795186488538623,-0.04937140374531945
2025-08-25 12:00:00,112200.64,4593.3206,0.9899554608979894,-0.06610540254739516
2025-08-25 16:00:00,110716.13,3109.40411,0.9794449860146017,-0.08329755942329986
2025-08-25 20:00:00,110111.98,7012.81309,0.9030361214659274,-0.09607387428721037
2025-08-26 00:00:00,109879.56,4155.39206,0.7369634222366804,-0.0985524456856689
2025-08-26 04:00:00,110303.2,1910.05232,0.5345275625055369,-0.09093577666359753
2025-08-26 08:00:00,109876.52,1852.10166,0.31392873131953375,-0.07202686421642085
2025-08-26 12:00:00,109666.33,4559.68511,0.04558143354416886,-0.03836760194313937
2025-08-26 16:00:00,111116.03,3548.51055,-0.24848021484165198,-0.0010865326453357582
2025-08-26 20:00:00,111763.22,2426.69707,-0.4196000498763127,0.03479141757989948
2025-08-27 00:00:00,111418.15,2172.27313,-0.4410154337487175,0.05701833555242375
2025-08-27 04:00:00,110725.18,1809.80294,-0.3744866570999202,0.06770601003860671
2025-08-27 08:00:00,111322.07,1594.26753,-0.19915396333017124,0.06388827669706196
2025-08-27 12:00:00,112000.0,3310.1006,0.07071996027191736,0.03955976659031041
2025-08-27 16:00:00,112080.69,1902.42552,0.345547603691981,-0.006350871586680129
2025-08-27 20:00:00,111262.01,2603.73903,0.5315121968672527,-0.05039165949408908
2025-08-28 00:00:00,112000.01,1203.77782,0.6228681623718062,-0.0849772542968496
2025-08-28 04:00:00,113114.11,2481.91862,0.6656782316141232,-0.11596085343602414
2025-08-28 08:00:00,112909.18,1419.04336,0.6737575505002432,-0.136815789679834
2025-08-28 12:00:00,112678.53,3088.9335,0.652081059323314,-0.14957686477838134
2025-08-28 16:00:00,111901.36,1813.29699,0.5172077569394516,-0.14542528156394885
2025-08-28 20:00:00,112566.9,1097.30715,0.35616975369148335,-0.13164696369203732
2025-08-29 00:00:00,111704.23,2123.00621,0.22210974563780705,-0.11009101445340597
2025-08-29 04:00:00,110019.38,4260.9718,-0.012962152005990364,-0.07628445495154415
2025-08-29 08:00:00,110098.81,2848.31026,-0.21139427380377288,-0.03706544942166262
2025-08-29 12:00:00,108386.23,7729.2804,-0.4424988090314671,0.009888085890390474
2025-08-29 16:00:00,108212.01,2605.64538,-0.642657453137198,0.06150802120565346
2025-08-29 20:00:00,108377.4,3013.0964,-0.7684945150156616,0.10651792595504694
2025-08-30 00:00:00,108436.2,3244.13736,-0.826383095552823,0.13776333623457515
2025-08-30 04:00:00,108524.26,3052.32523,-0.803174850247795,0.15415309474136984
2025-08-30 08:00:00,108680.01,1416.9539,-0.7713245495928104,0.1538493748967691
2025-08-30 12:00:00,108869.98,1540.53972,-0.7277703400945494,0.14019440940799166
2025-08-30 16:00:00,108828.33,677.58629,-0.6933734792857912,0.11712169252960036
2025-08-30 20:00:00,108816.33,776.84909,-0.6499194763126628,0.09357601212565181
2025-08-31 00:00:00,109223.84,1756.83146,-0.5760261711056902,0.06550399607530788
2025-08-31 04:00:00,108708.26,1177.25929,-0.422744464374906,0.04135724391109563
2025-08-31 08:00:00,108389.76,1590.89462,-0.27768561982381323,0.018667818194448627
2025-08-31 12:00:00,108818.69,2441.88905,-0.1567068955767141,-0.0037948058196193013
2025-08-31 16:00:00,108930.0,1232.50315,-0.0670870152967162,-0.026659595114630716
2025-08-31 20:00:00,108246.35,1290.13839,-0.03744934666484928,-0.04187421954762733
2025-09-01 00:00:00,107660.01,3206.34097,-0.18679427334957496,-0.03576130034641488
2025-09-01 04:00:00,109432.99,2904.1728,-0.2806279076733571,-0.022322395871985923
2025-09-01 08:00:00,108782.88,3111.29125,-0.35584955758623316,-0.00593325777112208
2025-09-01 12:00:00,108784.33,2266.34513,-0.4352411959365193,0.01055987298550809
2025-09-01 16:00:00,109217.64,1553.15049,-0.47607403180654984,0.023287612135092006
2025-09-01 20:00:00,109237.42,3012.30155,-0.5184182718053967,0.035446150186149494
2025-09-02 00:00:00,110322.18,3166.02008,-0.47358745127745844,0.038976685731247296
2025-09-02 04:00:00,110233.92,1952.71608,-0.3576406308179115,0.03192968189655848
2025-09-02 08:00:00,109733.34,2462.01591,-0.2541145038163367,0.025315799286482754
2025-09-02 12:00:00,110829.17,6768.89317,-0.09922888006753665,0.014191453289088163
2025-09-02 16:00:00,110806.0,2585.23037,0.05177669617825529,0.0014425668632614963
2025-09-02 20:00:00,111240.01,1575.41195,0.2067579406600729,-0.013598202601569132
2025-09-03 00:00:00,111054.01,2263.61693,0.32864025099774713,-0.026728680942348093
2025-09-03 04:00:00,111099.88,1539.69973,0.39771067809179705,-0.03386425742295751
2025-09-03 08:00:00,111437.77,1514.83708,0.4166636808538325,-0.03224186132157003
2025-09-03 12:00:00,112222.74,3550.00487,0.43368336850979033,-0.03022162119786248
2025-09-03 16:00:00,112193.74,1957.30873,0.5228213463087743,-0.02753961736398497
2025-09-03 20:00:00,111705.71,948.2535,0.6539744280970713,-0.03162883783479897
2025-09-04 00:00:00,111148.97,1484.75903,0.8149550890482373,-0.04120743019396622
2025-09-04 04:00:00,110463.36,2293.72804,0.9059228787005931,-0.0523018742665059
2025-09-04 08:00:00,110810.0,1251.00126,0.9870372456691517,-0.06622961191382015
2025-09-04 12:00:00,109510.31,3057.95062,0.9595783107924732,-0.07070984217476795
2025-09-04 16:00:00,109799.99,2124.63495,0.85410119092831,-0.06101439452472368
2025-09-04 20:00:00,110730.87,1991.06146,0.7003169128914906,-0.04646014321831904
2025-09-05 00:00:00,111311.77,1665.5758,0.4716210894862228,-0.025752241950870836
2025-09-05 04:00:00,112954.32,3481.17531,0.3538574837787491,-0.00876813973840554
2025-09-05 08:00:00,112354.0,1956.82884,0.37667106861178623,-0.004641945639566464
2025-09-05 12:00:00,110716.82,9805.88987,0.41440663627623536,-0.003127523179258157
2025-09-05 16:00:00,111614.54,2167.09419,0.5179508388974197,-0.014076307120001297
2025-09-05 20:00:00,110659.99,2510.84487,0.6097920520830333,-0.02700967437460955
2025-09-06 00:00:00,111082.22,800.18218,0.6998876732829364,-0.043636763654379795
2025-09-06 04:00:00,110825.6,687.98406,0.7680319494154517,-0.059430208663915074
2025-09-06 08:00:00,110781.02,621.90211,0.7834969066484352,-0.07566875927090999
2025-09-06 12:00:00,110384.15,886.00942,0.7301231025153798,-0.08594438727614295
2025-09-06 16:00:00,110038.41,1391.66059,0.5917108993894648,-0.08575615332797681
2025-09-06 20:00:00,110187.97,612.56061,0.3697256523198328,-0.07493756426370057
2025-09-07 00:00:00,110629.15,948.63792,0.12103223285571062,-0.05559952409837288
2025-09-07 04:00:00,110753.42,872.74711,-0.13849339838729693,-0.03037891624242614
2025-09-07 08:00:00,111292.13,1214.41306,-0.3426615419363665,-0.005159776852944553
2025-09-07 12:00:00,111329.99,837.52385,-0.48093901018006896,0.014567710640703446
2025-09-07 16:00:00,111259.99,940.48526,-0.5524373245307223,0.02740589094459689
2025-09-07 20:00:00,111137.34,867.49224,-0.558368483498322,0.03414603798386873
2025-09-08 00:00:00,111052.11,1701.47085,-0.4829804285247015,0.03700077022633924
2025-09-08 04:00:00,111280.39,1330.12513,-0.4857472183584772,0.032574209629145756
2025-09-08 08:00:00,112052.43,2723.68786,-0.5142097119765877,0.03094019492375888
2025-09-08 12:00:00,112631.75,3018.22348,-0.5438304329301421,0.029705574672307167
2025-09-08 16:00:00,112097.31,1681.81458,-0.5504470292120278,0.034333830909023866
2025-09-08 20:00:00,112065.23,1127.08021,-0.5542317892088254,0.0399649473789373
2025-09-09 00:00:00,111708.0,2091.77038,-0.581278870704437,0.0526654892724967
2025-09-09 04:00:00,112991.11,2906.5944,-0.5436787975631806,0.06180068275994044
2025-09-09 08:00:00,112433.59,1848.92022,-0.4456182630959323,0.0629188632998236
2025-09-09 12:00:00,110880.76,4662.13241,-0.3829960572501151,0.06502545556082462
2025-09-09 16:00:00,111301.53,2121.49527,-0.33120301496950083,0.06771075362251039
2025-09-09 20:00:00,111546.39,1748.3698,-0.28677401739196756,0.06854351411900744
2025-09-10 00:00:00,111545.88,1667.04272,-0.2936391344616894,0.07099677336272175
2025-09-10 04:00:00,112553.65,2477.2586,-0.28318737221583806,0.06828802025243336
2025-09-10 08:00:00,112299.99,2579.59736,-0.2709444749436982,0.06914474410744953
2025-09-10 12:00:00,113853.99,6630.72074,-0.22917979319784165,0.05691926196574448
2025-09-10 16:00:00,113574.52,2628.46871,-0.17815775010823454,0.040741995143500076
2025-09-10 20:00:00,113960.0,1534.3301,-0.08774786638638365,0.023024792335284316
2025-09-11 00:00:00,114400.01,1596.62879,0.04426734265776055,-0.0016316632558773803
2025-09-11 04:00:00,114083.58,1954.14285,0.1264027233690117,-0.03033421981188064
2025-09-11 08:00:00,113999.99,1512.60333,0.18576180453159855,-0.050318366402419906
2025-09-11 12:00:00,114180.31,5143.69337,0.21174913042093618,-0.06337102625274865
2025-09-11 16:00:00,114419.99,1437.71411,0.16947551232076258,-0.06597967116368264
2025-09-11 20:00:00,115482.69,2031.94874,0.11999166766442314,-0.06814334524663962
2025-09-12 00:00:00,115194.14,3703.00155,0.06602280349729767,-0.06455082182018834
2025-09-12 04:00:00,115086.7,1630.41759,0.014451468833988654,-0.056479094885066916
2025-09-12 08:00:00,114913.45,1958.78975,-0.09912102334394758,-0.04568034364708319
2025-09-12 12:00:00,115121.18,2042.13901,-0.30865219390258186,-0.02262623889812526
2025-09-12 16:00:00,116632.51,3863.84437,-0.4651797504821585,0.001336911778858696
2025-09-12 20:00:00,116029.42,2125.91492,-0.5603252051864925,0.027085547292733936
2025-09-13 00:00:00,115957.0,2254.31226,-0.6129528151397056,0.048828718022899564
2025-09-13 04:00:00,115778.71,1062.2047,-0.6465978818855268,0.06791584728188182
2025-09-13 08:00:00,115974.11,1228.90503,-0.629643360780302,0.08302586922396493
2025-09-13 12:00:00,115768.68,1373.33567,-0.5286965672850125,0.09387209925113038
2025-09-13 16:00:00,115797.12,1589.96184,-0.3960923756474586,0.0973581579198135
2025-09-13 20:00:00,115918.29,760.68444,-0.2580344061836702,0.0936333505781986
2025-09-14 00:00:00,115679.98,879.64203,-0.11665059754123978,0.08668448904557041
2025-09-14 04:00:00,115805.39,914.78349,0.01933409317699115,0.07623075208450764
2025-09-14 08:00:00,115794.91,840.40714,0.18266273984826908,0.060952241487773895
2025-09-14 12:00:00,115224.01,2036.51269,0.2173541866301958,0.04614726902951377
2025-09-14 16:00:00,115634.99,869.12927,0.18882278399974406,0.034367909003460206
2025-09-14 20:00:00,115268.01,1167.12735,0.11537683593112229,0.03391309570952232
2025-09-15 00:00:00,115445.45,1291.49944,-0.03948366185593119,0.03753380389465506
2025-09-15 04:00:00,115806.62,2645.45158,-0.08191500541395817,0.04164160030648112
2025-09-15 08:00:00,115070.0,3497.27876,-0.09184466388514201,0.042663423498968706
2025-09-15 12:00:00,114842.9,2995.41636,-0.13306354731110367,0.04531966311523175
2025-09-15 16:00:00,115307.78,1872.69025,-0.15798880294000955,0.04616457406612749
2025-09-15 20:00:00,115349.71,910.1751,-0.16343217898950843,0.04502772420515205
2025-09-16 00:00:00,115307.25,864.47636,-0.19495169855351907,0.046574857050809826
2025-09-16 04:00:00,115840.0,1899.99942,-0.1722689687262325,0.04147902589920002
2025-09-16 08:00:00,115287.83,1345.53241,-0.18833467228848463,0.04136716060843859
2025-09-16 12:00:00,115905.88,2622.65829,-0.2355954783701015,0.04471661638286062
2025-09-16 16:00:00,116800.12,2955.38019,-0.25038611947401007,0.039589849780225284
2025-09-16 20:00:00,116788.96,1238.86273,-0.18258762343334278,0.027116341336104133
2025-09-17 00:00:00,116372.04,1657.75299,-0.1301080386064543,0.015551249521752686
2025-09-17 04:00:00,117162.48,2485.03317,-0.00813510477343259,-0.011262391182720974
2025-09-17 08:00:00,116258.13,1655.0881,0.08826684322726934,-0.040141973844101925
2025-09-17 12:00:00,115875.32,2848.33061,0.15697549037776792,-0.06201779040124214
2025-09-17 16:00:00,115652.02,5738.81221,0.14306787920831235,-0.069339814411187
2025-09-17 20:00:00,116447.59,2369.22832,-0.0603131282391013,-0.0682170643813052
2025-09-18 00:00:00,117581.66,3081.68078,-0.2242981293733779,-0.060497597893805904
2025-09-18 04:00:00,117086.01,1789.62789,-0.3939500371474488,-0.044962059012777694
2025-09-18 08:00:00,117063.4,1165.75229,-0.6058776443601569,-0.020176273319629345
2025-09-18 12:00:00,117583.56,2416.33194,-0.7607988833733069,0.0070543670188130125
2025-09-18 16:00:00,117450.21,1828.6235,-0.8932457374573024,0.02954877007799639
2025-09-18 20:00:00,117073.53,1375.21725,-0.9863690255242753,0.05455380795753739
2025-09-19 00:00:00,116977.58,1326.38784,-0.9899285288805456,0.07903776161878473
2025-09-19 04:00:00,116909.97,1538.09106,-0.9537670492615473,0.09131358099521514
2025-09-19 08:00:00,116394.72,1243.82831,-0.8556381998726509,0.09675706029563524
2025-09-19 12:00:00,115884.03,2657.87565,-0.7235687522979161,0.09197628863807522
2025-09-19 16:00:00,115125.12,1413.65495,-0.6501879955248384,0.09115744811446169
2025-09-19 20:00:00,115632.38,812.25284,-0.5802467880938101,0.08577443859910455
2025-09-20 00:00:00,115445.0,717.06298,-0.5958317618672219,0.08223768358398748
2025-09-20 04:00:00,115968.56,759.46126,-0.6707447704064823,0.07464803880765197
2025-09-20 08:00:00,115894.06,793.04586,-0.7966076931956015,0.07175961781182716
2025-09-20 12:00:00,115986.69,836.91424,-0.9102830352200922,0.07283278195437909
2025-09-20 16:00:00,115702.0,898.20806,-1.015880013178614,0.07971501934726138
2025-09-20 20:00:00,115685.63,670.23512,-1.0819323204582336,0.09029179404957022
2025-09-21 00:00:00,115669.41,919.05922,-1.1262067882008593,0.09895255034581962
2025-09-21 04:00:00,115815.97,806.9398,-1.0574036866519858,0.10764402168511822
2025-09-21 08:00:00,115603.45,786.85295,-0.9035021869254742,0.10723436273079678
2025-09-21 12:00:00,115531.61,671.3204,-0.7129643708577235,0.09674523882766539
2025-09-21 16:00:00,115480.05,781.11646,-0.5045964088949538,0.07941612342006582
2025-09-21 20:00:00,115232.29,546.23336,-0.3528546309540486,0.054682768215168154
2025-09-22 00:00:00,114649.89,3078.59053,-0.1685576225458039,0.02850684325862271
2025-09-22 04:00:00,112519.99,7290.80289,-0.0837711854265603,0.022569807730672797
2025-09-22 08:00:00,112876.97,3052.23045,-0.0961287296539766,0.02093353088278166
2025-09-22 12:00:00,112815.5,3313.50245,-0.11166674173882321,0.024065614721652584
2025-09-22 16:00:00,112122.9,2731.51753,-0.19769717343479726,0.031671439215488484
2025-09-22 20:00:00,112650.99,1315.06971,-0.27658241422281776,0.03872840371960268
2025-09-23 00:00:00,112339.99,2398.09582,-0.3817475223911127,0.04789012838485923
2025-09-23 04:00:00,113090.13,2504.81638,-0.44542008642006475,0.05338836013692638
2025-09-23 08:00:00,112975.99,1814.57634,-0.45980153086152553,0.054190588780125865
2025-09-23 12:00:00,112882.19,1948.83266,-0.3920333719162456,0.04470547198753663
2025-09-23 16:00:00,111655.29,2394.18192,-0.33786687156054657,0.03474930911806415
2025-09-23 20:00:00,111998.8,1240.81718,-0.2710052850191523,0.0238600311420539
2025-09-24 00:00:00,111683.09,2848.03309,-0.2504542348295431,0.017619019922186063
2025-09-24 04:00:00,112583.54,2905.68984,-0.23836602680106064,0.014692635738772275
2025-09-24 08:00:00,113029.46,1567.72874,-0.2159854245524616,0.013718191894117132
2025-09-24 12:00:00,113346.41,2535.05067,-0.1624981093530125,0.012421592909194812
2025-09-24 16:00:00,113420.01,1318.69585,-0.06630273694315814,0.008677800989936351
2025-09-24 20:00:00,113307.0,1194.06148,0.08121903371865115,-0.0009522800393851061
2025-09-25 00:00:00,112546.21,3049.61418,0.2358515797046421,-0.015382452581068295
2025-09-25 04:00:00,111766.72,2930.2095,0.35107073790845916,-0.029547133962764816
2025-09-25 08:00:00,111348.0,2287.76235,0.4214387853350161,-0.03808916955001962
2025-09-25 12:00:00,111580.77,4734.75828,0.5070226708389441,-0.04968451223156245
2025-09-25 16:00:00,109360.0,6129.42446,0.5323354265241772,-0.05440266099546709
2025-09-25 20:00:00,108994.49,2099.3808,0.4373635635805704,-0.051388911562586403
2025-09-26 00:00:00,109580.01,2323.19574,0.30817032508654985,-0.041973072843900394
2025-09-26 04:00:00,109320.02,3055.89804,0.19715530542933607,-0.02760812780275662
2025-09-26 08:00:00,109133.5,2675.46214,0.08805133824105998,-0.013642642547319561
2025-09-26 12:00:00,109027.78,3241.9244,-0.009772603387652413,-0.0006769570603016861
2025-09-26 16:00:00,109172.2,2093.42859,-0.08351262469772801,0.010728956396242828
2025-09-26 20:00:00,109643.46,853.107,-0.12110042718798211,0.014736327441174452
2025-09-27 00:00:00,109553.77,1041.65919,-0.09897839302707397,0.0135199362672217
2025-09-27 04:00:00,109411.2,908.84116,-0.06528738680412513,0.004381477664135602
2025-09-27 08:00:00,109310.21,1356.29029,-0.011728831766583186,-0.00573380034237822
2025-09-27 12:00:00,109402.24,1151.38343,0.04776865917679823,-0.017620884594276853
2025-09-27 16:00:00,109424.2,590.81859,0.09237222039508207,-0.028841685877184317
2025-09-27 20:00:00,109635.85,452.79377,0.1503008266027835,-0.038572196483758286
2025-09-28 00:00:00,109436.0,822.14827,0.20796447978414173,-0.04578606599428381
2025-09-28 04:00:00,109513.06,569.05076,0.26852783225084187,-0.05158138548726865
2025-09-28 08:00:00,109369.02,862.93461,0.2999742954830181,-0.05271020676308502
2025-09-28 12:00:00,110037.93,1349.20291,0.297492721059863,-0.0525750194067261
2025-09-28 16:00:00,110337.6,1215.77694,0.24523660285267168,-0.04321777522276038
2025-09-28 20:00:00,112163.95,2723.21811,0.26703971267254223,-0.038617391728020284
2025-09-29 00:00:00,111857.51,2297.47362,0.3545264632503546,-0.03854082257567179
2025-09-29 04:00:00,111865.95,1831.36016,0.48469967338103676,-0.043534979220288594
2025-09-29 08:00:00,112100.0,2126.24195,0.5401670490544025,-0.04870197657431646
2025-09-29 12:00:00,113815.57,5064.79852,0.6336521972194467,-0.055411112552960606
2025-09-29 16:00:00,114265.55,2716.40525,0.7654088730390721,-0.06675047412532525
2025-09-29 20:00:00,114311.96,1504.84055,0.9161678580449188,-0.08033906488476295
2025-09-30 00:00:00,114376.39,2494.38118,1.089785759909492,-0.09820001011497725
2025-09-30 04:00:00,113699.23,2326.82117,1.2600666099399618,-0.11543274979615248
2025-09-30 08:00:00,113055.01,2869.29172,1.3735266099817551,-0.1268854709870958
2025-09-30 12:00:00,113106.16,2840.28661,1.379625782682854,-0.1270135844836061
2025-09-30 16:00:00,114359.99,2535.88761,1.3705655696021868,-0.1239028513095225
2025-09-30 20:00:00,114048.93,1977.48804,1.3234538981341706,-0.11689684700832204
2025-10-01 00:00:00,114176.92,2042.57116,1.2398046064634378,-0.10594426187540873
2025-10-01 04:00:00,114539.02,1996.43364,1.0845764652309156,-0.08562513789770065
2025-10-01 08:00:00,116789.58,5217.93036,0.948272888419297,-0.0700604772395167
2025-10-01 12:00:00,117423.73,4518.346,0.8725464229301639,-0.061539450668398776
2025-10-01 16:00:00,117439.53,3814.32316,0.8078627687139808,-0.05711308154415401
2025-10-01 20:00:00,118594.99,2446.79084,0.7844386533177055,-0.06006524527365936
2025-10-02 00:00:00,118733.99,4187.34775,0.8085336274810345,-0.06712462264352131
2025-10-02 04:00:00,118489.76,1772.36438,0.8425842163215977,-0.07527119372176494
2025-10-02 08:00:00,118765.73,1460.00845,0.8449341568802928,-0.08118077283825642
2025-10-02 12:00:00,119910.78,5099.16626,0.826689970412964,-0.08401329718535644
2025-10-02 16:00:00,120836.49,4869.11141,0.819648588776154,-0.08653718253240283
2025-10-02 20:00:00,120529.35,2282.83678,0.8039971536499956,-0.08792324440259408
2025-10-03 00:00:00,120225.89,2268.65523,0.7854121384093111,-0.08606871162379753
2025-10-03 04:00:00,119640.21,2293.91523,0.7233403263556512,-0.07928230284359622
2025-10-03 08:00:00,120334.5,3467.40526,0.5989826190717772,-0.06610967424253972
2025-10-03 12:00:00,122258.05,4929.42106,0.4727867217797255,-0.05132541566543211
2025-10-03 16:00:00,122660.99,9447.66952,0.3746813651402899,-0.03790704036046788
2025-10-03 20:00:00,122232.0,1529.2617,0.28455446883473795,-0.026834360910197225
2025-10-04 00:00:00,122243.99,1730.5772,0.21813410185337925,-0.016739847167234798
2025-10-04 04:00:00,122324.08,1516.17531,0.18521192585348403,-0.010042148415754099
2025-10-04 08:00:00,121973.26,1268.73633,0.17881266353083122,-0.006526882880854096
2025-10-04 12:00:00,121791.31,1464.05666,0.1767180132430974,-0.0057953648275375635
2025-10-04 16:00:00,121959.25,1443.23464,0.15947637279060833,-0.006286785132264189
2025-10-04 20:00:00,122391.0,785.38664,0.1227646958327703,-0.004171025885097102
2025-10-05 00:00:00,123776.22,4212.02615,0.08085878787780343,-0.001513357037670332
2025-10-05 04:00:00,124713.63,7342.549203,0.06054248361480941,-0.002231005527401103
2025-10-05 08:00:00,123464.64,4455.30964,0.039701994231295175,-0.0028977622756223426
2025-10-05 12:00:00,122803.17,2233.09004,0.006326681408435886,-0.001687475581249001
2025-10-05 16:00:00,122591.79,2386.1605,-0.05854152192399592,0.0030401670483252707
2025-10-05 20:00:00,123482.31,1413.96202,-0.1384168429132462,0.009457194489584847
2025-10-06 00:00:00,123839.09,3025.28443,-0.21111332098798832,0.015888234821661268
2025-10-06 04:00:00,123390.47,2210.62835,-0.29103117551126795,0.023836897701601356
2025-10-06 08:00:00,124215.0,2768.21181,-0.358772814620885,0.031732160138014665
2025-10-06 12:00:00,125000.0,4567.6948,-0.41369264577079223,0.03686639528098912
2025-10-06 16:00:00,125410.81,4722.172353,-0.4349566335232456,0.03826752746127632
2025-10-06 20:00:00,124658.54,2200.63705,-0.44983267667508686,0.03756106508135515
2025-10-07 00:00:00,124329.74,1773.60979,-0.4585713910852601,0.03635208115258104
2025-10-07 04:00:00,123667.99,2455.2259,-0.49311589958738,0.03841447409164789
2025-10-07 08:00:00,124453.38,2444.73415,-0.4971863007577235,0.03874659956149051
2025-10-07 12:00:00,121846.01,7360.01455,-0.5309259177477875,0.043669635332740875
2025-10-07 16:00:00,121637.17,5726.896,-0.5922875005652081,0.05314317727973722
2025-10-07 20:00:00,121332.95,1873.51346,-0.6859973595598463,0.0669887729653505
2025-10-08 00:00:00,121374.75,2406.76826,-0.7998449514421886,0.08397335322315952
2025-10-08 04:00:00,121597.06,2670.85944,-0.9385280171126962,0.10310850488675238
2025-10-08 08:00:00,122884.14,3408.74044,-1.0455931124184985,0.11669499796709581
2025-10-08 12:00:00,122189.72,3373.3683,-1.1535792113076175,0.12725851339232974
2025-10-08 16:00:00,123450.0,3795.53021,-1.216017124369165,0.12970041306500257
2025-10-08 20:00:00,123306.0,1357.35135,-1.1820305516245275,0.122373571983172
2025-10-09 00:00:00,122038.01,2319.17839,-1.1283233185051662,0.10707515656413857
2025-10-09 04:00:00,121906.1,1451.1479,-1.0889938294787709,0.08980544962259818
2025-10-09 08:00:00,122737.57,2689.44106,-1.0120484837776624,0.06874303161719264
2025-10-09 12:00:00,121147.14,6566.062,-0.9778085359190246,0.05153141300349451
2025-10-09 16:00:00,120951.72,6174.05969,-1.00599296725725,0.045589564842440145
2025-10-09 20:00:00,121662.4,2359.47103,-1.0727866329312752,0.047349262206055065
2025-10-10 00:00:00,121026.01,2094.68145,-1.176065891299746,0.060137267361649926
2025-10-10 04:00:00,120932.05,2566.54979,-1.3107464307688876,0.0830153299448867
2025-10-10 08:00:00,121554.55,1553.83694,-1.3488160110950247,0.1041364462369272
2025-10-10 12:00:00,119018.98,7767.59253,-1.3150081231415511,0.1191666427400222
2025-10-10 16:00:00,116661.5,8454.54427,-1.1758603312642533,0.1232825101162155
2025-10-10 20:00:00,112774.5,41734.73429,-1.062105176870969,0.1246307728711602
2025-10-11 00:00:00,112300.01,11533.52669,-0.9409993070470949,0.11958437806571665
2025-10-11 04:00:00,110384.61,7142.76272,-0.9065594009360387,0.11901553527885811
2025-10-11 08:00:00,112280.0,5929.13992,-0.8758325997322012,0.1150317123623627
2025-10-11 12:00:00,111793.2,3681.24351,-0.8447300815358614,0.10813841389456147
2025-10-11 16:00:00,111178.31,3138.91159,-0.8108935148762021,0.10004597887480271
2025-10-11 20:00:00,110644.4,4022.93209,-0.7804251521884239,0.09215235174434233
2025-10-12 00:00:00,110676.0,4785.58424,-0.760613996794238,0.0853118960872154
2025-10-12 04:00:00,111525.2,2731.29761,-0.738994409383716,0.07769433045332708
2025-10-12 08:00:00,111848.36,2810.82095,-0.70935152898148,0.07276648473752911
2025-10-12 12:00:00,113198.2,9020.41664,-0.6593047315889196,0.06661670105882406
2025-10-12 16:00:00,114342.28,6635.34892,-0.5838088629594316,0.05725515178804402
2025-10-12 20:00:00,114958.8,6271.83436,-0.47435496101626795,0.04481217814383187
2025-10-13 00:00:00,114821.12,4123.60858,-0.34854411872994234,0.030930003297342468
2025-10-13 04:00:00,115399.67,3437.01313,-0.193301981202969,0.013945405084897528
2025-10-13 08:00:00,114180.0,4560.86246,-0.045635927860956875,-0.0026129866282634875
2025-10-13 12:00:00,114312.1,5538.12887,0.06758303690576219,-0.01619967032275285
2025-10-13 16:00:00,115792.84,3368.92301,0.172898777628427,-0.02870713470121819
2025-10-13 20:00:00,115166.0,1528.70428,0.2713142731736158,-0.04004536409810905
2025-10-14 00:00:00,113500.0,3456.84461,0.3496833439925907,-0.048642673756558064
2025-10-14 04:00:00,111724.41,6286.29915,0.38375348931518544,-0.05182285495533473
2025-10-14 08:00:00,111313.98,5281.83478,0.3614174731652726,-0.047765131003587924
2025-10-14 12:00:00,112900.43,7186.98731,0.3208510074218423,-0.040540063892073264
2025-10-14 16:00:00,112613.7,7436.01163,0.2708366303859245,-0.030542736946270688
2025-10-14 20:00:00,113028.14,2222.35226,0.24106353756218618,-0.021597221979626935
2025-10-15 00:00:00,112024.29,3526.54912,0.2249789702942534,-0.013027023341727562
2025-10-15 04:00:00,112584.5,3442.20374,0.24243383048513,-0.008744528744652647
2025-10-15 08:00:00,111905.73,3699.08334,0.29948287131525736,-0.009501744075340712
2025-10-15 12:00:00,110798.01,6590.50038,0.35382435104683113,-0.013602662091995898
2025-10-15 16:00:00,111271.73,3317.74779,0.42978206362880655,-0.02041737060043003
2025-10-15 20:00:00,110763.28,2410.40374,0.5093442891269465,-0.028330989380326854
2025-10-16 00:00:00,111329.48,2715.42468,0.6041714305593175,-0.03896026932421037
2025-10-16 04:00:00,110584.2,3097.1426,0.6663942061016785,-0.04947862147144799
2025-10-16 08:00:00,111404.72,5282.11808,0.7366026082921666,-0.062159356865172044
2025-10-16 12:00:00,108549.21,8252.81169,0.7665790035672789,-0.07046574633968161
2025-10-16 16:00:00,108197.66,8255.26892,0.7526674189288631,-0.07335914461063398
2025-10-16 20:00:00,108194.28,2254.40655,0.7042657426134887,-0.06995352520034903
2025-10-17 00:00:00,109176.74,2417.89309,0.690185698954993,-0.06765081190483002
2025-10-17 04:00:00,105633.75,8020.07533,0.6551103425138806,-0.06170739053781393
2025-10-17 08:00:00,105683.72,13908.33322,0.5832107950349553,-0.052700631674944654
2025-10-17 12:00:00,106803.53,7847.34313,0.5292008899858973,-0.043814074777972056
2025-10-17 16:00:00,106454.72,3916.46744,0.4982713634244897,-0.03672693853356995
2025-10-17 20:00:00,106431.68,1810.55617,0.49095158796742,-0.03229375908173793
2025-10-18 00:00:00,107070.4,2668.3034,0.4995706540964485,-0.03471787918011815
2025-10-18 04:00:00,106665.0,2976.33507,0.5153408248525874,-0.039769664482776856
2025-10-18 08:00:00,107208.6,2336.72819,0.5602094015851565,-0.04816854237513246
2025-10-18 12:00:00,106948.75,1425.61863,0.6020516664675726,-0.0588125745898761
2025-10-18 16:00:00,107080.14,911.25891,0.6456972663336857,-0.06919410540683668
2025-10-18 20:00:00,107185.01,804.94346,0.697209995046165,-0.0781929005687787
2025-10-19 00:00:00,107275.78,1058.1121,0.7593394842984679,-0.08680359310321728
2025-10-19 04:00:00,106786.0,1247.19589,0.7789157479337384,-0.09138003778715043
2025-10-19 08:00:00,107783.47,5059.55867,0.763691959855655,-0.09218042667490534
2025-10-19 12:00:00,108486.7,3636.47308,0.7475262114797756,-0.08945607907761222
2025-10-19 16:00:00,108908.43,2430.56297,0.7601951966741639,-0.08668500151491998
2025-10-19 20:00:00,108642.78,2048.76152,0.776651947808593,-0.08086841542614487
2025-10-20 00:00:00,110145.44,3683.55508,0.8051311136876981,-0.07796271027812884
2025-10-20 04:00:00,111169.92,3967.97672,0.847561876374259,-0.08352277594283153
2025-10-20 08:00:00,111016.75,3452.86704,0.8911757829517468,-0.09201264812558707
2025-10-20 12:00:00,111144.55,3006.20504,0.9471754994990474,-0.10183626305512378
2025-10-20 16:00:00,110803.22,3716.65669,0.9943324881289094,-0.1114737940906918
2025-10-20 20:00:00,110532.09,1366.18103,1.0473424555762867,-0.12210478362175048
2025-10-21 00:00:00,109059.22,2405.81342,1.0755584459032352,-0.12843779866939042
2025-10-21 04:00:00,108086.37,4930.3268,1.03594449332416,-0.1253010303850135
2025-10-21 08:00:00,108580.01,2989.72657,0.8458172473205453,-0.1035649692538062
2025-10-21 12:00:00,113422.61,10002.10737,0.7199190683685799,-0.08740281496744012
2025-10-21 16:00:00,111780.39,10731.47816,0.6628542964588156,-0.08112183952122526
2025-10-21 20:00:00,108297.67,6168.56427,0.5542879525616616,-0.0708817534276
2025-10-22 00:00:00,108216.02,4851.56459,0.42731885805870184,-0.0542403762229392
2025-10-22 04:00:00,108321.63,3883.15964,0.3217250126875491,-0.037086008940308335
2025-10-22 08:00:00,107555.05,4012.65986,0.21262061190578926,-0.018275458647714155
2025-10-22 12:00:00,108416.5,7925.67327,0.13331663540359137,-0.0048198237873014055
2025-10-22 16:00:00,107870.35,4008.05438,0.07717307008879627,0.004674971794145208
2025-10-22 20:00:00,107567.44,3929.67277,0.03358619746823958,0.012934559272111214
2025-10-23 00:00:00,108377.96,2373.50317,-0.005141190571049658,0.01737701471352575
2025-10-23 04:00:00,109269.9,3314.78585,-0.027044759661713432,0.01648675549315831
2025-10-23 08:00:00,109253.89,2204.01103,-0.05619703376150324,0.013500113988836326
2025-10-23 12:00:00,109908.28,4284.59025,-0.07417301769251476,0.009343164397142695
2025-10-23 16:00:00,110200.0,3640.32069,-0.08091981387291824,0.0031441551078372765
2025-10-23 20:00:00,110078.18,1755.88195,-0.08884414073076116,-0.0027289801847472928
2025-10-24 00:00:00,110441.46,1538.88446,-0.1266213745501617,-0.008394448204149974
2025-10-24 04:00:00,111054.61,2705.19443,-0.13829184705622452,-0.011027387282468576
2025-10-24 08:00:00,111066.29,1981.64658,-0.12704608439514378,-0.015841336438857517
2025-10-24 12:00:00,110046.91,5533.12257,-0.13324713478310746,-0.017584841623341285
2025-10-24 16:00:00,110615.07,1470.06782,-0.1540413053943772,-0.01669327537942758
2025-10-24 20:00:00,111004.89,1776.25327,-0.18455439198961643,-0.013508272812709998
2025-10-25 00:00:00,111029.99,829.34913,-0.25094736088493746,-0.007109341857656992
2025-10-25 04:00:00,111489.6,1417.09029,-0.3188879543760512,0.0042342553961634555
2025-10-25 08:00:00,111563.81,1378.18654,-0.4036487615508079,0.017754963222657183
2025-10-25 12:00:00,111385.18,1254.08497,-0.49405615446513246,0.035816808003263645
2025-10-25 16:00:00,111623.45,963.51944,-0.5489718742485907,0.056497674550796684
2025-10-25 20:00:00,111646.27,565.73827,-0.5580744784193863,0.07506782117110478
2025-10-26 00:00:00,111260.46,1026.78183,-0.5482925430701895,0.09077509289937036
2025-10-26 04:00:00,111723.98,665.50994,-0.48562112717118694,0.10324226988698187
2025-10-26 08:00:00,113286.09,2987.57218,-0.35156180540553844,0.1052587036700981
2025-10-26 12:00:00,113694.97,3506.31151,-0.16464433276843743,0.09495269901410225
2025-10-26 16:00:00,113585.99,1360.11589,0.04776527619348601,0.07505732447734559
2025-10-26 20:00:00,114559.4,3908.18602,0.26588742506542773,0.04546954265837733
2025-10-27 00:00:00,114958.51,3281.65267,0.43245723252844903,0.00955129970501356
2025-10-27 04:00:00,115554.6,5478.9455,0.5635786734067567,-0.0261097873077355
2025-10-27 08:00:00,115362.02,3701.92326,0.6471977151611932,-0.05749670008692226
2025-10-27 12:00:00,114969.68,4493.43933,0.6960858661834098,-0.07820701859590201
2025-10-27 16:00:00,114942.64,2258.20754,0.7068940261194882,-0.09497783056104503
2025-10-27 20:00:00,114107.65,2236.06411,0.6744007146266308,-0.10109266548692514
2025-10-28 00:00:00,113908.24,2184.14279,0.5454039269054655,-0.09999840805363508
2025-10-28 04:00:00,114188.37,2190.6787,0.3513465707660994,-0.08677503806296988
2025-10-28 08:00:00,114357.73,1236.93368,0.12163813461583804,-0.06297200438204743
2025-10-28 12:00:00,114641.38,4008.51256,-0.08207396360229088,-0.03531779892430627
2025-10-28 16:00:00,113689.99,2719.79536,-0.2525018974761309,-0.006754200616764641
2025-10-28 20:00:00,112898.45,3183.35948,-0.39945972408638347,0.020467617317293435
2025-10-29 00:00:00,112523.49,2076.22141,-0.5317131044882326,0.04766369308205348
2025-10-29 04:00:00,113577.9,2036.63326,-0.6187223732627701,0.067123571002485
2025-10-29 08:00:00,113132.36,1970.99326,-0.6545116681169261,0.07720910405417014
2025-10-29 12:00:00,111509.74,4606.39611,-0.6750849914098723,0.08200869349978668
2025-10-29 16:00:00,110640.0,7741.83881,-0.6884202984305702,0.08382786803711528
2025-10-29 20:00:00,110021.29,2647.63091,-0.7488821773457242,0.08615112001608838
2025-10-30 00:00:00,110751.47,2342.18582,-0.813600360585873,0.09026944595465547
2025-10-30 04:00:00,111366.72,6581.76635,-0.8461839344127257,0.08841516986328601
2025-10-30 08:00:00,109717.29,2970.54213,-0.8991081571405254,0.08156750142356406
2025-10-30 12:00:00,107711.56,6544.11088,-0.9820290990319469,0.07921477485453882
2025-10-30 16:00:00,106536.39,4367.26208,-1.1482675588171922,0.09297728182936588
2025-10-30 20:00:00,108322.88,3182.96112,-1.3100644967334554,0.11469840209710436
2025-10-31 00:00:00,109227.86,4174.2813,-1.423982863442907,0.13480281665175198
2025-10-31 04:00:00,109449.31,3598.46922,-1.5351067814155148,0.15040440586145354
2025-10-31 08:00:00,110415.61,2439.82294,-1.573483517026893,0.15923335681380668
2025-10-31 12:00:00,110202.9,6113.3169,-1.5530103311830323,0.15945936087284274
2025-10-31 16:00:00,109828.78,3864.41061,-1.4581911656636857,0.1537092885262008
2025-10-31 20:00:00,109608.01,1327.90342,-1.3493742553822017,0.1427948836548183
2025-11-01 00:00:00,110226.37,1329.53082,-1.189347817842085,0.12689040443063915
2025-11-01 04:00:00,110071.4,1273.91172,-0.9821661682054541,0.10818620891427444
2025-11-01 08:00:00,110137.59,1127.98746,-0.7761346188129552,0.08629768107585623
2025-11-01 12:00:00,110310.65,1527.00509,-0.5680605599599166,0.06449362020314742
2025-11-01 16:00:00,110299.99,1247.33562,-0.39541299386493545,0.043003246218763835
2025-11-01 20:00:00,110098.1,872.7336,-0.2609666493956628,0.027172295349283393
2025-11-02 00:00:00,110053.23,856.27323,-0.22749456690607414,0.018320831399686432
2025-11-02 04:00:00,110895.53,4429.20302,-0.19190845296963266,0.01884831504350315
2025-11-02 08:00:00,111196.99,2428.29839,-0.12422250137337963,0.016040222394319598
2025-11-02 12:00:00,110117.48,1689.37947,-0.07649342420373162,0.013358737763244609
2025-11-02 16:00:00,110180.84,1185.47603,-0.07979797433977423,0.010136503884221215
2025-11-02 20:00:00,110540.68,1518.37073,0.0377285705331286,0.0035769232029324444
2025-11-03 00:00:00,107937.45,3966.5295,0.14919676126236295,-0.0052373096091734295
2025-11-03 04:00:00,107468.23,3863.52296,0.19844326435464307,-0.013711383048970655
2025-11-03 08:00:00,107787.42,3470.56341,0.2610794860508597,-0.024401730006647193
2025-11-03 12:00:00,105745.71,6164.15776,0.23094535505882793,-0.025773895553494658
2025-11-03 16:00:00,107090.0,7788.41484,0.16502250154309658,-0.025134737254516593
2025-11-03 20:00:00,106583.04,3427.99932,0.05975986098059742,-0.01808132943080948
2025-11-04 00:00:00,107158.79,4088.97853,-0.005595405294461084,-0.015482996568807972
2025-11-04 04:00:00,104490.72,8029.86674,-0.10614974437219968,-0.006845408427949173
2025-11-04 08:00:00,104584.76,5321.10046,-0.19190468539421274,0.0017412954681867987
2025-11-04 12:00:00,103197.01,7422.89891,-0.236163691788843,0.007491994498457055
2025-11-04 16:00:00,100542.64,13452.93585,-0.3350033654758762,0.02028397815281957
2025-11-04 20:00:00,101497.22,12219.09327,-0.43676217407583834,0.03636346695744186
2025-11-05 00:00:00,102130.0,11012.84461,-0.5139059189273278,0.048743181704155314
2025-11-05 04:00:00,101993.02,4661.84078,-0.5655567054124931,0.05760979805345512
2025-11-05 08:00:00,102070.61,3577.50149,-0.6183198288935928,0.06636897775384337
2025-11-05 12:00:00,103728.3,6345.91865,-0.6093771607068356,0.06990699563282465
2025-11-05 16:00:00,104008.09,5492.77185,-0.5500613277377209,0.06447589927419511
2025-11-05 20:00:00,103885.16,2687.89833,-0.4588140887374688,0.0529772121474642
2025-11-06 00:00:00,103636.03,3781.79437,-0.33951961856195056,0.03895098159595667
2025-11-06 04:00:00,103185.48,2970.86552,-0.22028706429691103,0.025018557842248185
2025-11-06 08:00:00,103227.58,2657.25315,-0.08108798670295991,0.010335918386657747
2025-11-06 12:00:00,102014.48,6680.54627,0.047584395099939975,-0.0020015971319939097
2025-11-06 16:00:00,101388.81,6059.2639,0.16948719202624232,-0.009477238356716655
2025-11-06 20:00:00,101346.04,3664.89818,0.2852270943659315,-0.013551231632951133
2025-11-07 00:00:00,101916.29,3965.61372,0.3963494456694105,-0.01879800829714251
2025-11-07 04:00:00,102010.0,3062.61099,0.4377364619830858,-0.030797456715134897
2025-11-07 08:00:00,100411.89,6600.41114,0.42084479509041955,-0.034514721911208246
2025-11-07 12:00:00,100797.95,8633.01674,0.37898869179036615,-0.028192666556566548
2025-11-07 16:00:00,103395.25,6836.56812,0.3643733489927186,-0.025831795822741477
2025-11-07 20:00:00,103339.08,2961.28871,0.3890507978691494,-0.0298433565337603
2025-11-08 00:00:00,102592.76,2401.80651,0.452377796932306,-0.03782241469545872
2025-11-08 04:00:00,102352.96,2041.96251,0.5285223698471574,-0.05091378271183855
2025-11-08 08:00:00,101857.1,1838.21057,0.6184230428594395,-0.06445296554023083
2025-11-08 12:00:00,101711.45,3063.13156,0.7116227882368346,-0.07649803359479124
2025-11-08 16:00:00,101989.65,2120.40711,0.78650640133168,-0.08665440921822443
2025-11-08 20:00:00,102312.94,925.26159,0.8500460951394818,-0.09518446809400505
2025-11-09 00:00:00,101662.05,2156.33613,0.8892657770131208,-0.09733764071753415
2025-11-09 04:00:00,101944.59,1101.66332,0.8976916593417478,-0.094269815572531
2025-11-09 08:00:00,102239.41,1825.56978,0.8645597807665872,-0.08410508442943221
2025-11-09 12:00:00,103762.17,4687.64884,0.8379705066673881,-0.07168872712551211
2025-11-09 16:00:00,104805.57,2824.51417,0.8574827502303841,-0.06527464760819401
2025-11-09 20:00:00,104722.96,3743.23872,0.8767014928406581,-0.06338564155208465
2025-11-10 00:00:00,106027.97,6501.34292,0.9348336347931884,-0.07003973878246211
2025-11-10 04:00:00,106461.45,2684.13909,1.0641097410885472,-0.08580184404139196
2025-11-10 08:00:00,106176.5,2356.44228,1.2352109998388758,-0.11285971401558648
2025-11-10 12:00:00,105079.99,5720.78074,1.3467653899018255,-0.13820072746646905
2025-11-10 16:00:00,105817.99,2756.40939,1.407664437392826,-0.1590542430351416
2025-11-10 20:00:00,106011.13,2663.14231,1.3916534791418875,-0.1715961476673603
2025-11-11 00:00:00,106456.0,4935.02762,1.3615265738259832,-0.17946388398646052
2025-11-11 04:00:00,104783.98,3316.23424,1.2407429706114201,-0.17176122823398043
2025-11-11 08:00:00,105311.9,1804.62899,1.1080871458309391,-0.15745711607935076
2025-11-11 12:00:00,103455.99,8851.069,0.9220776203725278,-0.1311250382039788
2025-11-11 16:00:00,103126.39,2547.95909,0.71356061754066,-0.09518703724234812
2025-11-11 20:00:00,103058.99,2741.58824,0.5000697906683597,-0.05577904459784011
2025-11-12 00:00:00,103310.0,2672.05561,0.30215676074199505,-0.021036691565470778
2025-11-12 04:00:00,103112.66,2165.62446,0.09852791910907985,0.012583819301437399
2025-11-12 08:00:00,105020.83,3543.70691,0.047320257638782975,0.027824824573454296
2025-11-12 12:00:00,102173.51,5192.00313,0.040990394035102164,0.03144661082599255
2025-11-12 16:00:00,101297.31,4869.26591,0.032411333332044476,0.029827623957148955
2025-11-12 20:00:00,101654.37,2014.98304,0.005589599707793234,0.024815814106318133
2025-11-13 00:00:00,102130.21,3586.47221,-0.053084523185117964,0.02163015880057792
2025-11-13 04:00:00,103475.66,4325.82278,-0.0834160369613439,0.016255754821693155
2025-11-13 08:00:00,102936.5,3138.63943,-0.08249973156406218,0.008541549085904793
2025-11-13 12:00:00,101382.64,6264.43277,-0.03540810094886559,0.0005131202828598663
2025-11-13 16:00:00,98682.14,12921.08077,-0.0665734263998143,0.004942962914534978
2025-11-13 20:00:00,99692.02,5962.05975,-0.12421364151557696,0.015313418132637743
2025-11-14 00:00:00,99139.38,5839.81569,-0.17174633706142406,0.02730968629934938
2025-11-14 04:00:00,97151.98,11116.73192,-0.2499828292539786,0.043438285035291235
2025-11-14 08:00:00,96167.44,5255.60132,-0.3656108695230879,0.0667813928361895
2025-11-14 12:00:00,96796.14,14312.72078,-0.4364396555919201,0.08579582937762245
2025-11-14 16:00:00,95778.29,5605.64502,-0.45660089411537186,0.09587659856989084
2025-11-14 20:00:00,94594.0,5157.63008,-0.5349142812520392,0.10267697507550111
2025-11-15 00:00:00,96417.12,4376.79077,-0.5830565602164893,0.10056606268188006
2025-11-15 04:00:00,96333.86,2543.94362,-0.5695396354511432,0.0898206965373195
2025-11-15 08:00:00,95696.87,2336.22638,-0.5406427003397817,0.0739298706978444
2025-11-15 12:00:00,96260.0,1987.28578,-0.4815885752046997,0.05184176796354911
2025-11-15 16:00:00,96012.01,1880.65231,-0.43327302941494267,0.025724637864606215
2025-11-15 20:00:00,95596.24,1985.99505,-0.4447612947567722,0.003735472779277438
2025-11-16 00:00:00,95825.02,1896.67006,-0.4899639704880211,-0.007835560139035302
2025-11-16 04:00:00,96099.99,1279.33932,-0.5201003682701372,-0.01132153864657548
2025-11-16 08:00:00,95627.13,2585.38054,-0.5102484649946684,-0.010601026081745568
2025-11-16 12:00:00,94573.46,2546.31874,-0.5188932433712748,-0.008001604571534593
2025-11-16 16:00:00,94020.0,9045.25375,-0.5689232746216395,0.0004733228104925047
2025-11-16 20:00:00,94261.44,6536.44269,-0.6631183586787516,0.016051317583005598
2025-11-17 00:00:00,95496.77,4124.53725,-0.7613328296449674,0.031086691067071237
2025-11-17 04:00:00,95653.77,3839.84656,-0.8338684622554619,0.044205418551289344
2025-11-17 08:00:00,95565.38,3415.65942,-0.8351658708634958,0.04966348279009625
2025-11-17 12:00:00,93959.67,8085.63652,-0.7691957501125378,0.0465075200282693
2025-11-17 16:00:00,91678.93,11700.57582,-0.7427492350948773,0.0437912318224869
2025-11-17 20:00:00,92215.14,8052.34249,-0.7007941143559941,0.03873376036016729
2025-11-18 00:00:00,90842.72,10647.23561,-0.6858709321455752,0.036480421823887554
2025-11-18 04:00:00,90512.1,9028.06735,-0.7289513600043608,0.04145101505872939
2025-11-18 08:00:00,91517.82,5777.46408,-0.8128644867574129,0.053514630521111495
2025-11-18 12:00:00,92910.1,7097.51563,-0.877854007699729,0.06738238334807822
2025-11-18 16:00:00,93195.61,4917.36921,-0.8977068392011436,0.07949537425462161
2025-11-18 20:00:00,92960.83,2367.49581,-0.8674365838475835,0.08576703680629372
2025-11-19 00:00:00,91874.52,3065.15376,-0.8205629292535005,0.09004666567542363
2025-11-19 04:00:00,91863.64,5635.23952,-0.7238745888434004,0.09142252211209356
2025-11-19 08:00:00,91410.22,2540.86239,-0.5747006870980291,0.08478972175385502
2025-11-19 12:00:00,89951.7,6014.09197,-0.4162596518913445,0.07228070618703214
2025-11-19 16:00:00,88884.56,8787.19485,-0.29890768843129606,0.0673666249655634
2025-11-19 20:00:00,91554.96,6244.09511,-0.16600829286092764,0.05760943690040779
2025-11-20 00:00:00,92440.32,3929.05974,-0.011671626101464525,0.03932921414263671
2025-11-20 04:00:00,92320.18,3791.89,0.18676692275706605,0.016750711322040784
2025-11-20 08:00:00,91934.0,3200.83736,0.3909939076114528,-0.015200393129858714
2025-11-20 12:00:00,89869.88,6162.85424,0.5756264075183853,-0.04744779092802587
2025-11-20 16:00:00,86921.28,17595.68288,0.6151323482751896,-0.06679639407777782
2025-11-20 20:00:00,86637.23,5052.86651,0.5841323982072092,-0.0697715400393566
2025-11-21 00:00:00,85821.34,6428.51913,0.48265702720476866,-0.06226031483523198
2025-11-21 04:00:00,84049.39,14205.49105,0.35002022323378684,-0.04437767154285782
2025-11-21 08:00:00,82309.66,16184.92659,0.20596064206902032,-0.015446852793121302
2025-11-21 12:00:00,82932.47,23041.35364,0.04119615770229686,0.016112706824434164
2025-11-21 16:00:00,84209.3,8107.54282,-0.098664487649581,0.04443441372926793
2025-11-21 20:00:00,85129.43,4288.29356,-0.14451888833371546,0.061582748986586805
2025-11-22 00:00:00,84440.47,2923.21557,-0.10971883412607547,0.06645934783969193
2025-11-22 04:00:00,84580.06,2218.31844,-0.012493748671576805,0.05478092980679671
2025-11-22 08:00:00,84098.94,3342.45829,0.1150525246226234,0.03357151285609636
2025-11-22 12:00:00,84284.01,2668.44444,0.25423053975956245,0.0068001005733523134
2025-11-22 16:00:00,84609.76,1351.08151,0.3924795902945873,-0.022345317041914142
2025-11-22 20:00:00,84739.74,1690.41438,0.49236522344926786,-0.047211803012910336
2025-11-23 00:00:00,86308.54,4004.15131,0.5872380089443301,-0.07091104559750439
2025-11-23 04:00:00,85782.19,2913.01357,0.666297148792744,-0.08706558834784095
2025-11-23 08:00:00,86331.28,2087.40357,0.7316734543485985,-0.0958800507862898
2025-11-23 12:00:00,87087.44,3471.36676,0.7977883974887496,-0.09979997456908929
2025-11-23 16:00:00,87325.01,3711.9574,0.8714400369390081,-0.1019729180295198
2025-11-23 20:00:00,86830.0,3546.57157,0.9307595892562371,-0.10009618786547181
2025-11-24 00:00:00,87460.02,4318.16094,1.0508786200617692,-0.09852590835453856
2025-11-24 04:00:00,87050.39,3276.3396,1.2099104244009793,-0.10372068407281099
2025-11-24 08:00:00,86264.72,3484.50939,1.3057234295153826,-0.1146701564898851
2025-11-24 12:00:00,86616.44,4635.50962,1.3270642121269562,-0.12242197219764128
2025-11-24 16:00:00,88327.29,6003.91247,1.3455782342183469,-0.13231928851967822
2025-11-24 20:00:00,88300.01,2944.69593,1.3588586849588467,-0.145171348604755
2025-11-25 00:00:00,87822.12,2506.39849,1.357736547719111,-0.15767554424080066
2025-11-25 04:00:00,87384.81,3032.60485,1.3153668557616438,-0.16592374279801614
2025-11-25 08:00:00,87361.71,3402.11161,1.2303411764272942,-0.16874063802516204
2025-11-25 12:00:00,86988.94,4897.6285,1.0907935181131974,-0.16262836077181575
2025-11-25 16:00:00,86882.85,3228.35208,0.9116375042592056,-0.14367906952699894
2025-11-25 20:00:00,87369.96,2499.94557,0.7327565450572121,-0.11835664801968238
2025-11-26 00:00:00,87119.92,2235.2732,0.5488938880377114,-0.08653935819247316
2025-11-26 04:00:00,87935.05,1828.65169,0.41369703077885245,-0.059997868400419985
2025-11-26 08:00:00,87095.79,2199.53135,0.3029801556449276,-0.03645741986701151
2025-11-26 12:00:00,86978.0,4198.26229,0.16911355328296598,-0.00913202570259597
2025-11-26 16:00:00,89957.36,7510.43418,0.0950247318367659,0.006908614626972065
2025-11-26 20:00:00,90484.02,3703.66968,0.07614351581091237,0.012951814203000372
2025-11-27 00:00:00,91091.68,5743.81731,0.11460366988423067,0.009682600047756396
2025-11-27 04:00:00,91408.34,2443.78349,0.2108131152215675,-0.0012941024922049071
2025-11-27 08:00:00,91371.88,2353.99141,0.326336366743711,-0.0196422682768998
2025-11-27 12:00:00,90958.3,2921.51001,0.41321140862268463,-0.03811340653409512
2025-11-27 16:00:00,91528.21,2279.61546,0.4654249377900183,-0.05519108197894845
2025-11-27 20:00:00,91333.95,1090.79164,0.48563842476138064,-0.06490811154878148
2025-11-28 00:00:00,91208.85,1930.05393,0.45680152193024615,-0.06889284623860548
2025-11-28 04:00:00,90910.87,1873.92377,0.3861125427018761,-0.0614257167895505
2025-11-28 08:00:00,91437.64,3175.31997,0.28163104628299274,-0.04614666977834417
2025-11-28 12:00:00,92362.49,5046.613,0.19792748460371276,-0.030058885928740592
2025-11-28 16:00:00,91157.44,5779.19663,0.11496750394835935,-0.012427906151801255
2025-11-28 20:00:00,90890.7,1025.75282,0.044030398418510724,0.005431689629267267
2025-11-29 00:00:00,90680.26,940.81817,-0.03712425299486032,0.020527998963549718
2025-11-29 04:00:00,90567.67,1229.54953,-0.07757021742473584,0.035486777042188625
2025-11-29 08:00:00,90673.19,957.44805,-0.07591257899975885,0.04514631034630501
2025-11-29 12:00:00,91063.5,1148.02698,-0.030216260831823927,0.04598195933046212
2025-11-29 16:00:00,90640.78,2192.51887,0.030992426019936577,0.03999574082154472
2025-11-29 20:00:00,90802.44,961.52131,0.07666732890011967,0.02859219496847723
2025-11-30 00:00:00,90909.35,1115.17062,0.10149197779360396,0.016040124512881976
2025-11-30 04:00:00,90968.16,549.91781,0.1063876122259725,0.005384317166214597
2025-11-30 08:00:00,91048.78,2515.69204,0.10574427924340697,-0.0009435395490002274
2025-11-30 12:00:00,91435.31,2629.14986,0.0728215128512959,-0.00674106416428602
2025-11-30 16:00:00,91460.79,1049.01646,0.028793271504869565,-0.010538180937487311
2025-11-30 20:00:00,90360.0,1828.79496,0.03058376847663612,-0.014918800047269424
2025-12-01 00:00:00,86346.13,10249.65966,-0.022761129768179008,-0.010470775331534253
2025-12-01 04:00:00,86550.3,4937.16707,-0.12645109243135125,-0.0010094880995093064
2025-12-01 08:00:00,86149.15,3005.76787,-0.23600850500503395,0.012250467165442508
2025-12-01 12:00:00,84677.87,8124.37241,-0.36481513641877134,0.030976902754877966
2025-12-01 16:00:00,85024.5,4598.10295,-0.5415350999677464,0.05086162295266519
2025-12-01 20:00:00,86286.01,3593.94231,-0.7168897873257397,0.07025043481101928
2025-12-02 00:00:00,86976.99,3245.81604,-0.8506643540790892,0.08557916857863779
2025-12-02 04:00:00,87012.65,1733.23534,-0.9551696357445261,0.09495783688618264
2025-12-02 08:00:00,87368.92,3361.03567,-1.0636868182888148,0.10394384408102875
2025-12-02 12:00:00,90850.01,9300.50019,-1.0971845145939187,0.10466101811322703
2025-12-02 16:00:00,91903.39,6152.68006,-1.0449994882715297,0.09427341982262671
2025-12-02 20:00:00,91277.88,4416.96002,-0.9646028469835727,0.07920318633588985
2025-12-03 00:00:00,92628.91,4425.07634,-0.8416898452874695,0.06030053504477961
2025-12-03 04:00:00,92999.99,4546.45939,-0.6769911022510882,0.03969319779362945
2025-12-03 08:00:00,93005.68,2770.10259,-0.48637200491364246,0.01810123685761006
2025-12-03 12:00:00,92373.3,6523.23972,-0.32635150541371183,1.8733994952002675e-06
2025-12-03 16:00:00,93024.99,3624.68485,-0.226109645370534,-0.01419527665160153
2025-12-03 20:00:00,93429.95,3822.96296,-0.18528901807970335,-0.021999822512048156
2025-12-04 00:00:00,93543.04,3844.7002,-0.20547666506526677,-0.022833043274910397
2025-12-04 04:00:00,93397.67,3070.50786,-0.2562445781995141,-0.016034006538929668
2025-12-04 08:00:00,92948.31,1917.02375,-0.31183232058413435,-0.002589031845973311
2025-12-04 12:00:00,92971.49,4296.15789,-0.37106194860009706,0.008901074163216838
2025-12-04 16:00:00,91975.44,4860.7112,-0.4261384546083199,0.022584294080730594
2025-12-04 20:00:00,92078.06,1814.83969,-0.46927986388217036,0.03484162823065806
2025-12-05 00:00:00,92142.75,1751.29187,-0.5183133776637644,0.04411964247919764
2025-12-05 04:00:00,92258.65,1387.19156,-0.5743592402305543,0.04974309482469985
2025-12-05 08:00:00,91351.43,2431.69816,-0.6428161602385143,0.05615237237660797
2025-12-05 12:00:00,90459.35,5344.16253,-0.723700723181589,0.06620382388519674
2025-12-05 16:00:00,89629.26,6507.53794,-0.8044685263564901,0.0825244090377184
2025-12-05 20:00:00,89330.04,2371.09012,-0.8968496784325853,0.10381229083409782
2025-12-06 00:00:00,89688.35,1531.03301,-0.9589750119454796,0.1264359753400598
2025-12-06 04:00:00,89597.13,769.5235,-0.9457403125707563,0.1473376737708787
2025-12-06 08:00:00,89631.28,1504.70502,-0.8331552764413022,0.16057427366479937
2025-12-06 12:00:00,89758.77,2052.08066,-0.689568912063241,0.15931177029534305
2025-12-06 16:00:00,89405.64,1483.59614,-0.5282981922858132,0.14621184638673224
2025-12-06 20:00:00,89236.79,1068.56183,-0.3827231667383645,0.12503562328093765
2025-12-07 00:00:00,89722.37,712.48717,-0.2531957498727262,0.09597052681364582
2025-12-07 04:00:00,89379.72,739.06202,-0.13929173431708478,0.06663874411601571
2025-12-07 08:00:00,89149.18,786.60016,-0.03558902701870407,0.04280935083914118
2025-12-07 12:00:00,89554.52,3916.92116,-0.006125553305145469,0.024052067386423272
2025-12-07 16:00:00,91425.52,3838.31073,0.05186822885613367,0.0023332547534066148
2025-12-07 20:00:00,90395.31,3027.73061,0.10092377895906895,-0.013278769973540647
2025-12-08 00:00:00,91068.29,2453.60415,0.17753193897686104,-0.02521241437475738
2025-12-08 04:00:00,91565.46,1592.48822,0.2558983992484704,-0.03775973231052099
2025-12-08 08:00:00,91968.29,1953.05465,0.3638947803454083,-0.055874783684205565
2025-12-08 12:00:00,89961.37,5223.15445,0.3931076721617438,-0.06623343182140123
2025-12-08 16:00:00,90124.48,2589.84253,0.368664121914048,-0.06514550630981203
2025-12-08 20:00:00,90634.34,1981.49487,0.317661646670706,-0.05800376796682499
2025-12-09 00:00:00,90405.01,2355.41188,0.2589030770423038,-0.04506180507186447
2025-12-09 04:00:00,90496.8,1867.61874,0.2079543120645515,-0.031066948260219385
2025-12-09 08:00:00,90384.55,1562.48442,0.11099371102152708,-0.011719189411630332
2025-12-09 12:00:00,92707.51,4917.67396,0.054648312226972216,0.0034633968744308408
2025-12-09 16:00:00,93800.83,7304.45224,0.08514753697583888,0.002140983837654903
2025-12-09 20:00:00,92678.8,3232.7889,0.18013937293641755,-0.0059418959805252886
2025-12-10 00:00:00,92410.62,1996.9993,0.28592234949456763,-0.018661714335370644
2025-12-10 04:00:00,92782.91,1363.84988,0.40736791687241264,-0.0364983415847685
2025-12-10 08:00:00,92120.45,2623.05995,0.5013478323322053,-0.05154218689059914
2025-12-10 12:00:00,92063.69,2523.14963,0.5490141983457953,-0.05734509747878752
2025-12-10 16:00:00,92957.67,5420.4848,0.5946422489797434,-0.06231360366887423
2025-12-10 20:00:00,92015.37,5071.13727,0.6710586686462764,-0.06619510907528525
2025-12-11 00:00:00,89880.01,4081.1469,0.6978636560491517,-0.059181012201714234
2025-12-11 04:00:00,90272.75,2245.33099,0.6911507431201407,-0.04843894540101179
2025-12-11 08:00:00,90242.35,1503.95888,0.6262254447278323,-0.03889929091783373
2025-12-11 12:00:00,89872.51,3541.05902,0.49705105439385583,-0.024556520165204543
2025-12-11 16:00:00,90839.81,3643.99089,0.33014399692055224,-0.0074248958288749
2025-12-11 20:00:00,92513.38,4957.1009,0.22022331666139786,0.000559074470677462
2025-12-12 00:00:00,92283.4,2164.71329,0.15001306573900153,-0.0013229938510752604
2025-12-12 04:00:00,92425.34,1494.20203,0.1288930758473224,-0.012399280078397773
2025-12-12 08:00:00,92418.19,1624.00539,0.21220586482541062,-0.03836245858873555
2025-12-12 12:00:00,89935.14,5560.13281,0.2380440190320083,-0.061455692056127914
2025-12-12 16:00:00,90198.22,4659.32825,0.218041688978109,-0.07614335383751425
2025-12-12 20:00:00,90268.42,1176.80992,0.1265359126535723,-0.08021457241580157
2025-12-13 00:00:00,90345.54,648.76329,0.013551770394693638,-0.06953304304163405
2025-12-13 04:00:00,90329.97,451.53525,-0.09973403381883122,-0.04727685515596941
2025-12-13 08:00:00,90330.36,1525.87319,-0.2607155615931896,-0.021676397795061725
2025-12-13 12:00:00,90092.16,1906.98893,-0.4377039426113834,0.011662738197056988
2025-12-13 16:00:00,90178.16,675.23738,-0.6048948828691707,0.046944807293824276
2025-12-13 20:00:00,90240.01,687.30984,-0.732425029003736,0.07862909139858182
2025-12-14 00:00:00,90258.98,710.94131,-0.7934944560301969,0.101587988011282
2025-12-14 04:00:00,90245.6,689.83584,-0.7416206130991853,0.1089828011840086
2025-12-14 08:00:00,89360.0,2036.12797,-0.6373052628355023,0.10063807255752866
2025-12-14 12:00:00,89022.91,1729.70637,-0.49240736917286954,0.08001086137863478
2025-12-14 16:00:00,88644.88,1685.20822,-0.33604732462508663,0.050841019835874024
2025-12-14 20:00:00,88172.17,2565.12033,-0.2462738501139153,0.02508054634727583
2025-12-15 00:00:00,89282.6,2699.66065,-0.22133191948773046,0.0027760950929304196
2025-12-15 04:00:00,89753.42,1316.93789,-0.270117687299146,-0.012898582375485537
2025-12-15 08:00:00,89641.28,1524.38986,-0.2784682903252747,-0.021355167992466867
2025-12-15 12:00:00,87033.22,5888.02922,-0.33893175938076375,-0.013879947172122653
2025-12-15 16:00:00,86149.96,5789.22914,-0.4670320335030324,0.011569554812990768
2025-12-15 20:00:00,86432.08,2560.44514,-0.587761986748275,0.04568619437073479
2025-12-16 00:00:00,85875.92,2272.8575,-0.6931800655666246,0.0839928593193397
2025-12-16 04:00:00,86021.51,2433.06768,-0.7841200607076636,0.12228335225466769
2025-12-16 08:00:00,87261.45,2417.24589,-0.784196956894115,0.15159707678272366
2025-12-16 12:00:00,87977.43,6730.13202,-0.6450785985231844,0.15977553213704532
2025-12-16 16:00:00,87585.77,3497.7582,-0.4049415406411595,0.1469934808508897
2025-12-16 20:00:00,87863.42,1104.98888,-0.06792160819951716,0.11072350992041458
2025-12-17 00:00:00,87213.59,1179.65134,0.289233954920706,0.05799082296193636
2025-12-17 04:00:00,87045.59,2094.81095,0.5897021691186186,-0.002895733273670126
2025-12-17 08:00:00,86983.26,1681.2327,0.7686188245448297,-0.06005390488541151
2025-12-17 12:00:00,87233.44,8132.27731,0.8483079204773677,-0.10716413052795082
2025-12-17 16:00:00,86018.53,5045.61646,0.877733276592403,-0.13622533787754454
2025-12-17 20:00:00,86243.22,1700.52853,0.7914212833911312,-0.15142588603599405
2025-12-18 00:00:00,86618.34,1716.00096,0.6160732662596499,-0.15160593186968196
2025-12-18 04:00:00,86833.84,1551.20199,0.40269974116695095,-0.13782301454045587
2025-12-18 08:00:00,87300.74,1894.81711,0.1198312500771781,-0.11012683525298295
2025-12-18 12:00:00,88513.44,7315.08784,-0.032437356387665074,-0.08579038016454565
2025-12-18 16:00:00,84483.79,9332.10895,-0.24496592539159392,-0.050529935406895043
2025-12-18 20:00:00,85516.41,3596.20078,-0.4626795100360673,-0.007802454489970689
2025-12-19 00:00:00,86891.39,3311.66901,-0.5906170195127174,0.0309263880682914
2025-12-19 04:00:00,87953.4,3713.59538,-0.6394407749202831,0.044717120843768554
2025-12-19 08:00:00,88198.7,1797.82182,-0.5951645034984615,0.04084201746490668
2025-12-19 12:00:00,87951.87,5988.71834,-0.4489382586897647,0.027997322857030216
2025-12-19 16:00:00,87845.92,4584.61046,-0.3062765844572548,0.0073174692933606345
2025-12-19 20:00:00,88136.94,1860.23503,-0.1715177661732388,-0.013242461602461258
2025-12-20 00:00:00,88214.98,984.44715,-0.05464095289614664,-0.028189594931803924
2025-12-20 04:00:00,88275.41,797.87192,0.06427066494480138,-0.034008874400742684
2025-12-20 08:00:00,88277.66,821.72303,0.15553081068647476,-0.034242474829410285
2025-12-20 12:00:00,88178.71,1315.67537,0.20851585364037317,-0.026630378566607826
2025-12-20 16:00:00,88232.92,574.10491,0.2330837400911818,-0.011810809952611898
2025-12-20 20:00:00,88360.9,629.30956,0.2703936481285257,0.004967558473441824
2025-12-21 00:00:00,88070.64,991.41687,0.3243876612075994,0.021858048592017995
2025-12-21 04:00:00,88174.79,455.57319,0.3861762421648133,0.03378800330747889
2025-12-21 08:00:00,88601.57,1439.81605,0.5416449829515911,0.03396302531715181
2025-12-21 12:00:00,88067.95,2206.50881,0.7078767496951234,0.02281872749589825
2025-12-21 16:00:00,88484.01,1240.46771,0.8792428586945161,0.00021378022964785304
2025-12-21 20:00:00,88658.86,799.08995,1.0260393742294935,-0.03049590107095773
2025-12-22 00:00:00,88774.12,2619.97992,1.138156834489289,-0.06083106191819465
2025-12-22 04:00:00,89170.1,1290.70342,1.2035499414532884,-0.08636050791636318
2025-12-22 08:00:00,89945.43,2622.90199,1.277975366360037,-0.11016711580000926
2025-12-22 12:00:00,89726.92,3942.72215,1.3980942257420415,-0.13644365014865323
2025-12-22 16:00:00,88052.43,2609.5493,1.4027349731194343,-0.1490549417903666
2025-12-22 20:00:00,88620.79,1587.36292,1.3549890777868685,-0.15026425185854486
2025-12-23 00:00:00,88170.0,1505.70483,1.2572365833417385,-0.14001165590063636
2025-12-23 04:00:00,87574.79,1996.43062,1.080178620322963,-0.11566803730003028
2025-12-23 08:00:00,87856.65,1432.37853,0.9044514997655165,-0.0843769166797691
2025-12-23 12:00:00,87443.45,3407.99312,0.7281320277069203,-0.049147205823566464
2025-12-23 16:00:00,87752.87,3220.82979,0.5894716502382605,-0.0212516680905539
2025-12-23 20:00:00,87486.0,2346.99215,0.521598994486976,-0.0027649943208951644
2025-12-24 00:00:00,87336.23,1598.88886,0.545120610788016,0.0009386906736819078
2025-12-24 04:00:00,86911.53,1349.63742,0.593275339497311,-0.007890373991614852
2025-12-24 08:00:00,87203.94,1188.37005,0.6057722959349148,-0.030859151632977255
2025-12-24 12:00:00,87049.99,2300.52897,0.5919194872762799,-0.05007213281717965
2025-12-24 16:00:00,87566.06,1746.44928,0.5250242034206984,-0.06909236061317942
2025-12-24 20:00:00,87669.45,956.96862,0.37998606177031863,-0.08084090534564625
2025-12-25 00:00:00,87840.42,652.86225,0.15579958556744605,-0.08120243102261993
2025-12-25 04:00:00,87837.59,568.68423,-0.03556965894711718,-0.06552918678257828
2025-12-25 08:00:00,87519.44,1203.75216,-0.2568128610385929,-0.0374117368215503
2025-12-25 12:00:00,88371.27,1933.47252,-0.42639732220423476,-0.008551375547740603
2025-12-25 16:00:00,88151.18,1039.54656,-0.4822664689347557,0.015893397037721746
2025-12-25 20:00:00,87225.27,1698.26463,-0.5300536182024519,0.04308507564319297
2025-12-26 00:00:00,88844.87,4964.62578,-0.4373894991017243,0.05570530457224343
2025-12-26 04:00:00,88470.75,3154.47608,-0.34289502401343863,0.05255353622222814
2025-12-26 08:00:00,88533.42,1250.32549,-0.21500557460500677,0.03490538328884621
2025-12-26 12:00:00,87137.81,5932.37434,-0.10940378151911481,0.019553921274130054
2025-12-26 16:00:00,87501.83,1940.76351,-0.026771140845176254,0.002978254726595825
2025-12-26 20:00:00,87369.56,1102.04985,-0.021840723341815582,-0.011623472839411758
2025-12-27 00:00:00,87514.22,675.35016,-0.06929829623891097,-0.018874730145214916
2025-12-27 04:00:00,87539.26,515.35353,-0.1768469127970788,-0.01930687223179632
2025-12-27 08:00:00,87475.98,1077.75463,-0.3906533242147879,-0.012162368664877521
2025-12-27 12:00:00,87551.25,749.39054,-0.6388146087695296,0.008160471223126187
2025-12-27 16:00:00,87569.39,566.59122,-0.8236851223555107,0.040041140741222
2025-12-27 20:00:00,87877.01,885.11148,-0.9418746099195164,0.06622594584858155
2025-12-28 00:00:00,87740.01,672.08653,-0.9787440488501126,0.08580044425746602
2025-12-28 04:00:00,87730.85,442.23022,-0.913040790509427,0.0965527891336343
2025-12-28 08:00:00,87883.25,760.04376,-0.8009436893212487,0.09408417611616926
2025-12-28 12:00:00,87836.27,821.25662,-0.7186512457680017,0.08024075782758788
2025-12-28 16:00:00,87520.75,881.83702,-0.6688837698761436,0.0658295014271757
2025-12-28 20:00:00,87952.71,868.8387,-0.7494570627054944,0.06027984841292855
2025-12-29 00:00:00,90123.55,4759.05691,-0.8063307775057191,0.0486893083725517
2025-12-29 04:00:00,89617.71,3502.98691,-0.6625798663673401,0.03115762258891086
2025-12-29 08:00:00,87567.66,4608.77018,-0.5687398089530487,0.016955447719179895
2025-12-29 12:00:00,87691.62,4178.35066,-0.5112771210180045,0.007559097635047807
2025-12-29 16:00:00,87366.23,1457.68333,-0.5194242125678443,0.008137611911423592
2025-12-29 20:00:00,87237.13,1388.13776,-0.6059058556652802,0.02282613063356892
2025-12-30 00:00:00,87379.0,1520.57005,-0.7500845327288259,0.050184697637758735
2025-12-30 04:00:00,87502.85,1077.59137,-0.9203790012917707,0.08867242846260104
2025-12-30 08:00:00,87903.89,2468.25039,-1.1190593367103974,0.13393761035198337
2025-12-30 12:00:00,89016.35,3882.44573,-1.1842131943341632,0.1657371075531262
2025-12-30 16:00:00,88226.16,2912.38545,-1.1863022388496895,0.1881865945850938
2025-12-30 20:00:00,88485.49,1244.66702,-1.0983446783264832,0.1952385835405146
2025-12-31 00:00:00,88453.04,1131.98072,-0.8582166200367302,0.18361697454430048
2025-12-31 04:00:00,88613.12,972.41187,-0.5173352220537775,0.15124928964286255
2025-12-31 08:00:00,89011.52,1674.66744,0.0047536191461744455,0.09204642307232314
2025-12-31 12:00:00,87953.97,3261.85615,0.5866558845129844,0.017764790079616954
2025-12-31 16:00:00,87541.85,2936.14316,0.9899209200003392,-0.06078603775433744
2025-12-31 20:00:00,87648.22,1581.56113,1.0657187844069942,-0.11839839088984272
2026-01-01 00:00:00,87846.02,833.74412,0.8148950877483465,-0.1359903866766432
2026-01-01 04:00:00,87631.88,1108.52485,0.5080758454894962,-0.10883309215851944
2026-01-01 08:00:00,88024.64,819.82493,0.21757518220379518,-0.06241087653962135
2026-01-01 12:00:00,88032.18,1005.89204,-0.09327169284379483,-0.005344745505451498
2026-01-01 16:00:00,88391.15,1140.33499,-0.29699354062424627,0.056732960759644374
2026-01-01 20:00:00,88839.04,1371.2504,-0.29853498014851265,0.09928466720604157
2026-01-02 00:00:00,88950.65,1615.06136,-0.16337988386962793,0.10776148379932654
2026-01-02 04:00:00,88857.61,1190.3172,-0.013716152810408621,0.09732279303583036
2026-01-02 08:00:00,89502.95,3334.56621,0.26810836424712625,0.06688228822465125
2026-01-02 12:00:00,89418.11,4573.8437,0.5363094049325228,0.023563803263981553
2026-01-02 16:00:00,89897.23,5155.47201,0.8447019415440786,-0.026251683337340292
2026-01-02 20:00:00,89995.13,1527.71253,1.1119364017236613,-0.07651053280053033
2026-01-03 00:00:00,90321.22,1026.19409,1.4148781430233477,-0.13319210990254116
2026-01-03 04:00:00,89577.13,1777.4168,1.570365553370893,-0.17814504558284283
2026-01-03 08:00:00,89752.74,1301.1092,1.6478113905974385,-0.19931921504507732
2026-01-03 12:00:00,89969.31,1115.15116,1.6207328991944798,-0.2066392164367501
2026-01-03 16:00:00,90123.77,516.07827,1.4522876293033289,-0.19619117721047497
2026-01-03 20:00:00,90628.01,1321.51764,1.1677979863690937,-0.16798089187094745
2026-01-04 00:00:00,91236.78,2719.43418,0.8246072056341867,-0.1310808038822998
2026-01-04 04:00:00,91532.0,1833.66412,0.4427773207694374,-0.09724637112859674
2026-01-04 08:00:00,91300.0,2596.25909,0.3224274686328241,-0.04682093169215923
2026-01-04 12:00:00,91334.94,1316.31831,0.3430807028647918,-0.022405111749462026
2026-01-04 16:00:00,91138.07,1140.52954,0.3872463844197885,-0.01649694229927756
2026-01-04 20:00:00,91529.73,820.32446,0.36159188376727036,-0.015697723835367994
2026-01-05 00:00:00,92878.22,5548.56251,0.4134190958105024,-0.027629502728628408
2026-01-05 04:00:00,92520.63,1838.8669,0.45201785418770934,-0.03855055950912151
2026-01-05 08:00:00,93134.26,2498.18846,0.4672063434655171,-0.0469694549516354
2026-01-05 12:00:00,93957.73,4224.09624,0.48158847269839045,-0.056756809288386
2026-01-05 16:00:00,94303.4,4190.38211,0.5247281106882097,-0.06920738512858948
2026-01-05 20:00:00,93859.71,2373.49962,0.5454938822554722,-0.07817290154395207
2026-01-06 00:00:00,93769.24,1527.94713,0.5528723702570535,-0.0837834529465884
2026-01-06 04:00:00,93255.08,2037.39443,0.4818963782342878,-0.07736228160076125
2026-01-06 08:00:00,93840.0,1360.24604,0.39003025939289393,-0.06585965694595186
2026-01-06 12:00:00,93648.99,3747.64759,0.33378312157482376,-0.05642401803103486
2026-01-06 16:00:00,92104.5,6154.50415,0.16266989040653226,-0.029699249441130338
2026-01-06 20:00:00,93747.97,3718.67895,0.04323600286949202,-0.0067633345742186615
2026-01-07 00:00:00,92815.83,2673.21579,-0.08810118814750527,0.016568931639421018
2026-01-07 04:00:00,92879.13,1043.57297,-0.154682887954528,0.03648599099550799
2026-01-07 08:00:00,92087.21,2601.79745,-0.18971883606837983,0.05066205439166449
2026-01-07 12:00:00,91349.96,3623.32777,-0.2274418765494897,0.06319962723294875
2026-01-07 16:00:00,91186.07,2653.80915,-0.28169048875610636,0.07534308645157364
2026-01-07 20:00:00,91364.16,1680.76712,-0.32889002551147917,0.082500752349111
2026-01-08 00:00:00,90813.4,1794.84191,-0.42430774556713957,0.08708026290870141
2026-01-08 04:00:00,90548.02,3107.77644,-0.5462274397170984,0.0922751471584185
2026-01-08 08:00:00,90226.77,2431.28077,-0.6636241697919323,0.10539999834983965
2026-01-08 12:00:00,90781.57,4384.25882,-0.7849362906564867,0.11317993312032243
2026-01-08 16:00:00,90937.41,2656.5893,-0.8746872688453149,0.11766897079677013
2026-01-08 20:00:00,91099.99,1758.04393,-0.9097258886874426,0.11695722696776711
2026-01-09 00:00:00,91220.23,1573.86844,-0.8877764653601333,0.10462676126456072
2026-01-09 04:00:00,90741.84,1493.55612,-0.8261197656569522,0.08711502232625967
2026-01-09 08:00:00,90463.11,2586.72373,-0.8166315852093067,0.07083650365473126
2026-01-09 12:00:00,91176.47,5694.3606,-0.7633152134313852,0.05063745452278057
2026-01-09 16:00:00,90332.15,2962.09045,-0.7563971060685518,0.0372412226819937
2026-01-09 20:00:00,90641.28,1279.68005,-0.7607198633484068,0.03039855862883689
2026-01-10 00:00:00,90626.14,528.98968,-0.7939581127616211,0.029037818245112423
2026-01-10 04:00:00,90678.5,491.62648,-0.8373474657006037,0.03454172159676938
2026-01-10 08:00:00,90723.86,647.39632,-0.8932012504861063,0.04345262232091612
2026-01-10 12:00:00,90665.75,414.48163,-0.9476032817594764,0.05612294426563158
2026-01-10 16:00:00,90626.54,530.14761,-0.9869791781062708,0.06969458007967289
2026-01-10 20:00:00,90504.7,491.4755,-1.0142847990554562,0.08398998682344283
2026-01-11 00:00:00,90733.5,463.88039,-0.9885367210842493,0.09479601900010337
2026-01-11 04:00:00,90710.79,546.84342,-0.9430270924590995,0.0971788369450226
2026-01-11 08:00:00,90754.99,694.37617,-0.864825191426599,0.09424921374955386
2026-01-11 12:00:00,90875.79,1144.02813,-0.7132243301852078,0.08476511037002044
2026-01-11 16:00:00,90690.8,961.40735,-0.6014928423374261,0.06605757116231037
2026-01-11 20:00:00,91013.65,1666.60048,-0.526874727209672,0.049351559571686576
2026-01-12 00:00:00,91808.12,3786.46912,-0.444635272472817,0.02858478135416681
2026-01-12 04:00:00,91408.09,1706.23351,-0.31549908987866493,0.009003588066187729
2026-01-12 08:00:00,90620.96,2761.14204,-0.27471690344936717,-0.0027815069607682874
2026-01-12 12:00:00,91665.0,2904.06995,-0.25676212898984685,-0.00952665484648929
2026-01-12 16:00:00,91861.27,3629.97324,-0.23407727716563834,-0.014543976993760033
2026-01-12 20:00:00,91296.2,1400.19482,-0.24442055653042521,-0.012585206981768363
2026-01-13 00:00:00,91408.91,1312.52459,-0.28882002447401545,-0.002749008787574503
2026-01-13 04:00:00,91942.0,2568.59009,-0.3242040448195551,0.009387565270907061
2026-01-13 08:00:00,92000.74,2545.21662,-0.3895522173692063,0.02744293070795295
2026-01-13 12:00:00,93449.99,4336.89557,-0.4181406529555443,0.041421122393971055
2026-01-13 16:00:00,94226.84,4752.59807,-0.39121547032847587,0.049759532200708334
2026-01-13 20:00:00,95414.0,7505.68988,-0.2564207297855702,0.04405176122671495
2026-01-14 00:00:00,95720.99,2381.89992,-0.014100777044857214,0.02202518455283764
2026-01-14 04:00:00,95205.1,2873.6342,0.284147281562344,-0.010032208528957531
2026-01-14 08:00:00,94792.99,1756.03488,0.5066322999646634,-0.03589659429531006
2026-01-14 12:00:00,96764.57,6031.62524,0.7051656234660029,-0.0628276595687931
2026-01-14 16:00:00,97267.42,6680.63165,0.8418041007441175,-0.09349709173570075
2026-01-14 20:00:00,96951.78,3128.06839,0.9381985491287245,-0.11646376285493021
2026-01-15 00:00:00,95985.1,2821.68199,0.9573596628235106,-0.11810377661758764
2026-01-15 04:00:00,96630.48,2056.29256,0.9300324665338515,-0.11069641666068697
2026-01-15 08:00:00,96581.08,2793.34386,0.8715254430456708,-0.09388155622130123
2026-01-15 12:00:00,96737.04,4818.18164,0.852945302695775,-0.07714410580270581
2026-01-15 16:00:00,95516.01,7868.89039,0.8158382319176508,-0.05681690542899365
2026-01-15 20:00:00,95604.8,1367.42325,0.7905859812152878,-0.0376768840420687
2026-01-16 00:00:00,95354.69,1207.1411,0.75879858614332,-0.020748099820171784
2026-01-16 04:00:00,95653.16,2294.926,0.7250630020326619,-0.011208001083404473
2026-01-16 08:00:00,95429.09,1614.38797,0.7408723407236502,-0.007549115843746623
2026-01-16 12:00:00,94585.98,3014.1328,0.7332121739034722,-0.006966025156434075
2026-01-16 16:00:00,95002.09,1854.59442,0.7075211374314502,-0.008578257056205407
2026-01-16 20:00:00,95550.94,1182.53231,0.6868146225858417,-0.01523824653991146
2026-01-17 00:00:00,95372.95,520.98136,0.6499008605455918,-0.024974961093529924
2026-01-17 04:00:00,95101.67,558.53587,0.6071357478471037,-0.03084019297224616
2026-01-17 08:00:00,95323.86,614.83515,0.5610553359647535,-0.03445686034622075
2026-01-17 12:00:00,95573.64,1450.99515,0.5235515766750116,-0.038439757480185466
2026-01-17 16:00:00,95291.38,636.49063,0.479219503145168,-0.04077554975554193
2026-01-17 20:00:00,95147.77,498.96321,0.4312245490379096,-0.0392740149558371
2026-01-18 00:00:00,95200.29,721.03445,0.37848371462369107,-0.036293219212681305
2026-01-18 04:00:00,95028.27,705.29271,0.3195813574785828,-0.030015703942011196
2026-01-18 08:00:00,95168.06,960.00602,0.2613400619227101,-0.023152245181152997
2026-01-18 12:00:00,95119.28,1177.17902,0.19130156684779895,-0.015435134155741076
2026-01-18 16:00:00,95380.99,921.46243,0.1867192694176838,-0.014590858602922085
2026-01-18 20:00:00,93673.14,2410.20356,0.19584264216442349,-0.014858427761736792
2026-01-19 00:00:00,92690.09,6141.54249,0.1466702049960599,-0.012008230187571883
2026-01-19 04:00:00,92841.62,1712.23708,0.0570644953766589,-0.004527919547873432
2026-01-19 08:00:00,93191.96,1908.98628,-0.05382048851443787,0.0029864866096381837
2026-01-19 12:00:00,93068.62,1798.82427,-0.17967080795229728,0.01146803748717995
2026-01-19 16:00:00,93105.85,1153.18382,-0.3002702161200309,0.017738683831886592
2026-01-19 20:00:00,92631.0,1580.75353,-0.4006080700136303,0.0247974554754348
2026-01-20 00:00:00,92434.92,1260.14088,-0.4516799524876185,0.02580752198236902
2026-01-20 04:00:00,91177.98,4648.13308,-0.5188140484601423,0.027696136919663272
2026-01-20 08:00:00,91218.99,2254.1302,-0.5766220398551283,0.0285754293019001
2026-01-20 12:00:00,90684.95,5038.30665,-0.6291700488318797,0.028145481526871685
2026-01-20 16:00:00,89864.0,2515.89242,-0.6991124528947906,0.030503017094794194
