时间,收盘价,信号类型,方向,置信度,张力,加速度,量能比率,EMA偏离%
2025-08-10 12:00:00,118815.0,BEARISH_SINGULARITY,short,0.7,0.7733394173530197,-0.0845191579779157,,0.0
2025-08-10 16:00:00,118663.08,BEARISH_SINGULARITY,short,0.7,0.708409113349101,-0.0804465008533109,,-0.11569933814148577
2025-08-10 20:00:00,119294.01,BEARISH_SINGULARITY,short,0.7,0.5927933355073683,-0.0676948429406483,,0.37567513144357767
2025-08-11 00:00:00,121728.99,BEARISH_SINGULARITY,short,0.7,0.5290942215089675,-0.0631242869000843,,2.1885435051540685
2025-08-11 04:00:00,121537.15,BEARISH_SINGULARITY,short,0.7,0.5524573785528275,-0.0636068809081827,,1.8308680559716288
2025-08-11 08:00:00,120561.54,BEARISH_SINGULARITY,short,0.7,0.5851209594393163,-0.0679277223215729,,0.9160426891455962
2025-08-11 12:00:00,120314.4,BEARISH_SINGULARITY,short,0.7,0.627769121624933,-0.0761791748621619,,0.6412006767917083
2025-08-11 16:00:00,119089.3,BEARISH_SINGULARITY,short,0.7,0.6365680809336108,-0.0797075149129932,,-0.34717286113795875
2025-08-11 20:00:00,118686.0,BEARISH_SINGULARITY,short,0.7,0.5934326901820595,-0.0757075655210445,,-0.6198499339625857
2025-08-12 00:00:00,118857.7,BEARISH_SINGULARITY,short,0.7,0.4994074192284805,-0.0661137783207126,,-0.43093372486988885
2025-08-12 04:00:00,118986.72,BEARISH_SINGULARITY,short,0.7,0.3773572082111734,-0.0529266795748302,,-0.29219360947813583
2025-08-13 08:00:00,120570.41,BULLISH_SINGULARITY,long,0.6,-0.3632686299070283,0.0457893006284492,,0.8493430010302006
2025-08-13 12:00:00,120920.62,BULLISH_SINGULARITY,long,0.6,-0.4004817356474436,0.0453089827335421,,1.0323602007218056
2025-08-13 16:00:00,122744.21,BULLISH_SINGULARITY,long,0.6,-0.4025865627958822,0.0400863613434891,1.2082802981338485,2.30697151837111
2025-08-13 20:00:00,123306.43,BULLISH_SINGULARITY,long,0.6,-0.3603211985640602,0.0300952590901555,1.1171152887352953,2.5046186650955446
2025-08-15 04:00:00,118956.45,BULLISH_SINGULARITY,long,0.6,-0.8050073129625414,0.0565937635539306,0.48454224137208357,-0.7515611492509465
2025-08-15 08:00:00,119006.01,BULLISH_SINGULARITY,long,0.6,-1.0091647840364837,0.0885537251670626,0.31932778120091415,-0.6430076521882331
2025-08-15 12:00:00,117275.22,BULLISH_SINGULARITY,long,0.6,-1.1979175489222706,0.1173702827075209,1.4098832292197638,-1.8929323412793404
2025-08-15 16:00:00,116936.27,BULLISH_SINGULARITY,long,0.6,-1.376757060349172,0.1433642834520483,0.6575137533635413,-1.9732886361245265
2025-08-15 20:00:00,117342.05,BULLISH_SINGULARITY,long,0.6,-1.513084872403328,0.1632384064380758,0.39128202981202537,-1.4798925028743648
2025-08-16 00:00:00,117429.63,BULLISH_SINGULARITY,long,0.6,-1.5840387941464724,0.176108911628896,0.4156289299700787,-1.2741279984413474
2025-08-16 04:00:00,117596.07,BULLISH_SINGULARITY,long,0.6,-1.597739210402458,0.1789097621829369,0.2755372387399946,-1.0272887606685266
2025-08-16 08:00:00,117378.52,BULLISH_SINGULARITY,long,0.6,-1.5325226654603907,0.1755151490771587,0.3654383861176555,-1.0963749687175304
2025-08-16 12:00:00,117676.7,BULLISH_SINGULARITY,long,0.6,-1.4374721010217852,0.1635529931887775,0.3673355808023187,-0.7652549002216389
2025-08-16 16:00:00,117672.12,BULLISH_SINGULARITY,long,0.6,-1.326161991272079,0.1456565395102931,0.26167364518654185,-0.6963779763855482
2025-08-16 20:00:00,117380.66,BULLISH_SINGULARITY,long,0.6,-1.2344877743857685,0.1280727628061522,0.29704540479867936,-0.8533604342523813
2025-08-17 00:00:00,117684.95,BULLISH_SINGULARITY,long,0.6,-1.1640025607339624,0.1142946446744759,0.2925120362501962,-0.539851526684168
2025-08-17 04:00:00,118005.98,BULLISH_SINGULARITY,long,0.6,-1.1264345203409452,0.1052398009086852,0.4449574186278404,-0.24302377821488058
2025-08-17 08:00:00,118308.01,BULLISH_SINGULARITY,long,0.6,-1.06495481173857,0.1015919580896871,0.4251420318760478,0.011127420315851549
2025-08-17 12:00:00,118246.16,BULLISH_SINGULARITY,long,0.6,-0.952193905365367,0.0970763907018761,0.4366703985260341,-0.03723891752091115
2025-08-17 16:00:00,117570.07,BULLISH_SINGULARITY,long,0.6,-0.8338103261085992,0.0906819553341922,0.6241900887979325,-0.5511303292826649
2025-08-17 20:00:00,117405.01,BULLISH_SINGULARITY,long,0.6,-0.6374081061138063,0.0748424275816486,0.4497598268574821,-0.6253752001750928
2025-08-18 00:00:00,115319.0,BULLISH_SINGULARITY,long,0.6,-0.5012141484541116,0.0598423224944217,3.428540731240442,-2.1682483348161097
2025-08-18 04:00:00,115205.98,BULLISH_SINGULARITY,long,0.6,-0.4272642575885335,0.047051876582328,1.9535558668052926,-2.0529250622298987
2025-08-18 08:00:00,114947.27,BULLISH_SINGULARITY,long,0.6,-0.4127946555464085,0.0457824181480648,1.549593269609885,-2.060874444441235
2025-08-18 12:00:00,116145.34,BULLISH_SINGULARITY,long,0.6,-0.4069487124333976,0.0429862407812907,1.49442762099986,-0.9419547167686847
2025-08-18 16:00:00,116313.99,BULLISH_SINGULARITY,long,0.6,-0.4129123865390643,0.037024528488003,0.9184571557618518,-0.7226546967004432
2025-08-18 20:00:00,116227.05,BULLISH_SINGULARITY,long,0.6,-0.3920330732421517,0.0268309203161449,0.7183657662191708,-0.7215165882439423
2025-08-19 00:00:00,114810.0,BULLISH_SINGULARITY,long,0.6,-0.4119573940040944,0.02185522762103,1.4154082398493408,-1.7511570785572588
2025-08-19 04:00:00,114978.14,BULLISH_SINGULARITY,long,0.6,-0.4533291767956846,0.023716009787387,1.4310025987272026,-1.4564269759533475
2025-08-19 08:00:00,115508.71,BULLISH_SINGULARITY,long,0.6,-0.4267629475559527,0.022693250114354,0.8411053239032745,-0.9071606925084572
2025-08-19 12:00:00,113786.38,BULLISH_SINGULARITY,long,0.6,-0.3937749810925627,0.022320521448056,2.6910959193952118,-2.162512087210668
2025-08-19 16:00:00,113132.48,BULLISH_SINGULARITY,long,0.6,-0.3855837295543378,0.0236230974135053,1.8052387091846778,-2.4716712938404894
2025-08-19 20:00:00,112872.94,BULLISH_SINGULARITY,long,0.6,-0.4127695384609168,0.0307026936589847,1.211057214393044,-2.444983807682035
2025-08-20 00:00:00,113525.91,BULLISH_SINGULARITY,long,0.6,-0.4345968873640079,0.038755569887753,1.3651891070313045,-1.7045735917341436
2025-08-20 04:00:00,113490.13,BULLISH_SINGULARITY,long,0.6,-0.4450787884818425,0.0466125865894631,0.5920290954909955,-1.5728623922959155
2025-08-20 08:00:00,113666.68,BULLISH_SINGULARITY,long,0.6,-0.4259111762740392,0.0506060654913566,0.984803652397805,-1.2862704185807345
2025-08-20 12:00:00,113353.94,BULLISH_SINGULARITY,long,0.6,-0.401770623538743,0.0540195071077675,1.796474068828177,-1.4115950672281772
2025-08-23 00:00:00,115568.77,BEARISH_SINGULARITY,short,0.7,0.482901870937082,-0.0492397506583675,0.9649104102932007,0.8777357746793217
2025-08-23 04:00:00,115799.47,BEARISH_SINGULARITY,short,0.7,0.6333806707152054,-0.0712640491633229,0.8285408455879127,0.9753346352884985
2025-08-23 08:00:00,115310.13,BEARISH_SINGULARITY,short,0.7,0.7778002315429431,-0.0914094309137822,0.49856447921019387,0.49612732593830294
2025-08-23 12:00:00,114812.87,BEARISH_SINGULARITY,short,0.7,0.8863440247877669,-0.1042426033983412,1.1137451002913437,0.05677113481770443
2025-08-23 16:00:00,115133.91,BEARISH_SINGULARITY,short,0.7,0.9730895517152656,-0.1089135252440037,0.41624435825621814,0.3044001407960823
2025-08-23 20:00:00,115438.05,BEARISH_SINGULARITY,short,0.7,1.0531858941557062,-0.1085940280251415,0.3946493228285967,0.5148616765544478
2025-08-24 00:00:00,115036.0,BEARISH_SINGULARITY,short,0.7,1.0769821168733722,-0.1038053964306118,0.8169413274942211,0.14906911828509783
2025-08-24 04:00:00,114888.19,BEARISH_SINGULARITY,short,0.7,1.0708524911169692,-0.092549308999744,0.7001554125542437,0.01844535512603567
2025-08-24 08:00:00,114730.22,BEARISH_SINGULARITY,short,0.7,1.0319283983851089,-0.0782288510122637,0.8964646670920398,-0.10775028052641732
2025-08-24 12:00:00,114400.0,BEARISH_SINGULARITY,short,0.7,1.0151278920587972,-0.0661799694442726,1.051035614462017,-0.3577537447294075
2025-08-24 16:00:00,112600.0,BEARISH_SINGULARITY,short,0.7,0.9687040681926288,-0.0491240873358002,2.8962509888814183,-1.7453662396782181
2025-08-24 20:00:00,113493.59,BEARISH_SINGULARITY,short,0.7,0.9451727344888068,-0.0382081877909753,1.4380470235102416,-0.8744609282184796
2025-08-25 00:00:00,112916.84,BEARISH_SINGULARITY,short,0.7,0.9605294073820044,-0.0376898339179111,0.8068319560739156,-1.248577705223139
2025-08-25 04:00:00,111511.55,BEARISH_SINGULARITY,short,0.7,0.9901744926572216,-0.0422254379919179,1.3062239963449849,-2.2469164489726587
2025-08-25 08:00:00,111214.97,BEARISH_SINGULARITY,short,0.7,0.9795186488538624,-0.0493714037453194,1.2492562543830392,-2.2735794288642497
2025-08-25 12:00:00,112200.64,BEARISH_SINGULARITY,short,0.7,0.9899554608979894,-0.0661054025473951,1.3624460161588137,-1.2751208926855055
2025-08-25 16:00:00,110716.13,BEARISH_SINGULARITY,short,0.7,0.9794449860146016,-0.0832975594232998,0.906471958636407,-2.341249425148074
2025-08-25 20:00:00,110111.98,BEARISH_SINGULARITY,short,0.7,0.9030361214659274,-0.0960738742872103,2.187672884390929,-2.6075577877986293
2025-08-26 00:00:00,109879.56,BEARISH_SINGULARITY,short,0.7,0.7369634222366804,-0.0985524456856689,1.2993817374062875,-2.5520501389214307
2025-08-26 04:00:00,110303.2,BEARISH_SINGULARITY,short,0.7,0.5345275625055369,-0.0909357766635975,0.5991984065493355,-1.9731594267710157
2025-08-26 20:00:00,111763.22,BULLISH_SINGULARITY,long,0.6,-0.4196000498763127,0.0347914175798994,0.7255420339035564,-0.14038070262109692
2025-08-27 00:00:00,111418.15,BULLISH_SINGULARITY,long,0.6,-0.4410154337487175,0.0570183355524237,0.6392791728839068,-0.4061386145503981
2025-08-27 04:00:00,110725.18,BULLISH_SINGULARITY,long,0.6,-0.3744866570999202,0.0677060100386067,0.5261567965420816,-0.9288010867363451
2025-08-27 20:00:00,111262.01,BEARISH_SINGULARITY,short,0.7,0.5315121968672527,-0.050391659494089,0.7481286805715702,-0.41903274918754774
2025-08-28 00:00:00,112000.01,BEARISH_SINGULARITY,short,0.7,0.6228681623718062,-0.0849772542968496,0.38527995455796854,0.21843799105214237
2025-08-28 04:00:00,113114.11,BEARISH_SINGULARITY,short,0.7,0.6656782316141232,-0.1159608534360241,0.817583264615477,1.0983246959790205
2025-08-28 08:00:00,112909.18,BEARISH_SINGULARITY,short,0.7,0.6737575505002432,-0.136815789679834,0.47501260804026413,0.8272843110425572
2025-08-28 12:00:00,112678.53,BEARISH_SINGULARITY,short,0.7,0.652081059323314,-0.1495768647783813,1.0509701468803228,0.5618098071604894
2025-08-28 16:00:00,111901.36,BEARISH_SINGULARITY,short,0.7,0.5172077569394516,-0.1454252815639488,0.6411084836338397,-0.11925205399624371
2025-08-28 20:00:00,112566.9,BEARISH_SINGULARITY,short,0.7,0.3561697536914833,-0.1316469636920373,0.41351997900940585,0.4293819428363782
2025-08-29 16:00:00,108212.01,BULLISH_SINGULARITY,long,0.6,-0.642657453137198,0.0615080212056534,0.9544664611055005,-2.5757392316888152
2025-08-29 20:00:00,108377.4,BULLISH_SINGULARITY,long,0.6,-0.7684945150156616,0.1065179259550469,1.1358943829325332,-2.2007964033711844
2025-08-30 00:00:00,108436.2,BULLISH_SINGULARITY,long,0.6,-0.826383095552823,0.1377633362345751,1.2300505987398176,-1.9471722095281776
2025-08-30 04:00:00,108524.26,BULLISH_SINGULARITY,long,0.6,-0.803174850247795,0.1541530947413698,1.1437571543846348,-1.6926937191650984
2025-08-30 08:00:00,108680.01,BULLISH_SINGULARITY,long,0.6,-0.7713245495928104,0.1538493748967691,0.5385779558990268,-1.4059121904988707
2025-08-30 12:00:00,108869.98,BULLISH_SINGULARITY,long,0.6,-0.7277703400945494,0.1401944094079916,0.5885642363758226,-1.11740183317743
2025-08-30 16:00:00,108828.33,BULLISH_SINGULARITY,long,0.6,-0.6933734792857912,0.1171216925296003,0.26348618721172634,-1.0463602229357367
2025-08-30 20:00:00,108816.33,BULLISH_SINGULARITY,long,0.6,-0.6499194763126628,0.0935760121256518,0.31773525095792976,-0.9575430473934143
2025-08-31 00:00:00,109223.84,BULLISH_SINGULARITY,long,0.6,-0.5760261711056902,0.0655039960753078,0.7206988869860957,-0.5310622106991942
2025-08-31 04:00:00,108708.26,BULLISH_SINGULARITY,long,0.6,-0.422744464374906,0.0413572439110956,0.4974993314729847,-0.9061639364283008
2025-09-01 16:00:00,109217.64,BULLISH_SINGULARITY,long,0.6,-0.4760740318065498,0.023287612135092,0.6667709059605984,0.07687886123379592
2025-09-01 20:00:00,109237.42,BULLISH_SINGULARITY,long,0.6,-0.5184182718053967,0.0354461501861494,1.4388743514287827,0.08594769152692618
2025-09-02 00:00:00,110322.18,BULLISH_SINGULARITY,long,0.6,-0.4735874512774584,0.0389766857312472,1.4923277651309665,0.9759861074727663
2025-09-02 04:00:00,110233.92,BULLISH_SINGULARITY,long,0.6,-0.3576406308179115,0.0319296818965584,0.9440195664875175,0.8092558500509085
2025-09-03 04:00:00,111099.88,BEARISH_SINGULARITY,short,0.7,0.397710678091797,-0.0338642574229575,0.6434622572335598,0.9727907018013595
2025-09-03 08:00:00,111437.77,BEARISH_SINGULARITY,short,0.7,0.4166636808538325,-0.03224186132157,0.63628929280795,1.156577787009389
2025-09-03 12:00:00,112222.74,BEARISH_SINGULARITY,short,0.7,0.4336833685097903,-0.0302216211978624,1.420357788248189,1.688109731974864
2025-09-03 16:00:00,112193.74,BEARISH_SINGULARITY,short,0.7,0.5228213463087743,-0.0275396173639849,0.7774210970317674,1.5011863936988366
2025-09-03 20:00:00,111705.71,BEARISH_SINGULARITY,short,0.7,0.6539744280970713,-0.0316288378347989,0.38814924551638824,0.9577804443957649
2025-09-04 00:00:00,111148.97,BEARISH_SINGULARITY,short,0.7,0.8149550890482373,-0.0412074301939662,0.6046358005979585,0.4111339992211268
2025-09-04 04:00:00,110463.36,BEARISH_SINGULARITY,short,0.7,0.9059228787005932,-0.0523018742665059,0.9153657794991216,-0.18844577005004737
2025-09-04 08:00:00,110810.0,BEARISH_SINGULARITY,short,0.7,0.9870372456691516,-0.0662296119138201,0.5195106195374984,0.11287218088573006
2025-09-04 12:00:00,109510.31,BEARISH_SINGULARITY,short,0.7,0.9595783107924732,-0.0707098421747679,1.2658511858862884,-0.961241815925747
2025-09-04 16:00:00,109799.99,BEARISH_SINGULARITY,short,0.7,0.85410119092831,-0.0610143945247236,0.8978365284025687,-0.6330867638622139
2025-09-04 20:00:00,110730.87,BEARISH_SINGULARITY,short,0.7,0.7003169128914906,-0.046460143218319,0.8463131209436908,0.1893669312733992
2025-09-05 00:00:00,111311.77,BEARISH_SINGULARITY,short,0.7,0.4716210894862228,-0.0257522419508708,0.7062758632570026,0.646433512856428
2025-09-05 20:00:00,110659.99,BEARISH_SINGULARITY,short,0.7,0.6097920520830333,-0.0270096743746095,1.0098942366255668,-0.2832215897663522
2025-09-06 00:00:00,111082.22,BEARISH_SINGULARITY,short,0.7,0.6998876732829364,-0.0436367636543797,0.3338275052059753,0.08798348643402565
2025-09-06 04:00:00,110825.6,BEARISH_SINGULARITY,short,0.7,0.7680319494154517,-0.059430208663915,0.29243294796864916,-0.1296138230555878
2025-09-06 08:00:00,110781.02,BEARISH_SINGULARITY,short,0.7,0.7834969066484352,-0.0756687592709099,0.2739010339112355,-0.15364169758298313
2025-09-06 12:00:00,110384.15,BEARISH_SINGULARITY,short,0.7,0.7301231025153798,-0.0859443872761429,0.3959197004013461,-0.4628650675322376
2025-09-06 16:00:00,110038.41,BEARISH_SINGULARITY,short,0.7,0.5917108993894648,-0.0857561533279768,0.6235897639813041,-0.7013736559302258
2025-09-06 20:00:00,110187.97,BEARISH_SINGULARITY,short,0.7,0.3697256523198328,-0.0749375642637005,0.293819384925858,-0.5127434711790338
2025-09-07 16:00:00,111259.99,BULLISH_SINGULARITY,long,0.6,-0.5524373245307223,0.0274058909445968,0.4876118254795937,0.336463787349699
2025-09-07 20:00:00,111137.34,BULLISH_SINGULARITY,long,0.6,-0.558368483498322,0.0341460379838687,0.47684447132106234,0.20430158555798567
2025-09-08 00:00:00,111052.11,BULLISH_SINGULARITY,long,0.6,-0.4829804285247015,0.0370007702263392,0.9462725283319072,0.115303347996729
2025-09-08 04:00:00,111280.39,BULLISH_SINGULARITY,long,0.6,-0.4857472183584772,0.0325742096291457,0.7535990928123307,0.2904316074213888
2025-09-08 08:00:00,112052.43,BULLISH_SINGULARITY,long,0.6,-0.5142097119765877,0.0309401949237588,1.4982310762518352,0.8914620190225783
2025-09-08 12:00:00,112631.75,BULLISH_SINGULARITY,long,0.6,-0.5438304329301421,0.0297055746723071,1.6816599986792313,1.2767816998770398
2025-09-08 16:00:00,112097.31,BULLISH_SINGULARITY,long,0.6,-0.5504470292120278,0.0343338309090238,0.9442892785149065,0.7198448021069589
2025-09-08 20:00:00,112065.23,BULLISH_SINGULARITY,long,0.6,-0.5542317892088254,0.0399649473789373,0.836673400334305,0.6247981100586496
2025-09-09 00:00:00,111708.0,BULLISH_SINGULARITY,long,0.6,-0.581278870704437,0.0526654892724967,1.5571521161483448,0.2750012316342473
2025-09-09 04:00:00,112991.11,BULLISH_SINGULARITY,long,0.6,-0.5436787975631806,0.0618006827599404,2.1323127087582527,1.2891521591091633
2025-09-09 08:00:00,112433.59,BULLISH_SINGULARITY,long,0.6,-0.4456182630959323,0.0629188632998236,1.3061449409410406,0.713657093674725
2025-09-09 12:00:00,110880.76,BULLISH_SINGULARITY,long,0.6,-0.3829960572501151,0.0650254555608246,2.888088006725402,-0.6131979349464162
2025-09-12 20:00:00,116029.42,BULLISH_SINGULARITY,long,0.6,-0.5603252051864925,0.0270855472927339,0.8438159030817044,1.510545775020022
2025-09-13 00:00:00,115957.0,BULLISH_SINGULARITY,long,0.6,-0.6129528151397056,0.0488287180228995,0.892426910246084,1.3075581808454784
2025-09-13 04:00:00,115778.71,BULLISH_SINGULARITY,long,0.6,-0.6465978818855268,0.0679158472818818,0.4262905693784213,1.04095607714425
2025-09-13 08:00:00,115974.11,BULLISH_SINGULARITY,long,0.6,-0.629643360780302,0.0830258692239649,0.4975662848722725,1.0948405692220853
2025-09-13 12:00:00,115768.68,BULLISH_SINGULARITY,long,0.6,-0.5286965672850125,0.0938720992511303,0.568754822874369,0.8278289775796952
2025-09-13 16:00:00,115797.12,BULLISH_SINGULARITY,long,0.6,-0.3960923756474586,0.0973581579198135,0.6722445669006868,0.7707728431078822
2025-09-18 12:00:00,117583.56,LOW_OSCILLATION,long,0.6,-0.7607988833733069,0.007054367018813,1.0642264629514093,1.0321734160653966
2025-09-18 16:00:00,117450.21,BULLISH_SINGULARITY,long,0.6,-0.8932457374573024,0.0295487700779963,0.8361055147219159,0.8294793318084985
2025-09-18 20:00:00,117073.53,BULLISH_SINGULARITY,long,0.6,-0.9863690255242752,0.0545538079575373,0.6529802063964203,0.4576834170126261
2025-09-19 00:00:00,116977.58,BULLISH_SINGULARITY,long,0.6,-0.9899285288805456,0.0790377616187847,0.6380706630574847,0.3394821755709293
2025-09-19 04:00:00,116909.97,BULLISH_SINGULARITY,long,0.6,-0.9537670492615472,0.0913135809952151,0.7289035824244772,0.2546118714673609
2025-09-19 08:00:00,116394.72,BULLISH_SINGULARITY,long,0.6,-0.8556381998726509,0.0967570602956352,0.5842007910564682,-0.16943241254376962
2025-09-19 12:00:00,115884.03,BULLISH_SINGULARITY,long,0.6,-0.7235687522979161,0.0919762886380752,1.2265204390978877,-0.5499121639087715
2025-09-19 16:00:00,115125.12,BULLISH_SINGULARITY,long,0.6,-0.6501879955248384,0.0911574481144616,0.6513305603654788,-1.0880432130502196
2025-09-19 20:00:00,115632.38,BULLISH_SINGULARITY,long,0.6,-0.5802467880938101,0.0857744385991045,0.39052670745935963,-0.5904715355502772
2025-09-20 00:00:00,115445.0,BULLISH_SINGULARITY,long,0.6,-0.5958317618672219,0.0822376835839874,0.3643659414484349,-0.6804723855932961
2025-09-20 04:00:00,115968.56,BULLISH_SINGULARITY,long,0.6,-0.6707447704064823,0.0746480388076519,0.3906684285135758,-0.20818044688463208
2025-09-20 08:00:00,115894.06,BULLISH_SINGULARITY,long,0.6,-0.7966076931956015,0.0717596178118271,0.4172236173545329,-0.24641994523443445
2025-09-20 12:00:00,115986.69,BULLISH_SINGULARITY,long,0.6,-0.9102830352200922,0.072832781954379,0.4602568676654739,-0.1508391213033856
2025-09-20 16:00:00,115702.0,BULLISH_SINGULARITY,long,0.6,-1.015880013178614,0.0797150193472613,0.504464070448046,-0.3583479683129673
2025-09-20 20:00:00,115685.63,BULLISH_SINGULARITY,long,0.6,-1.0819323204582336,0.0902917940495702,0.40095074126737235,-0.3370942367887557
2025-09-21 00:00:00,115669.41,BULLISH_SINGULARITY,long,0.6,-1.1262067882008593,0.0989525503458196,0.6424170944329632,-0.31773894391502316
2025-09-21 04:00:00,115815.97,BULLISH_SINGULARITY,long,0.6,-1.0574036866519858,0.1076440216851182,0.5966227853286702,-0.1732352308141749
2025-09-21 08:00:00,115603.45,BULLISH_SINGULARITY,long,0.6,-0.9035021869254742,0.1072343627307967,0.6357014781627034,-0.3225805354432762
2025-09-21 12:00:00,115531.61,BULLISH_SINGULARITY,long,0.6,-0.7129643708577235,0.0967452388276653,0.5680222694109844,-0.34802970958358376
2025-09-21 16:00:00,115480.05,BULLISH_SINGULARITY,long,0.6,-0.5045964088949538,0.0794161234200658,0.6718564819010923,-0.35525444089715924
2025-09-21 20:00:00,115232.29,BULLISH_SINGULARITY,long,0.6,-0.3528546309540486,0.0546827682151681,0.510919113441992,-0.5151250010111857
2025-09-23 00:00:00,112339.99,BULLISH_SINGULARITY,long,0.6,-0.3817475223911127,0.0478901283848592,1.4455716549672275,-1.6978484531093685
2025-09-23 04:00:00,113090.13,BULLISH_SINGULARITY,long,0.6,-0.4454200864200647,0.0533883601369263,1.4366155022404876,-0.943195122258297
2025-09-23 08:00:00,112975.99,BULLISH_SINGULARITY,long,0.6,-0.4598015308615255,0.0541905887801258,1.0089783330540523,-0.9447604669500158
2025-09-23 12:00:00,112882.19,BULLISH_SINGULARITY,long,0.6,-0.3920333719162456,0.0447054719875366,1.0489449086748215,-0.930102520177473
2025-09-25 04:00:00,111766.72,BEARISH_SINGULARITY,short,0.7,0.3510707379084591,-0.0295471339627648,1.1394473566140793,-1.1685439198078695
2025-09-25 08:00:00,111348.0,BEARISH_SINGULARITY,short,0.7,0.4214387853350161,-0.0380891695500196,0.9035166338853362,-1.3942942303653179
2025-09-25 12:00:00,111580.77,BEARISH_SINGULARITY,short,0.7,0.5070226708389441,-0.0496845122315624,1.9693185870677123,-1.076221234229083
2025-09-25 16:00:00,109360.0,BEARISH_SINGULARITY,short,0.7,0.5323354265241772,-0.054402660995467,2.396064240912296,-2.763087032572207
2025-09-25 20:00:00,108994.49,BEARISH_SINGULARITY,short,0.7,0.4373635635805704,-0.0513889115625864,0.8406212402499301,-2.8022171590466676
2025-09-29 00:00:00,111857.51,BEARISH_SINGULARITY,short,0.7,0.3545264632503546,-0.0385408225756717,1.4502426865555131,1.3122172096902152
2025-09-29 04:00:00,111865.95,BEARISH_SINGULARITY,short,0.7,0.4846996733810367,-0.0435349792202885,1.1658785597962793,1.1926612474796052
2025-09-29 08:00:00,112100.0,BEARISH_SINGULARITY,short,0.7,0.5401670490544025,-0.0487019765743164,1.3621454891352491,1.2689325061637664
2025-09-29 12:00:00,113815.57,BEARISH_SINGULARITY,short,0.7,0.6336521972194467,-0.0554111125529606,3.0485202637188324,2.543464809475803
2025-09-29 16:00:00,114265.55,BEARISH_SINGULARITY,short,0.7,0.7654088730390721,-0.0667504741253252,1.6330018236225865,2.6605617941714335
2025-09-29 20:00:00,114311.96,BEARISH_SINGULARITY,short,0.7,0.9161678580449188,-0.0803390648847629,0.954491533365113,2.4386243930813967
2025-09-30 00:00:00,114376.39,BEARISH_SINGULARITY,short,0.7,1.089785759909492,-0.0982000101149772,1.5622726100430362,2.253256319309817
2025-09-30 04:00:00,113699.23,BEARISH_SINGULARITY,short,0.7,1.2600666099399618,-0.1154327497961524,1.3930374742413105,1.4885944846419727
2025-09-30 08:00:00,113055.01,BEARISH_SINGULARITY,short,0.7,1.3735266099817551,-0.1268854709870958,1.6287028316353922,0.8258357279552061
2025-09-30 12:00:00,113106.16,BEARISH_SINGULARITY,short,0.7,1.379625782682854,-0.1270135844836061,1.5284525719064228,0.7878034774445656
2025-09-30 16:00:00,114359.99,BEARISH_SINGULARITY,short,0.7,1.3705655696021868,-0.1239028513095225,1.3226652530434286,1.720521478279649
2025-09-30 20:00:00,114048.93,BEARISH_SINGULARITY,short,0.7,1.3234538981341706,-0.116896847008322,1.0096637392635288,1.3045384113659209
2025-10-01 00:00:00,114176.92,BEARISH_SINGULARITY,short,0.7,1.2398046064634378,-0.1059442618754087,1.0056236723616,1.2814262044638058
2025-10-01 04:00:00,114539.02,BEARISH_SINGULARITY,short,0.7,1.0845764652309156,-0.0856251378977006,0.9469262567596733,1.447788351170229
2025-10-01 08:00:00,116789.58,BEARISH_SINGULARITY,short,0.7,0.948272888419297,-0.0700604772395167,2.2412637385032337,3.103224857309015
2025-10-01 12:00:00,117423.73,BEARISH_SINGULARITY,short,0.7,0.8725464229301639,-0.0615394506683987,1.7890298226649457,3.3026753265433815
2025-10-01 16:00:00,117439.53,BEARISH_SINGULARITY,short,0.7,0.8078627687139808,-0.057113081544154,1.4268999300460412,2.9912626202935244
2025-10-01 20:00:00,118594.99,BEARISH_SINGULARITY,short,0.7,0.7844386533177055,-0.0600652452736593,0.8969065053352752,3.6094160689553187
2025-10-02 00:00:00,118733.99,BEARISH_SINGULARITY,short,0.7,0.8085336274810345,-0.0671246226435213,1.4556526703061958,3.3635814301492957
2025-10-02 04:00:00,118489.76,BEARISH_SINGULARITY,short,0.7,0.8425842163215977,-0.0752711937217649,0.6264832229402423,2.8423457976991173
2025-10-02 08:00:00,118765.73,BEARISH_SINGULARITY,short,0.7,0.8449341568802928,-0.0811807728382564,0.5238269893064658,2.780200170005313
2025-10-02 12:00:00,119910.78,BEARISH_SINGULARITY,short,0.7,0.826689970412964,-0.0840132971853564,1.7281875066569399,3.399764054661556
2025-10-02 16:00:00,120836.49,BEARISH_SINGULARITY,short,0.7,0.819648588776154,-0.0865371825324028,1.5769228133114217,3.7830736598385326
2025-10-02 20:00:00,120529.35,BEARISH_SINGULARITY,short,0.7,0.8039971536499956,-0.087923244402594,0.7742020968685157,3.17347371092946
2025-10-03 00:00:00,120225.89,BEARISH_SINGULARITY,short,0.7,0.7854121384093111,-0.0860687116237975,0.7752788697193159,2.6289196226364537
2025-10-03 04:00:00,119640.21,BEARISH_SINGULARITY,short,0.7,0.7233403263556512,-0.0792823028435962,0.773482447233619,1.922307162467383
2025-10-03 08:00:00,120334.5,BEARISH_SINGULARITY,short,0.7,0.5989826190717772,-0.0661096742425397,1.1502998488343945,2.2689381381843785
2025-10-03 12:00:00,122258.05,BEARISH_SINGULARITY,short,0.7,0.4727867217797255,-0.0513254156654321,1.5676431566364253,3.5188453753540814
2025-10-03 16:00:00,122660.99,BEARISH_SINGULARITY,short,0.7,0.3746813651402899,-0.0379070403604678,2.7200078107952175,3.479611243593237
2025-10-06 08:00:00,124215.0,BULLISH_SINGULARITY,long,0.6,-0.358772814620885,0.0317321601380146,0.9239220199335617,1.5902444387512076
2025-10-06 12:00:00,125000.0,BULLISH_SINGULARITY,long,0.6,-0.4136926457707922,0.0368663952809891,1.4687867445504037,2.015381938609095
2025-10-06 16:00:00,125410.81,BULLISH_SINGULARITY,long,0.6,-0.4349566335232456,0.0382675274612763,1.4884326734496307,2.1220310655648333
2025-10-06 20:00:00,124658.54,BULLISH_SINGULARITY,long,0.6,-0.4498326766750868,0.0375610650813551,0.7248137989961472,1.363739209093396
2025-10-07 00:00:00,124329.74,BULLISH_SINGULARITY,long,0.6,-0.4585713910852601,0.036352081152581,0.6686714772110123,0.9909296880156406
2025-10-07 04:00:00,123667.99,BULLISH_SINGULARITY,long,0.6,-0.49311589958738,0.0384144740916478,0.9097686839223857,0.410043286389077
2025-10-07 08:00:00,124453.38,BULLISH_SINGULARITY,long,0.6,-0.4971863007577235,0.0387465995614905,0.8940515484116474,0.9469983873452313
2025-10-07 12:00:00,121846.01,BULLISH_SINGULARITY,long,0.6,-0.5309259177477875,0.0436696353327408,2.4317473066908772,-1.057847493354022
2025-10-07 16:00:00,121637.17,BULLISH_SINGULARITY,long,0.6,-0.5922875005652081,0.0531431772797372,1.7623689932981765,-1.1118325624308387
2025-10-07 20:00:00,121332.95,BULLISH_SINGULARITY,long,0.6,-0.6859973595598463,0.0669887729653505,0.5729369045228989,-1.2313066797506675
2025-10-08 00:00:00,121374.75,BULLISH_SINGULARITY,long,0.6,-0.7998449514421886,0.0839733532231595,0.725324811584146,-1.0844901357736783
2025-10-08 04:00:00,121597.06,BULLISH_SINGULARITY,long,0.6,-0.9385280171126962,0.1031085048867523,0.7826769111610912,-0.8179900583773193
2025-10-08 08:00:00,122884.14,BULLISH_SINGULARITY,long,0.6,-1.0455931124184985,0.1166949979670958,1.010804880083144,0.2097057577361085
2025-10-08 12:00:00,122189.72,BULLISH_SINGULARITY,long,0.6,-1.1535792113076175,0.1272585133923297,1.0628651665983582,-0.32273022919708116
2025-10-08 16:00:00,123450.0,BULLISH_SINGULARITY,long,0.6,-1.216017124369165,0.1297004130650025,1.2084384978097278,0.6377486072358924
2025-10-08 20:00:00,123306.0,BULLISH_SINGULARITY,long,0.6,-1.1820305516245275,0.122373571983172,0.43826977021093355,0.4705671459445507
2025-10-09 00:00:00,122038.01,BULLISH_SINGULARITY,long,0.6,-1.1283233185051662,0.1070751565641385,0.7496409177858124,-0.5092916838218468
2025-10-09 04:00:00,121906.1,BULLISH_SINGULARITY,long,0.6,-1.0889938294787709,0.0898054496225981,0.4687808666094385,-0.5584127538062013
2025-10-09 08:00:00,122737.57,BULLISH_SINGULARITY,long,0.6,-1.0120484837776624,0.0687430316171926,0.8735394094876858,0.10841094293181032
2025-10-09 12:00:00,121147.14,BULLISH_SINGULARITY,long,0.6,-0.9778085359190246,0.0515314130034945,1.991793342497357,-1.076791976284153
2025-10-09 16:00:00,120951.72,BULLISH_SINGULARITY,long,0.6,-1.00599296725725,0.0455895648424401,1.7808844445239271,-1.1199328522022838
2025-10-09 20:00:00,121662.4,BULLISH_SINGULARITY,long,0.6,-1.0727866329312752,0.047349262206055,0.7029685281033357,-0.4878627792796837
2025-10-10 00:00:00,121026.01,BULLISH_SINGULARITY,long,0.6,-1.176065891299746,0.0601372673616499,0.649500633664997,-0.9132294355885553
2025-10-10 04:00:00,120932.05,BULLISH_SINGULARITY,long,0.6,-1.3107464307688876,0.0830153299448867,0.7913243256902585,-0.8967016055365403
2025-10-10 08:00:00,121554.55,BULLISH_SINGULARITY,long,0.6,-1.3488160110950247,0.1041364462369272,0.4807111226382789,-0.3498785618082296
2025-10-10 12:00:00,119018.98,BULLISH_SINGULARITY,long,0.6,-1.3150081231415511,0.1191666427400222,2.220587500178642,-2.2023375578718243
2025-10-10 16:00:00,116661.5,BULLISH_SINGULARITY,long,0.6,-1.1758603312642533,0.1232825101162155,2.225770172359241,-3.760062112461547
2025-10-10 20:00:00,112774.5,BULLISH_SINGULARITY,long,0.6,-1.062105176870969,0.1246307728711602,7.564454920395598,-6.345254103972993
2025-10-11 00:00:00,112300.01,BULLISH_SINGULARITY,long,0.6,-0.9409993070470948,0.1195843780657166,1.985954647165604,-6.136849830046606
2025-10-11 04:00:00,110384.61,BULLISH_SINGULARITY,long,0.6,-0.9065594009360388,0.1190155352788581,1.176536082615425,-7.05283124832399
2025-10-11 08:00:00,112280.0,BULLISH_SINGULARITY,long,0.6,-0.8758325997322012,0.1150317123623627,0.9490983771030373,-4.962947658420422
2025-10-11 12:00:00,111793.2,BULLISH_SINGULARITY,long,0.6,-0.8447300815358614,0.1081384138945614,0.5845425843928906,-4.888107977496802
2025-10-11 16:00:00,111178.31,BULLISH_SINGULARITY,long,0.6,-0.8108935148762021,0.1000459788748027,0.49949607387108563,-4.921251874566858
2025-10-11 20:00:00,110644.4,BULLISH_SINGULARITY,long,0.6,-0.7804251521884239,0.0921523517443423,0.636878998415674,-4.890720350133526
2025-10-12 00:00:00,110676.0,BULLISH_SINGULARITY,long,0.6,-0.760613996794238,0.0853118960872154,0.7517249172673295,-4.420838396534811
2025-10-12 04:00:00,111525.2,BULLISH_SINGULARITY,long,0.6,-0.738994409383716,0.077694330453327,0.4244549640511518,-3.348044043086487
2025-10-12 08:00:00,111848.36,BULLISH_SINGULARITY,long,0.6,-0.70935152898148,0.0727664847375291,0.4351508726136527,-2.7839269844823793
2025-10-12 12:00:00,113198.2,BULLISH_SINGULARITY,long,0.6,-0.6593047315889196,0.066616701058824,1.3191831453181384,-1.4595175937466176
2025-10-12 16:00:00,114342.28,BULLISH_SINGULARITY,long,0.6,-0.5838088629594316,0.057255151788044,0.9431674584410835,-0.41961596820873975
2025-10-12 20:00:00,114958.8,BULLISH_SINGULARITY,long,0.6,-0.4743549610162679,0.0448121781438318,0.8933645906755225,0.1061254376625061
2025-10-14 04:00:00,111724.41,BEARISH_SINGULARITY,short,0.7,0.3837534893151854,-0.0518228549553347,1.2572069854416188,-2.4033028540879244
2025-10-14 08:00:00,111313.98,BEARISH_SINGULARITY,short,0.7,0.3614174731652726,-0.0477651310035879,1.1267612355125112,-2.5053916125309343
2025-10-15 16:00:00,111271.73,BEARISH_SINGULARITY,short,0.7,0.4297820636288065,-0.02041737060043,0.6845568670096801,-1.5058182488318375
2025-10-15 20:00:00,110763.28,BEARISH_SINGULARITY,short,0.7,0.5093442891269465,-0.0283309893803268,0.5337401703158565,-1.7729099578123741
2025-10-16 00:00:00,111329.48,BEARISH_SINGULARITY,short,0.7,0.6041714305593175,-0.0389602693242103,0.6285609449878707,-1.151157849737742
2025-10-16 04:00:00,110584.2,BEARISH_SINGULARITY,short,0.7,0.6663942061016785,-0.0494786214714479,0.7442672541105334,-1.6430687880453887
2025-10-16 08:00:00,111404.72,BEARISH_SINGULARITY,short,0.7,0.7366026082921666,-0.062159356865172,1.2519072423131905,-0.8270143864911308
2025-10-16 12:00:00,108549.21,BEARISH_SINGULARITY,short,0.7,0.7665790035672789,-0.0704657463396816,1.8503868433506054,-3.0579566203056965
2025-10-16 16:00:00,108197.66,BEARISH_SINGULARITY,short,0.7,0.7526674189288631,-0.0733591446106339,1.7773268113938387,-3.060609263389728
2025-10-16 20:00:00,108194.28,BEARISH_SINGULARITY,short,0.7,0.7042657426134887,-0.069953525200349,0.5031505085765907,-2.779973827555619
2025-10-17 00:00:00,109176.74,BEARISH_SINGULARITY,short,0.7,0.690185698954993,-0.06765081190483,0.5454268128901983,-1.7195902738486892
2025-10-17 04:00:00,105633.75,BEARISH_SINGULARITY,short,0.7,0.6551103425138806,-0.0617073905378139,1.6857404581024493,-4.462314865902274
2025-10-17 08:00:00,105683.72,BEARISH_SINGULARITY,short,0.7,0.5832107950349553,-0.0527006316749446,2.6340680275935764,-4.013325818822744
2025-10-17 12:00:00,106803.53,BEARISH_SINGULARITY,short,0.7,0.5292008899858973,-0.043814074777972,1.4645416646776606,-2.718663795093284
2025-10-17 16:00:00,106454.72,BEARISH_SINGULARITY,short,0.7,0.4982713634244897,-0.0367269385335699,0.7403591429583637,-2.75516398206753
2025-10-17 20:00:00,106431.68,BEARISH_SINGULARITY,short,0.7,0.49095158796742,-0.0322937590817379,0.3605870581070626,-2.518468525104233
2025-10-18 00:00:00,107070.4,BEARISH_SINGULARITY,short,0.7,0.4995706540964485,-0.0347178791801181,0.5579015895941808,-1.7525483879322905
2025-10-18 04:00:00,106665.0,BEARISH_SINGULARITY,short,0.7,0.5153408248525874,-0.0397696644827768,0.6174394660159471,-1.9261019920377254
2025-10-18 08:00:00,107208.6,BEARISH_SINGULARITY,short,0.7,0.5602094015851565,-0.0481685423751324,0.49081057217268237,-1.2922036919403193
2025-10-18 12:00:00,106948.75,BEARISH_SINGULARITY,short,0.7,0.6020516664675726,-0.0588125745898761,0.30591833700144705,-1.3876211521064634
2025-10-18 16:00:00,107080.14,BEARISH_SINGULARITY,short,0.7,0.6456972663336857,-0.0691941054068366,0.20157309308972793,-1.1472399706408232
2025-10-18 20:00:00,107185.01,BEARISH_SINGULARITY,short,0.7,0.697209995046165,-0.0781929005687787,0.19022834893212306,-0.9513385451313006
2025-10-19 00:00:00,107275.78,BEARISH_SINGULARITY,short,0.7,0.7593394842984679,-0.0868035931032172,0.2569182839865265,-0.7854926484139723
2025-10-19 04:00:00,106786.0,BEARISH_SINGULARITY,short,0.7,0.7789157479337384,-0.0913800377871504,0.30716713571534704,-1.1218418484143784
2025-10-19 08:00:00,107783.47,BEARISH_SINGULARITY,short,0.7,0.763691959855655,-0.0921804266749053,1.2111382825971577,-0.17939175545586675
2025-10-19 12:00:00,108486.7,BEARISH_SINGULARITY,short,0.7,0.7475262114797756,-0.0894560790776122,0.8649022915716255,0.4267515960774907
2025-10-19 16:00:00,108908.43,BEARISH_SINGULARITY,short,0.7,0.7601951966741639,-0.0866850015149199,0.5983789883136338,0.7387507616874506
2025-10-19 20:00:00,108642.78,BEARISH_SINGULARITY,short,0.7,0.776651947808593,-0.0808684154261448,0.5460874204873566,0.445863854630624
2025-10-20 00:00:00,110145.44,BEARISH_SINGULARITY,short,0.7,0.8051311136876981,-0.0779627102781288,1.0455365694406515,1.6574775380648392
2025-10-20 04:00:00,111169.92,BEARISH_SINGULARITY,short,0.7,0.847561876374259,-0.0835227759428315,1.0995272271616228,2.3492799875810273
2025-10-20 08:00:00,111016.75,BEARISH_SINGULARITY,short,0.7,0.8911757829517468,-0.092012648125587,0.9432642124307166,1.993759212975743
2025-10-20 12:00:00,111144.55,BEARISH_SINGULARITY,short,0.7,0.9471754994990474,-0.1018362630551237,0.8816218236144319,1.9062753000477002
2025-10-20 16:00:00,110803.22,BEARISH_SINGULARITY,short,0.7,0.9943324881289094,-0.1114737940906918,1.281484694638985,1.4393878484707139
2025-10-20 20:00:00,110532.09,BEARISH_SINGULARITY,short,0.7,1.0473424555762867,-0.1221047836217504,0.5303053419799716,1.0765046169710395
2025-10-21 00:00:00,109059.22,BEARISH_SINGULARITY,short,0.7,1.0755584459032352,-0.1284377986693904,0.9620624732692545,-0.2446809010390571
2025-10-21 04:00:00,108086.37,BEARISH_SINGULARITY,short,0.7,1.03594449332416,-0.1253010303850135,1.8558284137665602,-1.0275957718673723
2025-10-21 08:00:00,108580.01,BEARISH_SINGULARITY,short,0.7,0.8458172473205453,-0.1035649692538062,1.118598662311113,-0.521048534167739
2025-10-21 12:00:00,113422.61,BEARISH_SINGULARITY,short,0.7,0.7199190683685799,-0.0874028149674401,3.307540779786577,3.5295685121396034
2025-10-21 16:00:00,111780.39,BEARISH_SINGULARITY,short,0.7,0.6628542964588156,-0.0811218395212252,3.1162015490698027,1.8336522128381223
2025-10-21 20:00:00,108297.67,BEARISH_SINGULARITY,short,0.7,0.5542879525616616,-0.0708817534276,1.6758230474806761,-1.213167490812123
2025-10-22 00:00:00,108216.02,BEARISH_SINGULARITY,short,0.7,0.4273188580587018,-0.0542403762229392,1.2510702060105625,-1.1664442945669125
2025-10-25 12:00:00,111385.18,BULLISH_SINGULARITY,long,0.6,-0.4940561544651324,0.0358168080032636,0.4374737906767873,0.9117939753908286
2025-10-25 16:00:00,111623.45,BULLISH_SINGULARITY,long,0.6,-0.5489718742485907,0.0564976745507966,0.3549927572383025,1.0191690753026583
2025-10-25 20:00:00,111646.27,BULLISH_SINGULARITY,long,0.6,-0.5580744784193863,0.0750678211711047,0.2411298176031565,0.9398598286369134
2025-10-26 00:00:00,111260.46,BULLISH_SINGULARITY,long,0.6,-0.5482925430701895,0.0907750928993703,0.4673277578538588,0.5344563188040257
2025-10-26 04:00:00,111723.98,BULLISH_SINGULARITY,long,0.6,-0.4856211271711869,0.1032422698869818,0.32720457844908435,0.8617189637715246
2025-10-26 08:00:00,113286.09,BULLISH_SINGULARITY,long,0.6,-0.3515618054055384,0.1052587036700981,1.447025760407173,2.0511394762448907
2025-10-27 04:00:00,115554.6,BEARISH_SINGULARITY,short,0.7,0.5635786734067567,-0.0261097873077355,2.5116524763777908,2.7953354212535064
2025-10-27 08:00:00,115362.02,BEARISH_SINGULARITY,short,0.7,0.6471977151611932,-0.0574967000869222,1.6168692007404466,2.3681947387800344
2025-10-27 12:00:00,114969.68,BEARISH_SINGULARITY,short,0.7,0.6960858661834098,-0.078207018595902,1.8888132966414475,1.8241513003147285
2025-10-27 16:00:00,114942.64,BEARISH_SINGULARITY,short,0.7,0.7068940261194882,-0.094977830561045,0.9437499183136332,1.6259674346345339
2025-10-27 20:00:00,114107.65,BEARISH_SINGULARITY,short,0.7,0.6744007146266308,-0.1010926654869251,1.003641973378769,0.8024923886922951
2025-10-28 00:00:00,113908.24,BEARISH_SINGULARITY,short,0.7,0.5454039269054655,-0.099998408053635,0.9648749571734407,0.5663452714793538
2025-10-28 04:00:00,114188.37,BEARISH_SINGULARITY,short,0.7,0.3513465707660994,-0.0867750380629698,0.9589838377304196,0.7356022321412874
2025-10-28 20:00:00,112898.45,BULLISH_SINGULARITY,long,0.6,-0.3994597240863834,0.0204676173172934,1.2253731283745704,-0.5397159234546008
2025-10-29 00:00:00,112523.49,BULLISH_SINGULARITY,long,0.6,-0.5317131044882326,0.0476636930820534,0.7824450007836176,-0.7878362826509133
2025-10-29 04:00:00,113577.9,BULLISH_SINGULARITY,long,0.6,-0.6187223732627701,0.067123571002485,0.7468266972334671,0.1283131116713864
2025-10-29 08:00:00,113132.36,BULLISH_SINGULARITY,long,0.6,-0.6545116681169261,0.0772091040541701,0.71045731656746,-0.23934017619380274
2025-10-29 12:00:00,111509.74,BULLISH_SINGULARITY,long,0.6,-0.6750849914098723,0.0820086934997866,1.5502943326842384,-1.5135175510202417
2025-10-29 16:00:00,110640.0,BULLISH_SINGULARITY,long,0.6,-0.6884202984305702,0.0838278680371152,2.412526157684436,-2.068873174660672
2025-10-29 20:00:00,110021.29,BULLISH_SINGULARITY,long,0.6,-0.7488821773457242,0.0861511200160883,0.8362479646610524,-2.37323599002445
2025-10-30 00:00:00,110751.47,BULLISH_SINGULARITY,long,0.6,-0.813600360585873,0.0902694459546554,0.7284757617128346,-1.563568413331913
2025-10-30 04:00:00,111366.72,BULLISH_SINGULARITY,long,0.6,-0.8461839344127257,0.088415169863286,1.9653716394073666,-0.92079136106748
2025-10-30 08:00:00,109717.29,BULLISH_SINGULARITY,long,0.6,-0.8991081571405254,0.081567501423564,0.8911687385598726,-2.165708622877658
2025-10-30 12:00:00,107711.56,BULLISH_SINGULARITY,long,0.6,-0.9820290990319468,0.0792147748545388,1.9323720528443569,-3.591139589791703
2025-10-30 16:00:00,106536.39,BULLISH_SINGULARITY,long,0.6,-1.1482675588171922,0.0929772818293658,1.2770385558593946,-4.219461461928054
2025-10-30 20:00:00,108322.88,BULLISH_SINGULARITY,long,0.6,-1.3100644967334554,0.1146984020971043,0.9489162882590423,-2.3703449777881893
2025-10-31 00:00:00,109227.86,BULLISH_SINGULARITY,long,0.6,-1.423982863442907,0.1348028166517519,1.2098961013741778,-1.4087202478880712
2025-10-31 04:00:00,109449.31,BULLISH_SINGULARITY,long,0.6,-1.5351067814155148,0.1504044058614535,1.022805026137814,-1.0949684545087364
2025-10-31 08:00:00,110415.61,BULLISH_SINGULARITY,long,0.6,-1.573483517026893,0.1592333568138066,0.6909683603076989,-0.200683466244956
2025-10-31 12:00:00,110202.9,BULLISH_SINGULARITY,long,0.6,-1.5530103311830323,0.1594593608728427,1.640211460790405,-0.3556517967761119
2025-10-31 16:00:00,109828.78,BULLISH_SINGULARITY,long,0.6,-1.4581911656636857,0.1537092885262008,1.0015252159046524,-0.6282542055439821
2025-10-31 20:00:00,109608.01,BULLISH_SINGULARITY,long,0.6,-1.3493742553822017,0.1427948836548183,0.3565324683151745,-0.7497378995306675
2025-11-01 00:00:00,110226.37,BULLISH_SINGULARITY,long,0.6,-1.189347817842085,0.1268904044306391,0.363758529496377,-0.17176548217532017
2025-11-01 04:00:00,110071.4,BULLISH_SINGULARITY,long,0.6,-0.982166168205454,0.1081862089142744,0.3578896858238109,-0.28247507173786585
2025-11-01 08:00:00,110137.59,BULLISH_SINGULARITY,long,0.6,-0.7761346188129552,0.0862976810758562,0.3211719998604731,-0.20136236458810083
2025-11-01 12:00:00,110310.65,BULLISH_SINGULARITY,long,0.6,-0.5680605599599166,0.0644936202031474,0.4379618913606324,-0.0403070759926184
2025-11-01 16:00:00,110299.99,BULLISH_SINGULARITY,long,0.6,-0.3954129938649354,0.0430032462187638,0.361501136733048,-0.045210207698584706
2025-11-04 20:00:00,101497.22,BULLISH_SINGULARITY,long,0.6,-0.4367621740758383,0.0363634669574418,2.615300462547725,-4.545081004402545
2025-11-05 00:00:00,102130.0,BULLISH_SINGULARITY,long,0.6,-0.5139059189273278,0.0487431817041553,2.1340935299168855,-3.5872786112445953
2025-11-05 04:00:00,101993.02,BULLISH_SINGULARITY,long,0.6,-0.5655567054124931,0.0576097980534551,0.8713904498771712,-3.374574099568871
2025-11-05 08:00:00,102070.61,BULLISH_SINGULARITY,long,0.6,-0.6183198288935928,0.0663689777538433,0.6521208305330114,-2.9960994177766502
2025-11-05 12:00:00,103728.3,BULLISH_SINGULARITY,long,0.6,-0.6093771607068356,0.0699069956328246,1.136897806313319,-1.287133094549474
2025-11-05 16:00:00,104008.09,BULLISH_SINGULARITY,long,0.6,-0.5500613277377209,0.0644758992741951,0.9577618031042773,-0.9245444476772854
2025-11-05 20:00:00,103885.16,BULLISH_SINGULARITY,long,0.6,-0.4588140887374688,0.0529772121474642,0.4646376668442248,-0.9433760697332415
2025-11-07 04:00:00,102010.0,BEARISH_SINGULARITY,short,0.7,0.4377364619830858,-0.0307974567151348,0.5228239330819034,-1.3456810908817765
2025-11-07 08:00:00,100411.89,BEARISH_SINGULARITY,short,0.7,0.4208447950904195,-0.0345147219112082,1.1031211520720758,-2.623088763740093
2025-11-07 12:00:00,100797.95,BEARISH_SINGULARITY,short,0.7,0.3789886917903661,-0.0281926665565665,1.4355931402027777,-2.038902417210143
2025-11-07 16:00:00,103395.25,BEARISH_SINGULARITY,short,0.7,0.3643733489927186,-0.0258317958227414,1.1227131983826366,0.43887747677726674
2025-11-07 20:00:00,103339.08,BEARISH_SINGULARITY,short,0.7,0.3890507978691494,-0.0298433565337603,0.5048012502792113,0.34758503106400807
2025-11-08 00:00:00,102592.76,BEARISH_SINGULARITY,short,0.7,0.452377796932306,-0.0378224146954587,0.45200347924303147,-0.34133567489657124
2025-11-08 04:00:00,102352.96,BEARISH_SINGULARITY,short,0.7,0.5285223698471574,-0.0509137827118385,0.4249808848278083,-0.5198687630953264
2025-11-08 08:00:00,101857.1,BEARISH_SINGULARITY,short,0.7,0.6184230428594395,-0.0644529655402308,0.4229561428328855,-0.9072660862255636
2025-11-08 12:00:00,101711.45,BEARISH_SINGULARITY,short,0.7,0.7116227882368346,-0.0764980335947912,0.7180056095202474,-0.9500110123080148
2025-11-08 16:00:00,101989.65,BEARISH_SINGULARITY,short,0.7,0.78650640133168,-0.0866544092182244,0.5056640581704214,-0.6148129460543353
2025-11-08 20:00:00,102312.94,BEARISH_SINGULARITY,short,0.7,0.8500460951394818,-0.095184468094005,0.23589897100441942,-0.27130576528983985
2025-11-09 00:00:00,101662.05,BEARISH_SINGULARITY,short,0.7,0.8892657770131208,-0.0973376407175341,0.5741873713393693,-0.8202005268441683
2025-11-09 04:00:00,101944.59,BEARISH_SINGULARITY,short,0.7,0.8976916593417478,-0.094269815572531,0.2996789214006263,-0.49295209381616895
2025-11-09 08:00:00,102239.41,BEARISH_SINGULARITY,short,0.7,0.8645597807665872,-0.0841050844294322,0.5101730691411793,-0.1856765755913353
2025-11-09 12:00:00,103762.17,BEARISH_SINGULARITY,short,0.7,0.8379705066673881,-0.0716887271255121,1.2793195830384492,1.1756061086734748
2025-11-09 16:00:00,104805.57,BEARISH_SINGULARITY,short,0.7,0.8574827502303841,-0.065274647608194,0.7690908382758446,1.980004253006295
2025-11-09 20:00:00,104722.96,BEARISH_SINGULARITY,short,0.7,0.8767014928406581,-0.0633856415520846,1.0617095575204112,1.7156012955949076
2025-11-10 00:00:00,106027.97,BEARISH_SINGULARITY,short,0.7,0.9348336347931884,-0.0700397387824621,1.8325127151913254,2.6913804356280955
2025-11-10 04:00:00,106461.45,BEARISH_SINGULARITY,short,0.7,1.0641097410885472,-0.0858018440413919,0.7671736984164703,2.806596544315936
2025-11-10 08:00:00,106176.5,BEARISH_SINGULARITY,short,0.7,1.2352109998388758,-0.1128597140155864,0.6893652031060056,2.2848320238277453
2025-11-10 12:00:00,105079.99,BEARISH_SINGULARITY,short,0.7,1.3467653899018257,-0.138200727466469,1.610948873066641,1.110212082270009
2025-11-10 16:00:00,105817.99,BEARISH_SINGULARITY,short,0.7,1.407664437392826,-0.1590542430351416,0.8206073555022515,1.6441162334626762
2025-11-10 20:00:00,106011.13,BEARISH_SINGULARITY,short,0.7,1.3916534791418875,-0.1715961476673603,0.8701676886267541,1.6525072831229801
2025-11-11 00:00:00,106456.0,BEARISH_SINGULARITY,short,0.7,1.3615265738259832,-0.1794638839864605,1.6641939269156418,1.8773609844497454
2025-11-11 04:00:00,104783.98,BEARISH_SINGULARITY,short,0.7,1.24074297061142,-0.1717612282339804,1.1116501905944833,0.2507826718053397
2025-11-11 08:00:00,105311.9,BEARISH_SINGULARITY,short,0.7,1.1080871458309391,-0.1574571160793507,0.6110541370051449,0.6833846708458835
2025-11-11 12:00:00,103455.99,BEARISH_SINGULARITY,short,0.7,0.9220776203725278,-0.1311250382039788,2.687223482891502,-0.9880830255968978
2025-11-11 16:00:00,103126.39,BEARISH_SINGULARITY,short,0.7,0.71356061754066,-0.0951870372423481,0.7653258608764207,-1.180845428307992
2025-11-11 20:00:00,103058.99,BEARISH_SINGULARITY,short,0.7,0.5000697906683597,-0.0557790445978401,0.8274818654927114,-1.128156079378812
2025-11-14 08:00:00,96167.44,BULLISH_SINGULARITY,long,0.6,-0.3656108695230879,0.0667813928361895,1.0711532368386674,-4.906673639173794
2025-11-14 12:00:00,96796.14,BULLISH_SINGULARITY,long,0.6,-0.4364396555919201,0.0857958293776224,2.6231487350371236,-3.8927871498894673
2025-11-14 16:00:00,95778.29,BULLISH_SINGULARITY,long,0.6,-0.4566008941153718,0.0958765985698908,0.9927884790490924,-4.457217767132108
2025-11-14 20:00:00,94594.0,BULLISH_SINGULARITY,long,0.6,-0.5349142812520392,0.1026769750755011,0.9443282652090031,-5.129130515566972
2025-11-15 00:00:00,96417.12,BULLISH_SINGULARITY,long,0.6,-0.5830565602164893,0.10056606268188,0.7881659511245503,-2.9957415519349144
2025-11-15 04:00:00,96333.86,BULLISH_SINGULARITY,long,0.6,-0.5695396354511432,0.0898206965373195,0.4589262660143857,-2.794417689511832
2025-11-15 08:00:00,95696.87,BULLISH_SINGULARITY,long,0.6,-0.5406427003397817,0.0739298706978444,0.4227347070105922,-3.12003552572119
2025-11-15 12:00:00,96260.0,BULLISH_SINGULARITY,long,0.6,-0.4815885752046997,0.0518417679635491,0.36017586359309905,-2.312708267439658
2025-11-15 16:00:00,96012.01,BULLISH_SINGULARITY,long,0.6,-0.4332730294149426,0.0257246378646062,0.3460650137606526,-2.325829393678316
2025-11-16 12:00:00,94573.46,LOW_OSCILLATION,long,0.6,-0.5188932433712748,-0.0080016045715345,0.5144444084564758,-2.697275029048208
2025-11-16 16:00:00,94020.0,LOW_OSCILLATION,long,0.6,-0.5689232746216395,0.0004733228104925,1.724554899295272,-2.964816172568695
2025-11-17 00:00:00,95496.77,BULLISH_SINGULARITY,long,0.6,-0.7613328296449674,0.0310866910670712,0.8559347347418327,-1.0734631251294615
2025-11-17 04:00:00,95653.77,BULLISH_SINGULARITY,long,0.6,-0.8338684622554619,0.0442054185512893,0.8147971061565912,-0.8247947516868073
2025-11-17 08:00:00,95565.38,BULLISH_SINGULARITY,long,0.6,-0.8351658708634958,0.0496634827900962,0.743920034867855,-0.8298832133732073
2025-11-17 12:00:00,93959.67,BULLISH_SINGULARITY,long,0.6,-0.7691957501125378,0.0465075200282693,1.8211390192998689,-2.2638129294499483
2025-11-17 16:00:00,91678.93,BULLISH_SINGULARITY,long,0.6,-0.7427492350948773,0.0437912318224869,2.457005983877765,-4.213281138066161
2025-11-17 20:00:00,92215.14,BULLISH_SINGULARITY,long,0.6,-0.7007941143559941,0.0387337603601672,1.8098777077763484,-3.316675493001156
2025-11-18 00:00:00,90842.72,BULLISH_SINGULARITY,long,0.6,-0.6858709321455752,0.0364804218238875,2.2647967487065075,-4.322256938485682
2025-11-18 04:00:00,90512.1,BULLISH_SINGULARITY,long,0.6,-0.7289513600043608,0.0414510150587293,1.8444539813867047,-4.244546900018143
2025-11-18 08:00:00,91517.82,BULLISH_SINGULARITY,long,0.6,-0.8128644867574129,0.0535146305211114,1.1636983634023335,-2.886397882977886
2025-11-18 12:00:00,92910.1,BULLISH_SINGULARITY,long,0.6,-0.877854007699729,0.0673823833480782,1.3668987737041747,-1.2765116663915697
2025-11-18 16:00:00,93195.61,BULLISH_SINGULARITY,long,0.6,-0.8977068392011436,0.0794953742546216,0.9240605538533991,-0.8812743156700605
2025-11-18 20:00:00,92960.83,BULLISH_SINGULARITY,long,0.6,-0.8674365838475835,0.0857670368062937,0.44331060439703085,-1.02436730457413
2025-11-19 00:00:00,91874.52,BULLISH_SINGULARITY,long,0.6,-0.8205629292535005,0.0900466656754236,0.5676510278135175,-1.9773606356944227
2025-11-19 04:00:00,91863.64,BULLISH_SINGULARITY,long,0.6,-0.7238745888434004,0.0914225221120935,1.0095056662547748,-1.8029583837582457
2025-11-19 08:00:00,91410.22,BULLISH_SINGULARITY,long,0.6,-0.5747006870980291,0.084789721753855,0.45256275887351693,-2.074287650078936
2025-11-19 12:00:00,89951.7,BULLISH_SINGULARITY,long,0.6,-0.4162596518913445,0.0722807061870321,1.0278523411592815,-3.301844753295686
2025-11-20 12:00:00,89869.88,BEARISH_SINGULARITY,short,0.7,0.5756264075183853,-0.0474477909280258,1.0232145861052302,-2.527697090165747
2025-11-20 16:00:00,86921.28,BEARISH_SINGULARITY,short,0.7,0.6151323482751896,-0.0667963940777778,2.6137249049167908,-5.208826493674289
2025-11-20 20:00:00,86637.23,BEARISH_SINGULARITY,short,0.7,0.5841323982072092,-0.0697715400393566,0.7678667812023796,-5.019395042185704
2025-11-21 00:00:00,85821.34,BEARISH_SINGULARITY,short,0.7,0.4826570272047686,-0.0622603148352319,1.0176873403599653,-5.380939495986811
2025-11-21 04:00:00,84049.39,BEARISH_SINGULARITY,short,0.7,0.3500202232337868,-0.0443776715428578,2.1444033134280263,-6.6826888929802655
2025-11-22 16:00:00,84609.76,BEARISH_SINGULARITY,short,0.7,0.3924795902945873,-0.0223453170419141,0.1856669033538673,-2.2734327767285176
2025-11-22 20:00:00,84739.74,BEARISH_SINGULARITY,short,0.7,0.4923652234492678,-0.0472118030129103,0.23941081119313076,-1.9249757522971196
2025-11-23 00:00:00,86308.54,BEARISH_SINGULARITY,short,0.7,0.5872380089443301,-0.0709110455975043,0.586983418150157,-0.09889856213391773
2025-11-23 04:00:00,85782.19,BEARISH_SINGULARITY,short,0.7,0.666297148792744,-0.0870655883478409,0.43771667719344454,-0.641132645426209
2025-11-23 08:00:00,86331.28,BEARISH_SINGULARITY,short,0.7,0.7316734543485985,-0.0958800507862898,0.31805931857490977,-0.004649248813802839
2025-11-23 12:00:00,87087.44,BEARISH_SINGULARITY,short,0.7,0.7977883974887496,-0.0997999745690892,0.5302296527157068,0.787567760984613
2025-11-23 16:00:00,87325.01,BEARISH_SINGULARITY,short,0.7,0.8714400369390081,-0.1019729180295198,0.5647737687815152,0.9603476820197401
2025-11-23 20:00:00,86830.0,BEARISH_SINGULARITY,short,0.7,0.9307595892562373,-0.1000961878654718,0.5505684973105135,0.35095817232700965
2025-11-24 00:00:00,87460.02,BEARISH_SINGULARITY,short,0.7,1.0508786200617692,-0.0985259083545385,0.7473740379865549,0.9753111968722035
2025-11-24 04:00:00,87050.39,BEARISH_SINGULARITY,short,0.7,1.2099104244009793,-0.1037206840728109,0.5759127615593909,0.454317485150547
2025-11-24 08:00:00,86264.72,BEARISH_SINGULARITY,short,0.7,1.3057234295153826,-0.1146701564898851,0.6287741123801397,-0.4094265646055206
2025-11-24 12:00:00,86616.44,BEARISH_SINGULARITY,short,0.7,1.3270642121269562,-0.1224219721976412,0.9155202904784084,-0.0030528264821203057
2025-11-24 16:00:00,88327.29,BEARISH_SINGULARITY,short,0.7,1.3455782342183469,-0.1323192885196782,1.3183240146413457,1.7809263454650357
2025-11-24 20:00:00,88300.01,BEARISH_SINGULARITY,short,0.7,1.3588586849588469,-0.145171348604755,0.8296394971472524,1.580239997718784
2025-11-25 00:00:00,87822.12,BEARISH_SINGULARITY,short,0.7,1.357736547719111,-0.1576755442408006,0.7666442905798085,0.9314211791374195
2025-11-25 04:00:00,87384.81,BEARISH_SINGULARITY,short,0.7,1.3153668557616438,-0.1659237427980161,0.9457601363491657,0.38783377341520825
2025-11-25 08:00:00,87361.71,BEARISH_SINGULARITY,short,0.7,1.2303411764272942,-0.168740638025162,1.053131692561778,0.3267748237750891
2025-11-25 12:00:00,86988.94,BEARISH_SINGULARITY,short,0.7,1.0907935181131974,-0.1626283607718157,1.4557053445062424,-0.09167638103429043
2025-11-25 16:00:00,86882.85,BEARISH_SINGULARITY,short,0.7,0.9116375042592056,-0.1436790695269989,0.9611819749803725,-0.19322641428521217
2025-11-25 20:00:00,87369.96,BEARISH_SINGULARITY,short,0.7,0.7327565450572121,-0.1183566480196823,0.7461841484748045,0.33133646349251694
2025-11-26 00:00:00,87119.92,BEARISH_SINGULARITY,short,0.7,0.5488938880377114,-0.0865393581924731,0.6584954006199814,0.03999142252643399
2025-11-26 04:00:00,87935.05,BEARISH_SINGULARITY,short,0.7,0.4136970307788524,-0.0599978684004199,0.5376129497774514,0.8822338474226581
2025-11-27 12:00:00,90958.3,BEARISH_SINGULARITY,short,0.7,0.4132114086226846,-0.0381134065340951,0.8140791561480606,2.364775720011847
2025-11-27 16:00:00,91528.21,BEARISH_SINGULARITY,short,0.7,0.4654249377900183,-0.0551910819789484,0.6460606991854743,2.712089208022792
2025-11-27 20:00:00,91333.95,BEARISH_SINGULARITY,short,0.7,0.4856384247613806,-0.0649081115487814,0.3254880852804345,2.2512124974372876
2025-11-28 00:00:00,91208.85,BEARISH_SINGULARITY,short,0.7,0.4568015219302461,-0.0688928462386054,0.6131912659024863,1.9062635749739758
2025-11-28 04:00:00,90910.87,BEARISH_SINGULARITY,short,0.7,0.3861125427018761,-0.0614257167895505,0.6056603605363127,1.4213638195465412
2025-12-01 12:00:00,84677.87,BULLISH_SINGULARITY,long,0.6,-0.3648151364187713,0.0309769027548779,2.7793936216841635,-4.976861868624803
2025-12-01 16:00:00,85024.5,BULLISH_SINGULARITY,long,0.6,-0.5415350999677464,0.0508616229526651,1.535663352932701,-4.169158876507527
2025-12-01 20:00:00,86286.01,BULLISH_SINGULARITY,long,0.6,-0.7168897873257397,0.0702504348110192,1.2301368258692824,-2.492186738366607
2025-12-02 00:00:00,86976.99,BULLISH_SINGULARITY,long,0.6,-0.8506643540790892,0.0855791685786377,1.1613310281170655,-1.5508850519633202
2025-12-02 04:00:00,87012.65,BULLISH_SINGULARITY,long,0.6,-0.955169635744526,0.0949578368861826,0.6123891049634337,-1.3686312615514897
2025-12-02 08:00:00,87368.92,BULLISH_SINGULARITY,long,0.6,-1.0636868182888148,0.1039438440810287,1.1388340844167388,-0.873707007249388
2025-12-02 12:00:00,90850.01,BULLISH_SINGULARITY,long,0.6,-1.0971845145939187,0.104661018113227,2.7722610802663734,2.7747733873300104
2025-12-02 16:00:00,91903.39,BULLISH_SINGULARITY,long,0.6,-1.0449994882715297,0.0942734198226267,1.7021724477367044,3.5751582588481177
2025-12-02 20:00:00,91277.88,BULLISH_SINGULARITY,long,0.6,-0.9646028469835728,0.0792031863358898,1.1691107216783427,2.5897758328966356
2025-12-03 00:00:00,92628.91,BULLISH_SINGULARITY,long,0.6,-0.8416898452874695,0.0603005350447796,1.1376456508239123,3.7024894414354916
2025-12-03 04:00:00,92999.99,BULLISH_SINGULARITY,long,0.6,-0.6769911022510882,0.0396931977936294,1.1173610809568417,3.7111925999269366
2025-12-04 16:00:00,91975.44,BULLISH_SINGULARITY,long,0.6,-0.4261384546083199,0.0225842940807305,1.1018488981228227,0.40616168673860914
2025-12-04 20:00:00,92078.06,BULLISH_SINGULARITY,long,0.6,-0.4692798638821703,0.034841628230658,0.4430829164879887,0.4686056059987062
2025-12-05 00:00:00,92142.75,BULLISH_SINGULARITY,long,0.6,-0.5183133776637644,0.0441196424791976,0.4429617224785224,0.48758858086814727
2025-12-05 04:00:00,92258.65,BULLISH_SINGULARITY,long,0.6,-0.5743592402305543,0.0497430948246998,0.360941485003295,0.555185573726405
2025-12-05 08:00:00,91351.43,BULLISH_SINGULARITY,long,0.6,-0.6428161602385143,0.0561523723766079,0.6394909372893519,-0.3924830588454186
2025-12-05 12:00:00,90459.35,BULLISH_SINGULARITY,long,0.6,-0.723700723181589,0.0662038238851967,1.3417095818970066,-1.2367769999049647
2025-12-05 16:00:00,89629.26,BULLISH_SINGULARITY,long,0.6,-0.8044685263564901,0.0825244090377184,1.5717079339715136,-1.942930527311375
2025-12-05 20:00:00,89330.04,BULLISH_SINGULARITY,long,0.6,-0.8968496784325853,0.1038122908340978,0.6249654478211264,-2.058519245389641
2025-12-06 00:00:00,89688.35,BULLISH_SINGULARITY,long,0.6,-0.9589750119454796,0.1264359753400598,0.4297188305972293,-1.509427489145872
2025-12-06 04:00:00,89597.13,BULLISH_SINGULARITY,long,0.6,-0.9457403125707564,0.1473376737708787,0.22763601698842484,-1.4585406636840468
2025-12-06 08:00:00,89631.28,BULLISH_SINGULARITY,long,0.6,-0.8331552764413022,0.1605742736647993,0.46520753449408575,-1.287392201289671
2025-12-06 12:00:00,89758.77,BULLISH_SINGULARITY,long,0.6,-0.689568912063241,0.159311770295343,0.6598834548719814,-1.0388832435211786
2025-12-06 16:00:00,89405.64,BULLISH_SINGULARITY,long,0.6,-0.5282981922858132,0.1462118463867322,0.48715378888810856,-1.2939565841761655
2025-12-06 20:00:00,89236.79,BULLISH_SINGULARITY,long,0.6,-0.3827231667383645,0.1250356232809376,0.3853863236490551,-1.3412744727716082
2025-12-08 08:00:00,91968.29,BEARISH_SINGULARITY,short,0.7,0.3638947803454083,-0.0558747836842055,0.8590247761442423,1.5148046379852806
2025-12-08 12:00:00,89961.37,BEARISH_SINGULARITY,short,0.7,0.3931076721617438,-0.0662334318214012,2.1186086525653898,-0.634152793606132
2025-12-08 16:00:00,90124.48,BEARISH_SINGULARITY,short,0.7,0.368664121914048,-0.065145506309812,1.0471298542165508,-0.41093182420913305
2025-12-10 04:00:00,92782.91,BEARISH_SINGULARITY,short,0.7,0.4073679168724126,-0.0364983415847685,0.5106519069195881,1.4924126633640178
2025-12-10 08:00:00,92120.45,BEARISH_SINGULARITY,short,0.7,0.5013478323322053,-0.0515421868905991,0.9482092940113759,0.6941394528479042
2025-12-10 12:00:00,92063.69,BEARISH_SINGULARITY,short,0.7,0.5490141983457953,-0.0573450974787875,0.8835997642482012,0.5715530094500576
2025-12-10 16:00:00,92957.67,BEARISH_SINGULARITY,short,0.7,0.5946422489797434,-0.0623136036688742,1.755776857757878,1.3986433178102762
2025-12-10 20:00:00,92015.37,BEARISH_SINGULARITY,short,0.7,0.6710586686462764,-0.0661951090752852,1.6124752717386008,0.3353476187925906
2025-12-11 00:00:00,89880.01,BEARISH_SINGULARITY,short,0.7,0.6978636560491517,-0.0591810122017142,1.2926961408130386,-1.8067017345665533
2025-12-11 04:00:00,90272.75,BEARISH_SINGULARITY,short,0.7,0.6911507431201407,-0.0484389454010117,0.7201279014299942,-1.2480700473747786
2025-12-11 08:00:00,90242.35,BEARISH_SINGULARITY,short,0.7,0.6262254447278323,-0.0388992909178337,0.489812442864149,-1.1607109021302222
2025-12-11 12:00:00,89872.51,BEARISH_SINGULARITY,short,0.7,0.4970510543938558,-0.0245565201652045,1.1177911090522845,-1.4187771702488543
2025-12-13 16:00:00,90178.16,BULLISH_SINGULARITY,long,0.6,-0.6048948828691707,0.0469448072938242,0.24610041273184594,-0.7034962155532479
2025-12-13 20:00:00,90240.01,BULLISH_SINGULARITY,long,0.6,-0.732425029003736,0.0786290913985818,0.25917095898014403,-0.5752268080220063
2025-12-14 00:00:00,90258.98,BULLISH_SINGULARITY,long,0.6,-0.7934944560301969,0.101587988011282,0.29420554447841507,-0.5017979733958698
2025-12-14 04:00:00,90245.6,BULLISH_SINGULARITY,long,0.6,-0.7416206130991853,0.1089828011840086,0.3139308689376386,-0.4675826146834922
2025-12-14 08:00:00,89360.0,BULLISH_SINGULARITY,long,0.6,-0.6373052628355023,0.1006380725575286,0.9718235196444882,-1.3085622588322836
2025-12-14 12:00:00,89022.91,BULLISH_SINGULARITY,long,0.6,-0.4924073691728695,0.0800108613786347,0.8358568763583734,-1.5232100961116362
2025-12-15 20:00:00,86432.08,BULLISH_SINGULARITY,long,0.6,-0.587761986748275,0.0456861943707347,1.2512108078712327,-2.9231679026262642
2025-12-16 00:00:00,85875.92,BULLISH_SINGULARITY,long,0.6,-0.6931800655666246,0.0839928593193397,1.1794489364777692,-3.2208179713388096
2025-12-16 04:00:00,86021.51,BULLISH_SINGULARITY,long,0.6,-0.7841200607076636,0.1222833522546676,1.2227310997376328,-2.7736994525299585
2025-12-16 08:00:00,87261.45,BULLISH_SINGULARITY,long,0.6,-0.784196956894115,0.1515970767827236,1.1630951105520353,-1.2431844475264697
2025-12-16 12:00:00,87977.43,BULLISH_SINGULARITY,long,0.6,-0.6450785985231844,0.1597755321370453,2.8133448618098384,-0.3918193923169197
2025-12-16 16:00:00,87585.77,BULLISH_SINGULARITY,long,0.6,-0.4049415406411595,0.1469934808508897,1.4042645312711142,-0.7563107471697498
2025-12-17 04:00:00,87045.59,HIGH_OSCILLATION,short,0.6,0.5897021691186186,-0.0028957332736701,0.8226858619204639,-1.1050657491498856
2025-12-17 08:00:00,86983.26,BEARISH_SINGULARITY,short,0.7,0.7686188245448297,-0.0600539048854115,0.6479183683454266,-1.0650847533414431
2025-12-17 12:00:00,87233.44,BEARISH_SINGULARITY,short,0.7,0.8483079204773677,-0.1071641305279508,2.740960963709343,-0.7067187721685918
2025-12-17 16:00:00,86018.53,BEARISH_SINGULARITY,short,0.7,0.877733276592403,-0.1362253378775445,1.6185240460773425,-1.89434912188375
2025-12-17 20:00:00,86243.22,BEARISH_SINGULARITY,short,0.7,0.7914212833911312,-0.151425886035994,0.5457479749113118,-1.4843937786224217
2025-12-18 00:00:00,86618.34,BEARISH_SINGULARITY,short,0.7,0.6160732662596499,-0.1516059318696819,0.5504415373062349,-0.9562946072659873
2025-12-18 04:00:00,86833.84,BEARISH_SINGULARITY,short,0.7,0.4026997411669509,-0.1378230145404558,0.5058042305226685,-0.6427080055759964
2025-12-19 00:00:00,86891.39,BULLISH_SINGULARITY,long,0.6,-0.5906170195127174,0.0309263880682914,0.9520708737470677,-0.16087621104529584
2025-12-19 04:00:00,87953.4,BULLISH_SINGULARITY,long,0.6,-0.6394407749202831,0.0447171208437685,1.050212322760691,0.9575246399656484
2025-12-19 08:00:00,88198.7,BULLISH_SINGULARITY,long,0.6,-0.5951645034984615,0.0408420174649066,0.5118658957012466,1.1197625820069306
2025-12-19 12:00:00,87951.87,BULLISH_SINGULARITY,long,0.6,-0.4489382586897647,0.0279973228570302,1.622926694969814,0.7564766799366665
2025-12-21 16:00:00,88484.01,HIGH_OSCILLATION,short,0.6,0.8792428586945161,0.0002137802296478,0.4684814456628637,0.5565840976617995
2025-12-21 20:00:00,88658.86,BEARISH_SINGULARITY,short,0.7,1.0260393742294935,-0.0304959010709577,0.3441315064046015,0.6828666587578752
2025-12-22 00:00:00,88774.12,BEARISH_SINGULARITY,short,0.7,1.138156834489289,-0.0608310619181946,1.3189311505630081,0.7356873818305063
2025-12-22 04:00:00,89170.1,BEARISH_SINGULARITY,short,0.7,1.2035499414532884,-0.0863605079163631,0.6897853010594227,1.0709544184664255
2025-12-22 08:00:00,89945.43,BEARISH_SINGULARITY,short,0.7,1.277975366360037,-0.1101671158000092,1.428029198200341,1.7608005513824476
2025-12-22 12:00:00,89726.92,BEARISH_SINGULARITY,short,0.7,1.3980942257420417,-0.1364436501486532,2.1332942322668305,1.3674644070566426
2025-12-22 16:00:00,88052.43,BEARISH_SINGULARITY,short,0.7,1.4027349731194343,-0.1490549417903666,1.3816121412370719,-0.47456945366025255
2025-12-22 20:00:00,88620.79,BEARISH_SINGULARITY,short,0.7,1.3549890777868685,-0.1502642518585448,0.9512552312578003,0.15183672320986927
2025-12-23 00:00:00,88170.0,BEARISH_SINGULARITY,short,0.7,1.2572365833417385,-0.1400116559006363,0.9940232216758469,-0.3236608649948191
2025-12-23 04:00:00,87574.79,BEARISH_SINGULARITY,short,0.7,1.080178620322963,-0.1156680373000302,1.3120876895738125,-0.9024941406161434
2025-12-23 08:00:00,87856.65,BEARISH_SINGULARITY,short,0.7,0.9044514997655164,-0.0843769166797691,0.9277276007928297,-0.5282657779939187
2025-12-23 12:00:00,87443.45,BEARISH_SINGULARITY,short,0.7,0.7281320277069203,-0.0491472058235664,2.035266008587535,-0.9020826468146526
2025-12-23 16:00:00,87752.87,BEARISH_SINGULARITY,short,0.7,0.5894716502382605,-0.0212516680905539,1.7949081649775216,-0.4991687908505276
2025-12-23 20:00:00,87486.0,HIGH_OSCILLATION,short,0.6,0.521598994486976,-0.0027649943208951,1.2713990188632958,-0.7259618049895202
2025-12-24 00:00:00,87336.23,HIGH_OSCILLATION,short,0.6,0.545120610788016,0.0009386906736819,0.8427486536725008,-0.81127937424171
2025-12-24 04:00:00,86911.53,HIGH_OSCILLATION,short,0.6,0.593275339497311,-0.0078903739916148,0.6981193581133937,-1.1718580900869557
2025-12-24 08:00:00,87203.94,BEARISH_SINGULARITY,short,0.7,0.6057722959349148,-0.0308591516329772,0.6115861685342917,-0.7600241405532258
2025-12-24 12:00:00,87049.99,BEARISH_SINGULARITY,short,0.7,0.5919194872762799,-0.0500721328171796,1.1302906509664423,-0.8469080947304277
2025-12-24 16:00:00,87566.06,BEARISH_SINGULARITY,short,0.7,0.5250242034206984,-0.0690923606131794,0.8516462700161755,-0.23446869960056452
2025-12-24 20:00:00,87669.45,BEARISH_SINGULARITY,short,0.7,0.3799860617703186,-0.0808409053456462,0.48132473239026535,-0.1055745360613
2025-12-25 20:00:00,87225.27,BULLISH_SINGULARITY,long,0.6,-0.5300536182024519,0.0430850756431929,0.9889539120557272,-0.6367285762140288
2025-12-26 00:00:00,88844.87,BULLISH_SINGULARITY,long,0.6,-0.4373894991017243,0.0557053045722434,2.705537060992342,1.0919220805060417
2025-12-27 12:00:00,87551.25,LOW_OSCILLATION,long,0.6,-0.6388146087695296,0.0081604712231261,0.4325316358304378,-0.19988277155379625
2025-12-27 16:00:00,87569.39,BULLISH_SINGULARITY,long,0.6,-0.8236851223555107,0.040041140741222,0.33299920103196906,-0.16216543720176554
2025-12-27 20:00:00,87877.01,BULLISH_SINGULARITY,long,0.6,-0.9418746099195164,0.0662259458485815,0.542777305211837,0.17056406507796196
2025-12-28 00:00:00,87740.01,BULLISH_SINGULARITY,long,0.6,-0.9787440488501126,0.085800444257466,0.4261830718136315,0.013026990832545583
2025-12-28 04:00:00,87730.85,BULLISH_SINGULARITY,long,0.6,-0.913040790509427,0.0965527891336343,0.2850793124073612,0.0023394333305010897
2025-12-28 08:00:00,87883.25,BULLISH_SINGULARITY,long,0.6,-0.8009436893212487,0.0940841761161692,0.4882678430689913,0.15926261968160335
2025-12-28 12:00:00,87836.27,BULLISH_SINGULARITY,long,0.6,-0.7186512457680017,0.0802407578275878,0.5233464013527908,0.09564197660177391
2025-12-28 16:00:00,87520.75,BULLISH_SINGULARITY,long,0.6,-0.6688837698761436,0.0658295014271757,0.5677749940297195,-0.23884061299573922
2025-12-28 20:00:00,87952.71,BULLISH_SINGULARITY,long,0.6,-0.7494570627054944,0.0602798484129285,0.579259191396088,0.2293308250004243
2025-12-29 00:00:00,90123.55,BULLISH_SINGULARITY,long,0.6,-0.8063307775057191,0.0486893083725517,2.8228766952368542,2.4394550542109634
2025-12-29 04:00:00,89617.71,BULLISH_SINGULARITY,long,0.6,-0.6625798663673401,0.0311576225889108,1.9722635436969687,1.683928540796845
2025-12-29 12:00:00,87691.62,LOW_OSCILLATION,long,0.6,-0.5112771210180045,0.0075590976350478,2.309085583226397,-0.3988101556837581
2025-12-29 16:00:00,87366.23,LOW_OSCILLATION,long,0.6,-0.5194242125678443,0.0081376119114235,0.8009715543845642,-0.6957209447306768
2025-12-29 20:00:00,87237.13,BULLISH_SINGULARITY,long,0.6,-0.6059058556652802,0.0228261306335689,0.8715723582003595,-0.7628392692513712
2025-12-30 00:00:00,87379.0,BULLISH_SINGULARITY,long,0.6,-0.7500845327288259,0.0501846976377587,0.9674853044114113,-0.5444846763796181
2025-12-30 04:00:00,87502.85,BULLISH_SINGULARITY,long,0.6,-0.9203790012917707,0.088672428462601,0.6861674417373956,-0.36522767500147774
2025-12-30 08:00:00,87903.89,BULLISH_SINGULARITY,long,0.6,-1.1190593367103974,0.1339376103519833,1.4868131033765934,0.08270154319026952
2025-12-30 12:00:00,89016.35,BULLISH_SINGULARITY,long,0.6,-1.1842131943341632,0.1657371075531262,2.12335444098656,1.2192189314301092
2025-12-30 16:00:00,88226.16,BULLISH_SINGULARITY,long,0.6,-1.1863022388496895,0.1881865945850938,1.516724643183804,0.2900732311321845
2025-12-30 20:00:00,88485.49,BULLISH_SINGULARITY,long,0.6,-1.0983446783264832,0.1952385835405146,0.6399498690493653,0.5288677435955692
2025-12-31 00:00:00,88453.04,BULLISH_SINGULARITY,long,0.6,-0.8582166200367302,0.1836169745443004,0.5736735583500931,0.44493538083561507
2025-12-31 04:00:00,88613.12,BULLISH_SINGULARITY,long,0.6,-0.5173352220537775,0.1512492896428625,0.49171832857089415,0.5666923270594127
2025-12-31 16:00:00,87541.85,BEARISH_SINGULARITY,short,0.7,0.9899209200003392,-0.0607860377543374,1.289198865251905,-0.6510582078963066
2025-12-31 20:00:00,87648.22,BEARISH_SINGULARITY,short,0.7,1.0657187844069942,-0.1183983908898427,0.6830293995358833,-0.48007544140055636
2026-01-01 00:00:00,87846.02,BEARISH_SINGULARITY,short,0.7,0.8148950877483465,-0.1359903866766432,0.3604437053748428,-0.23120843722680157
2026-01-01 04:00:00,87631.88,BEARISH_SINGULARITY,short,0.7,0.5080758454894962,-0.1088330921585194,0.47676657798505334,-0.4294241747527675
2026-01-02 16:00:00,89897.23,BEARISH_SINGULARITY,short,0.7,0.8447019415440786,-0.0262516833373402,2.469867595464185,1.4450651684974902
2026-01-02 20:00:00,89995.13,BEARISH_SINGULARITY,short,0.7,1.1119364017236613,-0.0765105328005303,0.7756418071828831,1.405312319890401
2026-01-03 00:00:00,90321.22,BEARISH_SINGULARITY,short,0.7,1.4148781430233477,-0.1331921099025411,0.5472155819381462,1.6012098432343258
2026-01-03 04:00:00,89577.13,BEARISH_SINGULARITY,short,0.7,1.570365553370893,-0.1781450455828428,0.934528920708665,0.6909092500417018
2026-01-03 08:00:00,89752.74,BEARISH_SINGULARITY,short,0.7,1.6478113905974383,-0.1993192150450773,0.6810680815521245,0.803027034357455
2026-01-03 12:00:00,89969.31,BEARISH_SINGULARITY,short,0.7,1.6207328991944798,-0.2066392164367501,0.5815553842648471,0.9456747546259294
2026-01-03 16:00:00,90123.77,BEARISH_SINGULARITY,short,0.7,1.4522876293033289,-0.1961911772104749,0.27752071226675956,1.0113318565634066
2026-01-03 20:00:00,90628.01,BEARISH_SINGULARITY,short,0.7,1.1677979863690937,-0.1679808918709474,0.749760748028543,1.4242074719407614
2026-01-04 00:00:00,91236.78,BEARISH_SINGULARITY,short,0.7,0.8246072056341867,-0.1310808038822998,1.55240967684002,1.9011622012637588
2026-01-04 04:00:00,91532.0,BEARISH_SINGULARITY,short,0.7,0.4427773207694374,-0.0972463711285967,1.0392826901340613,2.0141445082519116
2026-01-05 00:00:00,92878.22,BEARISH_SINGULARITY,short,0.7,0.4134190958105024,-0.0276295027286284,2.6547648828503587,2.622264099932882
2026-01-05 04:00:00,92520.63,BEARISH_SINGULARITY,short,0.7,0.4520178541877093,-0.0385505595091215,0.8700906262471553,2.010783179276663
2026-01-05 08:00:00,93134.26,BEARISH_SINGULARITY,short,0.7,0.4672063434655171,-0.0469694549516354,1.1578679456205134,2.425209633226909
2026-01-05 12:00:00,93957.73,BEARISH_SINGULARITY,short,0.7,0.4815884726983904,-0.056756809288386,1.8291948928720538,3.004076614689779
2026-01-05 16:00:00,94303.4,BEARISH_SINGULARITY,short,0.7,0.5247281106882097,-0.0692073851285894,1.7815825781425056,3.0510047981894886
2026-01-05 20:00:00,93859.71,BEARISH_SINGULARITY,short,0.7,0.5454938822554722,-0.078172901543952,1.058634468932769,2.3161015522174577
2026-01-06 00:00:00,93769.24,BEARISH_SINGULARITY,short,0.7,0.5528723702570535,-0.0837834529465884,0.7414834027915579,2.002063804434407
2026-01-06 04:00:00,93255.08,BEARISH_SINGULARITY,short,0.7,0.4818963782342878,-0.0773622816007612,0.9766304629026348,1.3035641888317722
2026-01-06 08:00:00,93840.0,BEARISH_SINGULARITY,short,0.7,0.3900302593928939,-0.0658596569459518,0.6468585424585515,1.7510693163692939
2026-01-08 00:00:00,90813.4,BULLISH_SINGULARITY,long,0.6,-0.4243077455671395,0.0870802629087014,0.6397392506798598,-1.3492573743101688
2026-01-08 04:00:00,90548.02,BULLISH_SINGULARITY,long,0.6,-0.5462274397170984,0.0922751471584185,1.0643229879901999,-1.4838981271080447
2026-01-08 08:00:00,90226.77,BULLISH_SINGULARITY,long,0.6,-0.6636241697919323,0.1053999983498396,0.8795947191555351,-1.6617079432431154
2026-01-08 12:00:00,90781.57,BULLISH_SINGULARITY,long,0.6,-0.7849362906564867,0.1131799331203224,1.5163301439041654,-0.9573247452237184
2026-01-08 16:00:00,90937.41,BULLISH_SINGULARITY,long,0.6,-0.8746872688453149,0.1176689707967701,0.9162922359195567,-0.7128565743317926
2026-01-08 20:00:00,91099.99,BULLISH_SINGULARITY,long,0.6,-0.9097258886874426,0.1169572269677671,0.6333059019545807,-0.4846102164688911
2026-01-09 00:00:00,91220.23,BULLISH_SINGULARITY,long,0.6,-0.8877764653601333,0.1046267612645607,0.5950008218209611,-0.3197264702562941
2026-01-09 04:00:00,90741.84,BULLISH_SINGULARITY,long,0.6,-0.8261197656569522,0.0871150223262596,0.5741893209828938,-0.7628593615131528
2026-01-09 08:00:00,90463.11,BULLISH_SINGULARITY,long,0.6,-0.8166315852093067,0.0708365036547312,0.9746160885741468,-0.9669832746284088
2026-01-09 12:00:00,91176.47,BULLISH_SINGULARITY,long,0.6,-0.7633152134313852,0.0506374545227805,2.007216885732162,-0.16835538075442974
2026-01-09 16:00:00,90332.15,BULLISH_SINGULARITY,long,0.6,-0.7563971060685518,0.0372412226819937,1.0154454330021716,-0.989776351941079
2026-01-09 20:00:00,90641.28,BULLISH_SINGULARITY,long,0.6,-0.7607198633484068,0.0303985586288368,0.4580695202874993,-0.5893189330865223
2026-01-10 00:00:00,90626.14,BULLISH_SINGULARITY,long,0.6,-0.7939581127616211,0.0290378182451124,0.21055476526587974,-0.5485332269635006
2026-01-10 04:00:00,90678.5,BULLISH_SINGULARITY,long,0.6,-0.8373474657006037,0.0345417215967693,0.20911298582039342,-0.4445132329236769
2026-01-10 08:00:00,90723.86,BULLISH_SINGULARITY,long,0.6,-0.8932012504861063,0.0434526223209161,0.2877677806600527,-0.35725532001864996
2026-01-10 12:00:00,90665.75,BULLISH_SINGULARITY,long,0.6,-0.9476032817594764,0.0561229442656315,0.1868496082071065,-0.3811281759940994
2026-01-10 16:00:00,90626.54,BULLISH_SINGULARITY,long,0.6,-0.9869791781062708,0.0696945800796728,0.25069864255107516,-0.38396427346582895
2026-01-10 20:00:00,90504.7,BULLISH_SINGULARITY,long,0.6,-1.0142847990554562,0.0839899868234428,0.25099763094047856,-0.46879829345766844
2026-01-11 00:00:00,90733.5,BULLISH_SINGULARITY,long,0.6,-0.9885367210842492,0.0947960190001033,0.2509371722347084,-0.19653583381714643
2026-01-11 04:00:00,90710.79,BULLISH_SINGULARITY,long,0.6,-0.9430270924590995,0.0971788369450226,0.30517594119663377,-0.20046151664522466
2026-01-11 08:00:00,90754.99,BULLISH_SINGULARITY,long,0.6,-0.864825191426599,0.0942492137495538,0.3997853918209131,-0.13739249744400606
2026-01-11 12:00:00,90875.79,BULLISH_SINGULARITY,long,0.6,-0.7132243301852078,0.0847651103700204,0.6981379678650685,-0.004044073037881022
2026-01-11 16:00:00,90690.8,BULLISH_SINGULARITY,long,0.6,-0.6014928423374261,0.0660575711623103,0.6142427495851903,-0.1878651794681128
2026-01-11 20:00:00,91013.65,BULLISH_SINGULARITY,long,0.6,-0.526874727209672,0.0493515595716865,1.1660189007691397,0.15148350804546837
2026-01-12 00:00:00,91808.12,BULLISH_SINGULARITY,long,0.6,-0.444635272472817,0.0285847813541668,2.5484340487080153,0.9271256512634043
2026-01-13 08:00:00,92000.74,BULLISH_SINGULARITY,long,0.6,-0.3895522173692063,0.0274429307079529,1.6599232983878653,0.7605852645616159
2026-01-13 12:00:00,93449.99,BULLISH_SINGULARITY,long,0.6,-0.4181406529555443,0.041421122393971,2.5132720715806736,2.1194838734091506
2026-01-13 16:00:00,94226.84,BULLISH_SINGULARITY,long,0.6,-0.3912154703284758,0.0497595322007083,2.4613925570469948,2.678127110582855
2026-01-14 08:00:00,94792.99,BEARISH_SINGULARITY,short,0.7,0.5066322999646634,-0.03589659429531,0.6854902660115006,2.0174740998990033
2026-01-14 12:00:00,96764.57,BEARISH_SINGULARITY,short,0.7,0.7051656234660029,-0.0628276595687931,2.1268370599222237,3.730388268617317
2026-01-14 16:00:00,97267.42,BEARISH_SINGULARITY,short,0.7,0.8418041007441175,-0.0934970917357007,2.1307974518489834,3.8471808785178934
2026-01-14 20:00:00,96951.78,BEARISH_SINGULARITY,short,0.7,0.9381985491287244,-0.1164637628549302,0.9671023609267333,3.165303617595667
2026-01-15 00:00:00,95985.1,BEARISH_SINGULARITY,short,0.7,0.9573596628235106,-0.1181037766175876,0.8479914535547804,1.9292519663901868
2026-01-15 04:00:00,96630.48,BEARISH_SINGULARITY,short,0.7,0.9300324665338516,-0.1106964166606869,0.6143737537024371,2.3597136345198404
2026-01-15 08:00:00,96581.08,BEARISH_SINGULARITY,short,0.7,0.8715254430456708,-0.0938815562213012,0.8471565866057532,2.083056242787346
2026-01-15 12:00:00,96737.04,BEARISH_SINGULARITY,short,0.7,0.852945302695775,-0.0771441058027058,1.3953955986503066,2.029470277604943
2026-01-15 16:00:00,95516.01,BEARISH_SINGULARITY,short,0.7,0.8158382319176508,-0.0568169054289936,2.121965969853812,0.6705325571352233
2026-01-15 20:00:00,95604.8,BEARISH_SINGULARITY,short,0.7,0.7905859812152878,-0.0376768840420687,0.3765481808388319,0.6908385956604618
2026-01-16 00:00:00,95354.69,BEARISH_SINGULARITY,short,0.7,0.75879858614332,-0.0207480998201717,0.3438827147151022,0.38655878306750785
2026-01-16 08:00:00,95429.09,HIGH_OSCILLATION,short,0.6,0.7408723407236502,-0.0075491158437466,0.45218954515788423,0.35984891781554057
2026-01-16 12:00:00,94585.98,HIGH_OSCILLATION,short,0.6,0.7332121739034722,-0.006966025156434,0.8390222700322975,-0.4768895830848899
2026-01-16 16:00:00,95002.09,HIGH_OSCILLATION,short,0.6,0.7075211374314502,-0.0085782570562054,0.5212604337025379,-0.03534111106573486
2026-01-17 00:00:00,95372.95,BEARISH_SINGULARITY,short,0.7,0.6499008605455918,-0.0249749610935299,0.16338850706460756,0.27415301681718823
2026-01-17 04:00:00,95101.67,BEARISH_SINGULARITY,short,0.7,0.6071357478471037,-0.0308401929722461,0.19658124477238778,-0.010014033604819894
2026-01-17 08:00:00,95323.86,BEARISH_SINGULARITY,short,0.7,0.5610553359647535,-0.0344568603462207,0.22334140199380667,0.20225874421063245
2026-01-17 12:00:00,95573.64,BEARISH_SINGULARITY,short,0.7,0.5235515766750116,-0.0384397574801854,0.5410604142922241,0.42036693010568177
2026-01-17 16:00:00,95291.38,BEARISH_SINGULARITY,short,0.7,0.479219503145168,-0.0407755497555419,0.24240016994250113,0.11198996113387727
2026-01-17 20:00:00,95147.77,BEARISH_SINGULARITY,short,0.7,0.4312245490379096,-0.0392740149558371,0.21240146205386157,-0.03518296604308473
2026-01-18 00:00:00,95200.29,BEARISH_SINGULARITY,short,0.7,0.378483714623691,-0.0362932192126813,0.3515232178584764,0.01809124238838487
2026-01-19 20:00:00,92631.0,BULLISH_SINGULARITY,long,0.6,-0.4006080700136303,0.0247974554754348,1.108964774185657,-1.544475859705234
2026-01-20 00:00:00,92434.92,BULLISH_SINGULARITY,long,0.6,-0.4516799524876185,0.025807521982369,0.9028679116266018,-1.5885957141790463
2026-01-20 04:00:00,91177.98,BULLISH_SINGULARITY,long,0.6,-0.5188140484601423,0.0276961369196632,2.962501925352029,-2.655463222588943
2026-01-20 08:00:00,91218.99,BULLISH_SINGULARITY,long,0.6,-0.5766220398551283,0.0285754293019001,1.3614803713066665,-2.368840286875689
2026-01-20 12:00:00,90684.95,BULLISH_SINGULARITY,long,0.6,-0.6291700488318797,0.0281454815268716,2.6804707127956457,-2.6678512535326564
2026-01-20 16:00:00,89864.0,BULLISH_SINGULARITY,long,0.6,-0.6991124528947906,0.0305030170947941,1.274070919077605,-3.2218688690111192
