时间,收盘价,信号类型,方向,置信度,张力,加速度,DXY燃料,量能比率,EMA偏离%,V705通过,过滤原因
2025-07-25 00:00:00,115419.66,HIGH_OSCILLATION,做空,0.6,0.4884700876584745,0.0,0.0,,0.0,True,
2025-07-25 04:00:00,115320.01,HIGH_OSCILLATION,做空,0.6,0.5012986497924151,0.0,0.0,,-0.07812095258288103,True,
2025-07-25 20:00:00,117614.31,HIGH_OSCILLATION,做空,0.6,0.5447031610303944,-0.00037534773616757465,0.0,,1.5361598797552505,True,
2025-07-26 00:00:00,117489.62,HIGH_OSCILLATION,做空,0.6,0.5534693181527549,-0.008993325819173474,0.0,,1.2907102183181625,True,
2025-07-26 04:00:00,117304.47,HIGH_OSCILLATION,做空,0.6,0.5613625791384524,-0.0005157237836354478,0.0,,1.022263960076082,True,
2025-07-26 08:00:00,117776.11,HIGH_OSCILLATION,做空,0.6,0.5683656500520212,0.005596532042613678,0.0,,1.290641323120455,True,
2025-07-26 12:00:00,118130.1,HIGH_OSCILLATION,做空,0.6,0.5744625277478584,-0.0010150301151250892,0.0,,1.440980669876568,True,
2025-07-26 16:00:00,118232.11,HIGH_OSCILLATION,做空,0.6,0.5796385322634765,-0.0021420785957795177,0.0,,1.3809895787657007,True,
2025-07-26 20:00:00,117919.99,HIGH_OSCILLATION,做空,0.6,0.5838803371699958,-0.003503431425337145,0.0,,1.0062539648958768,True,
2025-07-27 00:00:00,118182.83,HIGH_OSCILLATION,做空,0.6,0.5871759978186358,0.004868860970158397,0.0,,1.112813116359176,True,
2025-07-27 04:00:00,118095.95,HIGH_OSCILLATION,做空,0.6,0.5895149774253139,-0.0029641011491016,0.0,,0.9386504492272697,True,
2025-07-27 08:00:00,118072.71,HIGH_OSCILLATION,做空,0.6,0.5908881709389432,0.0005383430313849566,0.0,,0.8305565466759696,True,
2025-07-27 12:00:00,118585.74,HIGH_OSCILLATION,做空,0.6,0.5912879266425843,0.004541823649346763,0.0,,1.1464579806049364,True,
2025-07-27 16:00:00,118960.0,HIGH_OSCILLATION,做空,0.6,0.5907080654403256,-0.0011890058033641902,0.0,,1.3242421300575276,True,
2025-07-27 20:00:00,119415.55,HIGH_OSCILLATION,做空,0.6,0.589143897786524,0.0006734097570201673,0.0,,1.5466628020217594,True,
2025-07-28 00:00:00,119287.99,HIGH_OSCILLATION,做空,0.6,0.5865922382179547,-0.004897641058417526,0.0,,1.29944003027335,True,
2025-07-28 04:00:00,118900.0,HIGH_OSCILLATION,做空,0.6,0.5830514174533362,-0.00218434613511893,0.0,0.8012307549644324,0.8767717142610312,True,
2025-07-28 08:00:00,118827.49,HIGH_OSCILLATION,做空,0.6,0.5785212920287833,0.0026427085249746815,0.0,0.8266536740881303,0.7370376010924046,True,
2025-07-28 12:00:00,118174.9,HIGH_OSCILLATION,做空,0.6,0.5730032514418485,-0.004882070802918184,0.0,1.693081979669278,0.16626500820609713,True,
2025-07-28 16:00:00,118068.73,HIGH_OSCILLATION,做空,0.6,0.5665002227809613,0.004593496874525902,0.0,1.2826277661963101,0.06900499621843713,True,
2025-07-28 20:00:00,118062.32,HIGH_OSCILLATION,做空,0.6,0.5590166728213695,0.0008441237182088896,0.0,0.7675091820771771,0.05751423044139448,True,
2025-07-29 00:00:00,118764.85,HIGH_OSCILLATION,做空,0.6,0.5505586075729176,0.006004791808245396,0.2275084570411643,1.3077590244199713,0.5903579329016702,True,
2025-07-29 04:00:00,118882.37,HIGH_OSCILLATION,做空,0.6,0.5411335692693774,-0.004960983032824021,0.2275084570411643,1.469888715590229,0.6237799050640791,True,
2025-07-29 08:00:00,118592.38,HIGH_OSCILLATION,做空,0.6,0.5307506307933887,-0.00342882033894551,0.2275084570411643,1.0952358980189842,0.3421735810174094,True,
2025-07-29 12:00:00,117400.01,HIGH_OSCILLATION,做空,0.6,0.519420387535464,-0.007615053961982305,0.2275084570411643,2.1397889159993024,-0.6035901383707232,True,
2025-07-29 20:00:00,117950.76,HIGH_OSCILLATION,做空,0.6,0.49396791399511875,0.0025531212141512035,0.2275084570411643,0.8612669876433118,-0.0813981435520629,True,
2025-07-30 00:00:00,118161.87,HIGH_OSCILLATION,做空,0.6,0.4798743779295445,-0.001830427412223641,-0.07072148806172561,0.6054275405247762,0.08814968047232437,True,
2025-07-30 04:00:00,118123.01,HIGH_OSCILLATION,做空,0.6,0.4648908913802078,-0.002118685560527577,-0.07072148806172561,0.6026882508835435,0.04997062947424283,True,
2025-07-30 08:00:00,117579.99,HIGH_OSCILLATION,做空,0.6,0.4490354508036365,-0.004268201258357604,-0.07072148806172561,1.0582654543962433,-0.37106677538064237,True,
2025-07-30 12:00:00,118000.01,HIGH_OSCILLATION,做空,0.6,0.43232747290462464,0.00816927861517079,-0.07072148806172561,1.6831254616909366,-0.013726935069034423,True,
2025-07-31 00:00:00,118466.14,HIGH_OSCILLATION,做空,0.6,0.3773032278900883,-0.0025884661947165417,0.09550343644956728,0.9483271275884086,0.43062228337161623,True,
2025-07-31 04:00:00,118665.97,HIGH_OSCILLATION,做空,0.6,0.35740672008369306,-0.0036241054533908087,0.09550343644956728,0.7803234801127893,0.5425740216392398,True,
2025-07-31 08:00:00,118371.25,HIGH_OSCILLATION,做空,0.6,0.3367750762595735,-0.004170421186985961,0.09550343644956728,0.5334998693286288,0.2648996354279129,True,
2025-07-31 12:00:00,118306.18,HIGH_OSCILLATION,做空,0.6,0.31543561009841997,0.0019338989022701153,0.09550343644956728,1.3978737574050137,0.18976566114248652,True,
2025-08-04 12:00:00,114826.0,LOW_OSCILLATION,做多,0.6,-0.3210664033515293,0.00430215528564747,-0.20795288665383976,1.379951500081796,0.26591096555058874,True,
2025-08-04 16:00:00,114777.62,LOW_OSCILLATION,做多,0.6,-0.3486194749527305,-0.0033290195415448995,-0.20795288665383976,0.9141458324460953,0.20232102928592785,True,
2025-08-04 20:00:00,115055.03,LOW_OSCILLATION,做多,0.6,-0.37590445325171895,0.002838267738103734,-0.20795288665383976,0.5578370562391662,0.4019996386130775,True,
2025-08-05 00:00:00,114256.85,LOW_OSCILLATION,做多,0.6,-0.40288116372820976,-0.009354310557519853,-0.1398384676452419,0.8410533024649831,-0.26655137923672984,True,
2025-08-05 04:00:00,113969.7,LOW_OSCILLATION,做多,0.6,-0.4295098466929164,0.004424178727583294,-0.1398384676452419,1.3244398325091187,-0.46817455912563766,True,
2025-08-05 16:00:00,113616.52,BULLISH_SINGULARITY,做多,0.6,-0.506917736613323,0.022529799158437218,-0.1398384676452419,0.8085663585515835,-0.6072791718176185,True,
2025-08-05 20:00:00,114129.75,LOW_OSCILLATION,做多,0.6,-0.5317673039813599,-0.0015263170355221877,-0.1398384676452419,0.5222108181318144,-0.14324640073806147,True,
2025-08-06 00:00:00,113509.97,LOW_OSCILLATION,做多,0.6,-0.55607855268506,-0.009947698730019175,0.2622599159323994,0.6612511622576,-0.6206349485028134,True,
2025-08-06 08:00:00,114226.69,LOW_OSCILLATION,做多,0.6,-0.6029433116301366,-0.006335587368335853,0.2622599159323994,0.8318873735192488,0.005525215907813881,True,
2025-08-07 00:00:00,114546.03,LOW_OSCILLATION,做多,0.6,-0.6886938524783612,-0.0015578599005020267,-0.31439464018250035,0.7112378679817738,0.054934137281153844,True,
2025-08-07 04:00:00,114787.99,LOW_OSCILLATION,做多,0.6,-0.7082836195694173,0.005992947264841019,-0.31439464018250035,0.7603841517438357,0.24086256814106255,True,
2025-08-07 20:00:00,117472.01,LOW_OSCILLATION,做多,0.6,-0.7783917885793706,-0.006531897987325885,-0.31439464018250035,0.9466056698383646,1.8311488010777124,True,
2025-08-08 00:00:00,116737.35,LOW_OSCILLATION,做多,0.6,-0.7937287630170172,-0.0063393046263104475,0.12604000137737037,1.238108268935766,1.0793343772766073,True,
2025-08-08 04:00:00,116817.19,LOW_OSCILLATION,做多,0.6,-0.8081435767704988,0.006937843788554562,0.12604000137737037,0.74446541974002,1.0379524676264134,True,
2025-08-08 08:00:00,116891.51,LOW_OSCILLATION,做多,0.6,-0.8216156814209628,-4.77207579721731e-05,0.12604000137737037,0.5711570252798993,0.9962131954795644,True,
2025-08-08 12:00:00,116207.69,LOW_OSCILLATION,做多,0.6,-0.8341260287864449,-0.006486247657840504,0.12604000137737037,1.2947494732579927,0.36663202358311137,True,
2025-08-08 16:00:00,116453.41,LOW_OSCILLATION,做多,0.6,-0.8456571056139628,0.007964529935159906,0.12604000137737037,0.859466583481194,0.5234385293161826,True,
2025-08-09 00:00:00,116384.01,LOW_OSCILLATION,做多,0.6,-0.8657192601946131,-0.004392387394479986,0.12604000137737037,0.5530491062196259,0.35744195906142345,True,
2025-08-09 04:00:00,116756.01,LOW_OSCILLATION,做多,0.6,-0.8742232635862848,0.0056881143662078654,0.12604000137737037,1.1144900702826204,0.6132278977798921,True,
2025-08-09 08:00:00,117110.0,LOW_OSCILLATION,做多,0.6,-0.8816938993934353,-0.0001644371824429591,0.12604000137737037,1.2531341747689688,0.8300942349074079,True,
2025-08-09 12:00:00,116892.47,LOW_OSCILLATION,做多,0.6,-0.8881217614372137,-0.004889362604044593,0.12604000137737037,0.7373148051261362,0.5812286617175899,True,
2025-08-09 16:00:00,116535.69,LOW_OSCILLATION,做多,0.6,-0.89349913309915,-0.001194722453765336,0.12604000137737037,0.6427188880458344,0.24805164112480663,True,
2025-08-09 20:00:00,116462.25,LOW_OSCILLATION,做多,0.6,-0.8978200037095494,0.002422013664937093,0.12604000137737037,0.891483360829576,0.1672393158133493,True,
2025-08-10 12:00:00,118815.0,LOW_OSCILLATION,做多,0.6,-0.9044786531062858,-0.0003395185418623376,0.12604000137737037,1.3638201976536084,1.5810707952997347,True,
2025-08-10 16:00:00,118663.08,LOW_OSCILLATION,做多,0.6,-0.903487360398338,-0.005372411829485178,0.12604000137737037,0.5174068363442774,1.311166169928405,True,
2025-08-10 20:00:00,119294.01,LOW_OSCILLATION,做多,0.6,-0.9014398908852296,0.00659561298317746,0.12604000137737037,1.3922173027557188,1.6707180084468591,True,
2025-08-11 08:00:00,120561.54,LOW_OSCILLATION,做多,0.6,-0.8890306133769076,-0.006451297666074279,-0.4171160897338265,1.771144876157207,1.8721090903185693,True,
2025-08-11 12:00:00,120314.4,LOW_OSCILLATION,做多,0.6,-0.8828372626709635,0.005977350051279406,-0.4171160897338265,2.0378275951840865,1.5024929446788096,True,
2025-08-11 16:00:00,119089.3,LOW_OSCILLATION,做多,0.6,-0.8756357395958935,-0.008132581088624257,-0.4171160897338265,1.0595895455110123,0.42409414033816445,True,
2025-08-11 20:00:00,118686.0,LOW_OSCILLATION,做多,0.6,-0.8674407491481481,0.006795954240065714,-0.4171160897338265,0.8785752044819258,0.07599799155468688,True,
2025-08-12 00:00:00,118857.7,LOW_OSCILLATION,做多,0.6,-0.858268655914153,0.0048332087248213335,0.6214514966931809,0.7138738550606636,0.19970716039627545,True,
2025-08-12 04:00:00,118986.72,LOW_OSCILLATION,做多,0.6,-0.8481374605462013,-0.0003611746988003313,0.6214514966931809,1.1326997300871013,0.2790134764805981,True,
2025-08-12 08:00:00,118522.22,LOW_OSCILLATION,做多,0.6,-0.8370667734847571,-0.0049892967145728755,0.6214514966931809,0.8271255130585244,-0.10175629171834763,True,
2025-08-12 20:00:00,120134.08,LOW_OSCILLATION,做多,0.6,-0.7984373858784394,0.006150007753834903,0.6214514966931809,0.7030837419697976,0.9753884475701503,True,
2025-08-13 00:00:00,119482.01,LOW_OSCILLATION,做多,0.6,-0.783835961729847,-0.009345529983167587,-0.2164446315852984,0.7680472753185286,0.38645562229393626,True,
2025-08-13 04:00:00,119580.4,LOW_OSCILLATION,做多,0.6,-0.7684161377402877,0.006251323195693509,-0.2164446315852984,0.7470319474570372,0.4242532448270409,True,
2025-08-13 08:00:00,120570.41,LOW_OSCILLATION,做多,0.6,-0.7522064825391488,0.007455561100847857,-0.2164446315852984,1.044211254308015,1.134724384507245,True,
2025-08-13 12:00:00,120920.62,LOW_OSCILLATION,做多,0.6,-0.7352369173539007,-0.0053744225039678165,-0.2164446315852984,2.179693775037162,1.2906795467382435,True,
2025-08-14 08:00:00,120949.67,LOW_OSCILLATION,做多,0.6,-0.6401263197896024,0.006696436576132122,-0.5320719862965069,0.9947307652650311,0.3468327775026513,True,
2025-08-14 20:00:00,118295.09,LOW_OSCILLATION,做多,0.6,-0.5761216920129129,0.005593075003711822,-0.5320719862965069,0.5817779103316446,-1.3537653451571794,True,
2025-08-15 00:00:00,118968.91,LOW_OSCILLATION,做多,0.6,-0.5538578450277368,0.0027356698283201733,0.6540682150561441,0.522357206601743,-0.7169918936929405,True,
2025-08-27 16:00:00,112080.69,LOW_OSCILLATION,做多,0.6,-0.30814219022955897,-0.005369361279819106,-0.07650371027249336,0.5461639643110971,0.26952440090696533,True,
2025-08-27 20:00:00,111262.01,LOW_OSCILLATION,做多,0.6,-0.3391381133705935,-0.008024826870911763,-0.07650371027249336,0.7481286805715702,-0.4189830231738492,True,
2025-08-28 04:00:00,113114.11,LOW_OSCILLATION,做多,0.6,-0.4026654308694126,0.003314328740251748,0.5477121377377486,0.817583264615477,1.0983659643735686,True,
2025-08-28 12:00:00,112678.53,LOW_OSCILLATION,做多,0.6,-0.46796367131238437,-0.00023108195272603148,0.5477121377377486,1.0509701468803228,0.5618433608288507,True,
2025-08-28 16:00:00,111901.36,LOW_OSCILLATION,做多,0.6,-0.5011708688128151,-0.00485444006091349,0.5477121377377486,0.6411084836338397,-0.11922189773352632,True,
2025-08-29 04:00:00,110019.38,LOW_OSCILLATION,做多,0.6,-0.6025036791049512,-0.007419514690516773,-0.3457639667035008,1.7274220631815929,-1.6419067387726263,True,
2025-08-29 20:00:00,108377.4,LOW_OSCILLATION,做多,0.6,-0.7399543603426391,0.003135788336377422,-0.3457639667035008,1.1358943829325332,-2.200781587701137,True,
2025-08-30 00:00:00,108436.2,LOW_OSCILLATION,做多,0.6,-0.7744371850902422,-0.0009858400384838524,-0.3457639667035008,1.2300505987398176,-1.9471587425658514,True,
2025-08-30 04:00:00,108524.26,LOW_OSCILLATION,做多,0.6,-0.8088786104667665,0.00026954188864897677,-0.3457639667035008,1.143757154384635,-1.692681481382079,True,
2025-08-30 08:00:00,108680.01,LOW_OSCILLATION,做多,0.6,-0.8432341090663119,0.0006230725490961048,-0.3457639667035008,0.5385779558990268,-1.4059010694853784,True,
2025-08-30 12:00:00,108869.98,LOW_OSCILLATION,做多,0.6,-0.8774593860135568,0.00031281257120253404,-0.3457639667035008,0.5885642363758226,-1.1173917299951774,True,
2025-08-31 00:00:00,109223.84,LOW_OSCILLATION,做多,0.6,-0.9789159366609568,0.00385519964526576,-0.3457639667035008,0.7206988869860957,-0.5310546634790295,True,
2025-08-31 08:00:00,108389.76,LOW_OSCILLATION,做多,0.6,-1.0451074366908206,0.0017905378779841845,-0.3457639667035008,0.6668434354753796,-1.0837719413779308,True,
2025-08-31 12:00:00,108818.69,LOW_OSCILLATION,做多,0.6,-1.0776432162455603,0.006887152804279258,-0.3457639667035008,1.0244078469761382,-0.6268084427450663,True,
2025-08-31 16:00:00,108930.0,LOW_OSCILLATION,做多,0.6,-1.1097511893407568,-0.0029343985075915386,-0.3457639667035008,0.5190840144753737,-0.47538269562185803,True,
2025-08-31 20:00:00,108246.35,LOW_OSCILLATION,做多,0.6,-1.1413914526044577,-0.00729894297573106,-0.3457639667035008,0.5647501203015256,-0.9962854950834056,True,
2025-09-01 00:00:00,107660.01,LOW_OSCILLATION,做多,0.6,-1.1725249527516302,0.0008593303996984967,-0.3457639667035008,1.3620279883672546,-1.3886293931574307,True,
2025-09-01 04:00:00,109432.99,BULLISH_SINGULARITY,做多,0.6,-1.2031135490645104,0.021885043121494186,-0.3457639667035008,1.188074509137548,0.21287413804387972,True,
2025-09-01 12:00:00,108784.33,LOW_OSCILLATION,做多,0.6,-1.2625083935014043,0.0059540424282783265,-0.3457639667035008,0.9466299085628727,-0.3120957412614957,True,
2025-09-01 16:00:00,109217.64,LOW_OSCILLATION,做多,0.6,-1.2912434618741193,0.003969873056831906,-0.3457639667035008,0.6667709059605984,0.07688166955810564,True,
2025-09-01 20:00:00,109237.42,LOW_OSCILLATION,做多,0.6,-1.3192913795296786,-0.0038020960846129083,-0.3457639667035008,1.4388743514287827,0.08595023239212597,True,
2025-09-02 00:00:00,110322.18,LOW_OSCILLATION,做多,0.6,-1.346619445103979,0.009749190503747401,-0.43090088032071056,1.4923277651309668,0.9759884244113677,True,
2025-09-02 08:00:00,109733.34,LOW_OSCILLATION,做多,0.6,-1.3989915118935732,-0.00374105003074238,-0.43090088032071056,1.2131705730985065,0.31789567929154633,True,
2025-09-02 20:00:00,111240.01,LOW_OSCILLATION,做多,0.6,-1.4714076003484988,0.004125906142885424,-0.43090088032071056,0.692369452061827,1.3141126759353021,True,
2025-09-03 00:00:00,111054.01,LOW_OSCILLATION,做多,0.6,-1.4938031063554187,-0.005588905917790732,0.5278052750243878,0.9613212279414344,1.0345615555821104,True,
2025-09-03 04:00:00,111099.88,LOW_OSCILLATION,做多,0.6,-1.5152874215046737,0.0020851025261647174,0.5278052750243878,0.64346225723356,0.9727918435655472,True,
2025-09-03 08:00:00,111437.77,LOW_OSCILLATION,做多,0.6,-1.5358390807687163,0.0026282751498131482,0.5278052750243878,0.63628929280795,1.1565788206544665,True,
2025-09-03 12:00:00,112222.74,LOW_OSCILLATION,做多,0.6,-1.5554381928106054,0.004002703654767915,0.5278052750243878,1.420357788248189,1.688110670421076,True,
2025-09-03 16:00:00,112193.74,LOW_OSCILLATION,做多,0.6,-1.5740664687778794,-0.007302435720427143,0.5278052750243878,0.7774210970317674,1.5011872398692283,True,
2025-09-04 00:00:00,111148.97,LOW_OSCILLATION,做多,0.6,-1.608345522728941,-0.0006341025445906895,-0.34859769661808254,0.6046358005979585,0.4111346834653368,True,
2025-09-04 04:00:00,110463.36,LOW_OSCILLATION,做多,0.6,-1.6239679553419568,-0.0011843995125366243,-0.34859769661808254,0.9153657794991216,-0.1884451545465598,True,
2025-09-04 08:00:00,110810.0,LOW_OSCILLATION,做多,0.6,-1.638562898881478,0.009306442347356583,-0.34859769661808254,0.5195106195374984,0.11287273938463643,True,
2025-09-04 20:00:00,110730.87,LOW_OSCILLATION,做多,0.6,-1.6760919475551945,0.00583273030954454,-0.34859769661808254,0.8463131209436908,0.18936734584440132,True,
2025-09-05 00:00:00,111311.77,LOW_OSCILLATION,做多,0.6,-1.6864946961024727,-0.003231907814466874,0.7188476720878467,0.7062758632570026,0.6464338893992367,True,
2025-09-05 04:00:00,112954.32,LOW_OSCILLATION,做多,0.6,-1.695837464714648,0.009510248268257825,0.7188476720878467,1.461637902800368,1.9246858693613669,True,
2025-09-05 12:00:00,110716.82,LOW_OSCILLATION,做多,0.6,-1.7113395519040708,-0.009256907004724082,0.7188476720878467,3.613217884009143,-0.20428924906281315,True,
2025-09-05 16:00:00,111614.54,BULLISH_SINGULARITY,做多,0.6071884767208784,-1.7175014308610992,0.022679874947266802,0.7188476720878467,0.8028808952378277,0.5469569601354157,True,
2025-09-06 16:00:00,110038.41,LOW_OSCILLATION,做多,0.6,-1.7325733976605513,0.00045032030402286085,0.7188476720878467,0.6235897639813041,-0.7013735196465156,True,
2025-09-07 08:00:00,111292.13,LOW_OSCILLATION,做多,0.6,-1.7225655847823094,0.003740745948966541,0.7188476720878467,0.6020606831739684,0.44701898224463865,True,
2025-09-08 00:00:00,111052.11,LOW_OSCILLATION,做多,0.6,-1.697767268797778,0.0003354839513113769,-0.48926480080949875,0.9462725283319069,0.11530340963497773,True,
2025-09-08 04:00:00,111280.39,LOW_OSCILLATION,做多,0.6,-1.6894236951221815,0.002822500518479441,-0.48926480080949875,0.7535990928123307,0.290431663269802,True,
2025-09-08 08:00:00,112052.43,LOW_OSCILLATION,做多,0.6,-1.6802737078065972,0.004882178656952,-0.48926480080949875,1.4982310762518352,0.8914620698072074,True,
2025-09-08 12:00:00,112631.75,LOW_OSCILLATION,做多,0.6,-1.670345042691461,-0.0017677104508272172,-0.48926480080949875,1.6816599986792313,1.2767817459385198,True,
2025-09-08 16:00:00,112097.31,LOW_OSCILLATION,做多,0.6,-1.6596665782283053,-0.009915100587574065,-0.48926480080949875,0.9442892785149065,0.719844843521046,True,
2025-09-08 20:00:00,112065.23,LOW_OSCILLATION,做多,0.6,-1.648268281105479,0.004458840904094803,-0.48926480080949875,0.8366734003343053,0.6247981474685553,True,
2025-09-09 00:00:00,111708.0,LOW_OSCILLATION,做多,0.6,-1.6361811500839014,-0.002901517095463548,-0.06936481166327346,1.557152116148345,0.27500126535388647,True,
2025-09-09 12:00:00,110880.76,LOW_OSCILLATION,做多,0.6,-1.5961109963848,-0.008876892675556771,-0.06936481166327346,2.888088006725402,-0.6131979102299717,True,
2025-09-09 20:00:00,111546.39,LOW_OSCILLATION,做多,0.6,-1.5665627691055997,-0.0015948274639802688,-0.06936481166327346,1.0092414602526947,0.005351051911154384,True,
2025-09-10 00:00:00,111545.88,LOW_OSCILLATION,做多,0.6,-1.5510439241133371,-0.0022045418466245044,0.07408631444996597,0.9547074521227571,0.004427719970734798,True,
2025-09-10 04:00:00,112553.65,LOW_OSCILLATION,做多,0.6,-1.5350770883794225,0.009039150506215192,0.07408631444996597,1.3468015247284346,0.8207467705774187,True,
2025-09-10 20:00:00,113960.0,LOW_OSCILLATION,做多,0.6,-1.4674774373764838,0.005848706233835871,0.07408631444996597,0.6629625759035128,1.5278574380494954,True,
2025-09-11 00:00:00,114400.01,LOW_OSCILLATION,做多,0.6,-1.449834683822689,0.0004670204761222435,0.11100232078213425,0.6802382363434548,1.7338511859736723,True,
2025-09-11 04:00:00,114083.58,LOW_OSCILLATION,做多,0.6,-1.4319718371620436,-0.0066270878728051175,0.11100232078213425,0.8137197408781234,1.3123113077378785,True,
2025-09-11 08:00:00,113999.99,LOW_OSCILLATION,做多,0.6,-1.4139276989554916,0.0020332878386434094,0.11100232078213425,0.6323459420062114,1.1188473869705233,True,
2025-09-11 12:00:00,114180.31,LOW_OSCILLATION,做多,0.6,-1.3957411192053801,0.0023144629477853855,0.11100232078213425,1.9915731964016123,1.1555954147119292,True,
2025-09-11 16:00:00,114419.99,LOW_OSCILLATION,做多,0.6,-1.37745092663367,0.0005173814821847875,0.11100232078213425,0.5708771215329732,1.2360449524900299,True,
2025-09-11 20:00:00,115482.69,LOW_OSCILLATION,做多,0.6,-1.3590958591245705,0.007188576743293332,0.11100232078213425,0.8229457282382253,1.964957253293591,True,
2025-09-12 04:00:00,115086.7,LOW_OSCILLATION,做多,0.6,-1.3223451814180576,0.001565956537370776,-0.22676144490919067,0.6282090157014464,1.3101705885074824,True,
2025-09-12 08:00:00,114913.45,LOW_OSCILLATION,做多,0.6,-1.3040259715053886,-0.0005727004755510137,-0.22676144490919067,0.7566711680962775,1.0462527713168979,True,
2025-09-12 12:00:00,115121.18,LOW_OSCILLATION,做多,0.6,-1.2857945511901223,0.0033130951314701987,-0.22676144490919067,0.8022637892019527,1.1105755946412812,True,
2025-09-13 00:00:00,115957.0,LOW_OSCILLATION,做多,0.6,-1.2319970180991984,0.004546704689301466,-0.22676144490919067,0.8924269102460839,1.3075581838473578,True,
2025-09-13 12:00:00,115768.68,LOW_OSCILLATION,做多,0.6,-1.1802973930470346,-0.003459045963255019,-0.22676144490919067,0.568754822874369,0.8278289797855579,True,
2025-09-13 16:00:00,115797.12,LOW_OSCILLATION,做多,0.6,-1.1636912494076348,0.0020170059197345833,-0.22676144490919067,0.6722445669006868,0.770772845100914,True,
2025-09-14 12:00:00,115224.01,LOW_OSCILLATION,做多,0.6,-1.0868006806043704,-0.004839771872571244,-0.22676144490919067,1.0609374327488086,0.016085196209466565,True,
2025-09-14 20:00:00,115268.01,LOW_OSCILLATION,做多,0.6,-1.0594546334891604,-0.0067403982125243175,-0.22676144490919067,0.6912055273636672,0.016976950116545077,True,
2025-09-15 00:00:00,115445.45,LOW_OSCILLATION,做多,0.6,-1.0466189854750907,0.004712975870292717,0.4945614820355309,0.7681881284608394,0.1546348098860692,True,
2025-09-15 04:00:00,115806.62,LOW_OSCILLATION,做多,0.6,-1.0343734757257668,0.0015891215666500073,0.4945614820355309,1.5453277794725973,0.4232106744085395,True,
2025-09-15 08:00:00,115070.0,LOW_OSCILLATION,做多,0.6,-1.0227403910025066,-0.009489266821999659,0.4945614820355309,2.0552677972332734,-0.19506952818629017,True,
2025-09-15 12:00:00,114842.9,LOW_OSCILLATION,做多,0.6,-1.0117406684300736,0.004387194968163359,0.4945614820355309,1.6924527953443598,-0.3548377622569739,True,
2025-09-15 16:00:00,115307.78,LOW_OSCILLATION,做多,0.6,-1.001393859749037,0.00602154595266366,0.4945614820355309,1.0606765540828944,0.04389912928077102,True,
2025-09-15 20:00:00,115349.71,LOW_OSCILLATION,做多,0.6,-0.9917180980699236,-0.003684329173699286,0.4945614820355309,0.532588859767354,0.07262750300547785,True,
2025-09-16 00:00:00,115307.25,LOW_OSCILLATION,做多,0.6,-0.9827300671838498,-0.0007317335018502997,-0.05511248091290819,0.5545085900488917,0.0323811995677597,True,
2025-09-16 04:00:00,115840.0,LOW_OSCILLATION,做多,0.6,-0.974444973479777,0.004988362575276274,-0.05511248091290819,1.2276279890296211,0.4472459168857121,True,
2025-09-16 08:00:00,115287.83,LOW_OSCILLATION,做多,0.6,-0.9668765205139027,-0.00938692546565235,-0.05511248091290819,0.8956717299500698,-0.028547945195436727,True,
2025-09-16 16:00:00,116800.12,LOW_OSCILLATION,做多,0.6,-0.9539367031606057,0.0023542953743245654,-0.05511248091290819,1.7732914871818524,1.1150842805814936,True,
2025-09-16 20:00:00,116788.96,LOW_OSCILLATION,做多,0.6,-0.9485850407587019,-0.0078107733386196,-0.05511248091290819,0.7463552484817614,0.9990927469741084,True,
2025-09-17 00:00:00,116372.04,LOW_OSCILLATION,做多,0.6,-0.9439893913554865,-0.003474310125837209,-0.3654630341412578,0.9966812276446032,0.5773758439922275,True,
2025-09-17 12:00:00,115875.32,LOW_OSCILLATION,做多,0.6,-0.9347895597311293,0.004426009021220196,-0.3654630341412578,1.5110987315371258,-0.005561097912151595,True,
2025-09-17 16:00:00,115652.02,LOW_OSCILLATION,做多,0.6,-0.9332609909158376,0.001365687697259286,-0.3654630341412578,2.6944546727101777,-0.1794097163130743,True,
2025-09-17 20:00:00,116447.59,LOW_OSCILLATION,做多,0.6,-0.9325019283677424,0.00880606914592194,-0.3654630341412578,1.1037654667896537,0.45872421533415225,True,
2025-09-18 00:00:00,117581.66,LOW_OSCILLATION,做多,0.6,-0.9325102550544276,0.0028598898067307282,-0.39462516107266726,1.3653131865694483,1.298438537405988,True,
2025-09-18 08:00:00,117063.4,LOW_OSCILLATION,做多,0.6,-0.9348126195502534,0.004022262375423792,-0.39462516107266726,0.5108553960873861,0.6946371294327072,True,
2025-09-18 12:00:00,117583.56,LOW_OSCILLATION,做多,0.6,-0.9370944621955314,0.004636510078089969,-0.39462516107266726,1.0642264629514093,1.0321734161736706,True,
2025-09-18 16:00:00,117450.21,LOW_OSCILLATION,做多,0.6,-0.9401193284948564,-0.005577491284617774,-0.39462516107266726,0.836105514721916,0.8294793319061825,True,
2025-09-18 20:00:00,117073.53,LOW_OSCILLATION,做多,0.6,-0.9438772145066825,-0.0020730591330268815,-0.39462516107266726,0.6529802063964203,0.45768341710064564,True,
2025-09-19 00:00:00,116977.58,LOW_OSCILLATION,做多,0.6,-0.9483565856335706,0.0023875758435947625,0.3133477898420416,0.6380706630574847,0.339482175650435,True,
2025-09-19 04:00:00,116909.97,LOW_OSCILLATION,做多,0.6,-0.9535443985300253,0.0002415964000961725,0.3133477898420416,0.7289035824244772,0.2546118715392091,True,
2025-09-19 08:00:00,116394.72,LOW_OSCILLATION,做多,0.6,-0.9594261256476336,-0.0038292634650598386,0.3133477898420416,0.5842007910564682,-0.16943241247902807,True,
2025-09-19 12:00:00,115884.03,LOW_OSCILLATION,做多,0.6,-0.9659857823709057,1.9667308752025804e-05,0.3133477898420416,1.2265204390978877,-0.549912163850387,True,
2025-09-19 16:00:00,115125.12,LOW_OSCILLATION,做多,0.6,-0.9732059566927626,-0.0021613046094781053,0.3133477898420416,0.6513305603654788,-1.0880432129976123,True,
2025-09-20 16:00:00,115702.0,LOW_OSCILLATION,做多,0.6,-1.0292515540169347,-0.003253770202980296,0.3133477898420416,0.5044640704480461,-0.3583479682838474,True,
2025-09-21 00:00:00,115669.41,LOW_OSCILLATION,做多,0.6,-1.0522131629859433,1.2765967936954957e-06,0.3133477898420416,0.6424170944329632,-0.31773894389115914,True,
2025-09-21 04:00:00,115815.97,LOW_OSCILLATION,做多,0.6,-1.0643767129503137,0.0014072668463802392,0.3133477898420416,0.5966227853286702,-0.17323523079255082,True,
2025-09-21 08:00:00,115603.45,LOW_OSCILLATION,做多,0.6,-1.0769563750168931,-0.0031020393837645948,0.3133477898420416,0.6357014781627034,-0.3225805354237407,True,
2025-09-21 12:00:00,115531.61,LOW_OSCILLATION,做多,0.6,-1.0899216571470467,0.001213545357249675,0.3133477898420416,0.5680222694109844,-0.3480297095659098,True,
2025-09-21 16:00:00,115480.05,LOW_OSCILLATION,做多,0.6,-1.1032411699163889,0.00017514995357730478,0.3133477898420416,0.6718564819010923,-0.35525444088115654,True,
2025-09-21 20:00:00,115232.29,LOW_OSCILLATION,做多,0.6,-1.1168826827375424,-0.001699194020470609,0.3133477898420416,0.5109191134419921,-0.5151250009967249,True,
2025-09-22 00:00:00,114649.89,LOW_OSCILLATION,做多,0.6,-1.1308131815064733,-0.0029086600971776943,0.07371356207951425,2.7205224229994545,-0.9218828823602895,True,
2025-09-22 08:00:00,112876.97,BULLISH_SINGULARITY,做多,0.6007371356207951,-1.1594055179087435,0.021750019152395602,0.07371356207951425,2.0164187055356657,-1.9916469505641128,True,
2025-09-22 12:00:00,112815.5,LOW_OSCILLATION,做多,0.6,-1.173997946432254,-0.0037171670344122746,0.07371356207951425,2.0677606388937946,-1.8538667343919055,True,
2025-09-22 16:00:00,112122.9,LOW_OSCILLATION,做多,0.6,-1.188740666272352,-0.005594652109314397,0.07371356207951425,1.6289635615146874,-2.2276760295588827,True,
2025-09-23 00:00:00,112339.99,LOW_OSCILLATION,做多,0.6,-1.2185324684436811,-0.007470660152874121,0.18196618353269628,1.4455716549672275,-1.6978484531021836,True,
2025-09-23 04:00:00,113090.13,LOW_OSCILLATION,做多,0.6,-1.2335083256199995,0.009438147627749255,0.18196618353269628,1.436615502240488,-0.9431951222517441,True,
2025-09-23 08:00:00,112975.99,LOW_OSCILLATION,做多,0.6,-1.248488153626162,-0.007686691943715205,0.18196618353269628,1.0089783330540523,-0.944760466944076,True,
2025-09-23 12:00:00,112882.19,LOW_OSCILLATION,做多,0.6,-1.2634346634168707,0.00017901857185362129,0.18196618353269628,1.0489449086748215,-0.9301025201720831,True,
2025-09-24 00:00:00,111683.09,LOW_OSCILLATION,做多,0.6,-1.3076995068537998,-0.005895391881049537,-0.6118787027623548,1.385471877090645,-1.4976347240299426,True,
2025-09-24 08:00:00,113029.46,LOW_OSCILLATION,做多,0.6,-1.3363553742277638,-0.004101753410295551,-0.6118787027623548,0.7126533968600118,-0.22020607234225284,True,
2025-09-24 12:00:00,113346.41,LOW_OSCILLATION,做多,0.6,-1.3503150141545468,-0.0011566559411130151,-0.6118787027623548,1.1088233476032336,0.05391175605970695,True,
2025-09-24 16:00:00,113420.01,LOW_OSCILLATION,做多,0.6,-1.3639797558400992,-0.0021547993533039735,-0.6118787027623548,0.5701617640986058,0.10754632352620681,True,
2025-09-24 20:00:00,113307.0,LOW_OSCILLATION,做多,0.6,-1.3773129423591164,-0.0016457218721071198,-0.6118787027623548,0.5105047385958748,0.007057690315715352,True,
2025-09-25 00:00:00,112546.21,LOW_OSCILLATION,做多,0.6,-1.3902782901125388,-0.005718028025383894,0.15503794925239064,1.2435187607406708,-0.6015325048450009,True,
2025-09-25 04:00:00,111766.72,LOW_OSCILLATION,做多,0.6,-1.402839952550978,-0.00021154207065676722,0.15503794925239064,1.1394473566140795,-1.1685439198058856,True,
2025-09-25 08:00:00,111348.0,LOW_OSCILLATION,做多,0.6,-1.4149625830888395,0.0031795805338052626,0.15503794925239064,0.9035166338853362,-1.3942942303635388,True,
2025-09-25 12:00:00,111580.77,LOW_OSCILLATION,做多,0.6,-1.4266113971013261,0.0058368477029761626,0.15503794925239064,1.9693185870677123,-1.0762212342274622,True,
2025-09-26 00:00:00,109580.01,LOW_OSCILLATION,做多,0.6,-1.4583767956111229,0.0087142787590033,0.3837365672677548,0.9379071356260549,-2.0674091589798342,True,
2025-09-26 04:00:00,109320.02,LOW_OSCILLATION,做多,0.6,-1.4677958461971954,-0.007744618950424439,0.3837365672677548,1.191828774249875,-2.085306604156376,True,
2025-09-26 08:00:00,109133.5,LOW_OSCILLATION,做多,0.6,-1.4765776790617182,0.0006664209045603702,0.3837365672677548,1.037841770116892,-2.0422367056414577,True,
2025-09-26 12:00:00,109027.78,LOW_OSCILLATION,做多,0.6,-1.4846921188334878,0.0007374615739260249,0.3837365672677548,1.239853120667752,-1.937537877111693,True,
2025-09-26 16:00:00,109172.2,LOW_OSCILLATION,做多,0.6,-1.492109951770625,0.002293338328376916,0.3837365672677548,0.7963718266804782,-1.638306719767783,True,
2025-09-27 08:00:00,109310.21,LOW_OSCILLATION,做多,0.6,-1.5142674045540259,0.00037833844858356806,0.3837365672677548,0.5615855078118447,-1.0654579926068721,True,
2025-09-28 12:00:00,110037.93,LOW_OSCILLATION,做多,0.6,-1.520481333662525,0.0074313598815529585,0.3837365672677548,0.6990785585706247,0.011133508353938651,True,
2025-09-28 16:00:00,110337.6,LOW_OSCILLATION,做多,0.6,-1.517675155847025,-0.0033927492915884158,0.3837365672677548,0.6479395687693905,0.2564282279687422,True,
2025-09-29 04:00:00,111865.95,LOW_OSCILLATION,做多,0.6,-1.5034029669628601,0.0028075252508424882,0.18143578345137074,1.1658785597962793,1.1926612474797784,True,
2025-09-29 08:00:00,112100.0,LOW_OSCILLATION,做多,0.6,-1.4966617069084278,0.002016783151401533,0.18143578345137074,1.362145489135249,1.268932506163926,True,
2025-09-30 04:00:00,113699.23,LOW_OSCILLATION,做多,0.6,-1.4478086387874443,-0.00648408570053802,-0.28409285767988823,1.3930374742413105,1.4885944846420518,True,
2025-09-30 08:00:00,113055.01,LOW_OSCILLATION,做多,0.6,-1.4349943117209043,0.00025445120684691215,-0.28409285767988823,1.6287028316353922,0.8258357279552845,True,
2025-09-30 12:00:00,113106.16,LOW_OSCILLATION,做多,0.6,-1.4211679573649785,0.0061184360477034285,-0.28409285767988823,1.5284525719064226,0.787803477444631,True,
2025-10-01 00:00:00,114176.92,LOW_OSCILLATION,做多,0.6,-1.3736668374872072,0.003842244855344346,0.0052288705599092666,1.0056236723616,1.2814262044638451,True,
2025-10-01 04:00:00,114539.02,LOW_OSCILLATION,做多,0.6,-1.3558502504214063,0.002049156386481217,0.0052288705599092666,0.9469262567596733,1.4477883511702683,True,
2025-10-03 04:00:00,119640.21,LOW_OSCILLATION,做多,0.6,-1.0704160923935309,-0.002353769470439849,0.4916139186254188,0.773482447233619,1.9223071624673955,True,
2025-10-05 12:00:00,122803.17,LOW_OSCILLATION,做多,0.6,-0.6088555162181498,0.004657297307530742,0.4916139186254188,0.6967672597738956,1.131232817964615,True,
2025-10-05 16:00:00,122591.79,LOW_OSCILLATION,做多,0.6,-0.5726841522972524,0.003636275273595128,0.4916139186254188,0.7339238342870849,0.8652100590202574,True,
2025-10-06 00:00:00,123839.09,LOW_OSCILLATION,做多,0.6,-0.49968288657996623,-0.00437478723420544,-0.42592691282905243,1.0169755936496172,1.5686426290161783,True,
2025-10-06 04:00:00,123390.47,LOW_OSCILLATION,做多,0.6,-0.46293012906004627,-0.006511924884587059,-0.42592691282905243,0.744024892438189,1.0851064521109022,True,
2025-10-06 20:00:00,124658.54,LOW_OSCILLATION,做多,0.6,-0.31514602135768044,-0.009284926226445726,-0.42592691282905243,0.7248137989961472,1.363739209093396,True,
2025-10-09 20:00:00,121662.4,HIGH_OSCILLATION,做空,0.6,0.3075827076095355,0.007488812659733248,-0.02372965503196372,0.7029685281033357,-0.4878627792796837,True,
2025-10-10 04:00:00,120932.05,HIGH_OSCILLATION,做空,0.6,0.3668999460979803,0.004454424135652918,0.2334909150241095,0.7913243256902585,-0.8967016055365403,True,
2025-10-12 12:00:00,113198.2,HIGH_OSCILLATION,做空,0.6,0.6928563602827597,0.009170841649456514,0.2334909150241095,1.3191831453181384,-1.4595175937466176,True,
2025-10-12 16:00:00,114342.28,HIGH_OSCILLATION,做空,0.6,0.7094653931034747,-0.0019616082297750394,0.2334909150241095,0.9431674584410835,-0.41961596820873975,True,
2025-10-12 20:00:00,114958.8,HIGH_OSCILLATION,做空,0.6,0.7251305334326562,-0.004714993202580787,0.2334909150241095,0.8933645906755225,0.1061254376625061,True,
2025-10-13 00:00:00,114821.12,HIGH_OSCILLATION,做空,0.6,0.7398477591238094,-0.0065895277495233865,0.2334909150241095,0.5960744735979285,-0.012455395441365444,True,
2025-10-14 00:00:00,113500.0,HIGH_OSCILLATION,做空,0.6,0.8082035744582522,-0.009052614259125649,-0.028467979943317376,0.5104137725254604,-1.1024291025729847,True,
2025-10-15 20:00:00,110763.28,HIGH_OSCILLATION,做空,0.6,0.8480897183689733,-0.00884497260130122,0.3079657901673157,0.5337401703158565,-1.7729099578123741,True,
2025-10-16 00:00:00,111329.48,HIGH_OSCILLATION,做空,0.6,0.8466825833305952,0.009681246943206639,-0.10743735688723755,0.6285609449878709,-1.151157849737742,True,
2025-10-17 00:00:00,109176.74,HIGH_OSCILLATION,做空,0.6,0.8231260295619259,0.009111756133612382,-0.18303279344962253,0.5454268128901983,-1.7195902738486892,True,
2025-10-18 00:00:00,107070.4,HIGH_OSCILLATION,做空,0.6,0.7777141028584384,0.006217650735680747,-0.18303279344962253,0.5579015895941807,-1.7525483879322905,True,
2025-10-18 04:00:00,106665.0,HIGH_OSCILLATION,做空,0.6,0.7684576285721564,-0.009787514566851225,-0.18303279344962253,0.6174394660159469,-1.9261019920377254,True,
2025-10-19 12:00:00,108486.7,HIGH_OSCILLATION,做空,0.6,0.682792717078258,-0.002816361348286357,-0.18303279344962253,0.8649022915716255,0.4267515960774907,True,
2025-10-19 16:00:00,108908.43,HIGH_OSCILLATION,做空,0.6,0.6711339622278776,-0.0026370808857710216,-0.18303279344962253,0.5983789883136338,0.7387507616874506,True,
2025-10-19 20:00:00,108642.78,HIGH_OSCILLATION,做空,0.6,0.6593770097408034,-0.0063265940804263805,-0.18303279344962253,0.5460874204873566,0.445863854630624,True,
2025-10-20 04:00:00,111169.92,HIGH_OSCILLATION,做空,0.6,0.6357047779495231,-0.004530043102400483,0.09974437141164622,1.0995272271616228,2.3492799875810273,True,
2025-10-20 12:00:00,111144.55,HIGH_OSCILLATION,做空,0.6,0.6120475792204373,0.0025289783952237594,0.09974437141164622,0.8816218236144319,1.9062753000477002,True,
2025-10-20 16:00:00,110803.22,HIGH_OSCILLATION,做空,0.6,0.6003087811101668,-0.004222223406384668,0.09974437141164622,1.281484694638985,1.4393878484707139,True,
2025-10-20 20:00:00,110532.09,HIGH_OSCILLATION,做空,0.6,0.588674255504515,0.0006240952198658199,0.09974437141164622,0.5303053419799716,1.0765046169710395,True,
2025-10-21 04:00:00,108086.37,HIGH_OSCILLATION,做空,0.6,0.5658493101478207,0.004404887627239652,-0.28498484188529394,1.8558284137665602,-1.0275957718673723,True,
2025-10-21 16:00:00,111780.39,BEARISH_SINGULARITY,做空,0.7,0.5332037684180363,-0.05907814065777145,-0.28498484188529394,3.1162015490698027,1.8336522128381223,True,
2025-10-22 04:00:00,108321.63,HIGH_OSCILLATION,做空,0.6,0.5032119746466139,0.0017298588578453463,0.21242001087763998,0.963122890173186,-0.9690744511856271,True,
2025-10-22 08:00:00,107555.05,HIGH_OSCILLATION,做空,0.6,0.4939427978131678,-0.008052805951472999,0.21242001087763998,0.9600653005783495,-1.513273279960759,True,
2025-10-22 20:00:00,107567.44,HIGH_OSCILLATION,做空,0.6,0.46871042460096934,0.0022294241179171225,0.21242001087763998,0.8780256883803086,-1.2005524138020032,True,
2025-10-23 04:00:00,109269.9,HIGH_OSCILLATION,做空,0.6,0.45429635655913936,0.0006949082338890081,-0.04146466675383334,0.7307686115047828,0.3678712773217445,True,
2025-10-23 12:00:00,109908.28,HIGH_OSCILLATION,做空,0.6,0.44203630274406513,0.006136144481884081,-0.04146466675383334,0.9568345271847232,0.8319225069279573,True,
2025-10-23 16:00:00,110200.0,HIGH_OSCILLATION,做空,0.6,0.43677049644431465,-0.0033354134166838616,-0.04146466675383334,0.8112582238841877,0.9937919979078872,True,
2025-10-24 04:00:00,111054.61,HIGH_OSCILLATION,做空,0.6,0.42467734131280666,0.0022516100690427436,0.06354941513044274,0.6172299136215862,1.4293953003340445,True,
2025-10-24 12:00:00,110046.91,HIGH_OSCILLATION,做空,0.6,0.41988754763879016,-0.009283295844546983,0.06354941513044274,1.2598958617286775,0.33588758600357543,True,
2025-10-26 08:00:00,113286.09,HIGH_OSCILLATION,做空,0.6,0.4456106812359164,0.009815788324972055,0.06354941513044274,1.447025760407173,2.0511394762448907,True,
2025-10-26 16:00:00,113585.99,HIGH_OSCILLATION,做空,0.6,0.46031446106294877,-0.004567798892132233,0.06354941513044274,0.6693447145369077,1.8836497692110283,True,
2025-10-26 20:00:00,114559.4,HIGH_OSCILLATION,做空,0.6,0.468850488609521,0.00952833654430918,0.06354941513044274,1.9412893438740373,2.48769173641461,True,
2025-10-27 00:00:00,114958.51,HIGH_OSCILLATION,做空,0.6,0.4781751963874381,-0.005085937389051207,0.099309174300762,1.6447264023499306,2.5668629850077567,True,
2025-10-27 04:00:00,115554.6,HIGH_OSCILLATION,做空,0.6,0.48828656390918923,0.0017013925532130335,0.099309174300762,2.5116524763777908,2.7953354212535064,True,
2025-10-27 08:00:00,115362.02,HIGH_OSCILLATION,做空,0.6,0.49918141288954837,-0.006851833530291332,0.099309174300762,1.6168692007404466,2.3681947387800344,True,
2025-10-27 12:00:00,114969.68,HIGH_OSCILLATION,做空,0.6,0.5108554189111284,-0.001734374522346174,0.099309174300762,1.8888132966414475,1.8241513003147285,True,
2025-10-27 16:00:00,114942.64,HIGH_OSCILLATION,做空,0.6,0.523303124708239,0.0031657535521363456,0.099309174300762,0.9437499183136332,1.6259674346345339,True,
2025-10-27 20:00:00,114107.65,HIGH_OSCILLATION,做空,0.6,0.5365179550318314,-0.0070292135242734245,0.099309174300762,1.003641973378769,0.8024923886922951,True,
2025-10-28 00:00:00,113908.24,HIGH_OSCILLATION,做空,0.6,0.5504922330560184,0.005516845659872497,0.019526128813946473,0.9648749571734407,0.5663452714793538,True,
2025-10-28 04:00:00,114188.37,HIGH_OSCILLATION,做空,0.6,0.5652171982844193,0.004206820498665631,0.019526128813946473,0.9589838377304196,0.7356022321412874,True,
2025-10-28 08:00:00,114357.73,HIGH_OSCILLATION,做空,0.6,0.5806830259124779,-0.0009760968876002831,0.019526128813946473,0.5366878896049646,0.8000486199417691,True,
2025-10-28 12:00:00,114641.38,HIGH_OSCILLATION,做空,0.6,0.596878847599849,0.0009972112201163134,0.019526128813946473,1.646662629639849,0.9491146005685118,True,
2025-10-28 20:00:00,112898.45,HIGH_OSCILLATION,做空,0.6,0.631411916232781,0.0013365694773377805,0.019526128813946473,1.2253731283745704,-0.5397159234546008,True,
2025-10-29 00:00:00,112523.49,HIGH_OSCILLATION,做空,0.6,0.6497224145424447,0.003641051649828779,-0.04889048868128533,0.7824450007836176,-0.7878362826509133,True,
2025-10-30 04:00:00,111366.72,HIGH_OSCILLATION,做空,0.6,0.795897649432123,-0.0010814844888228673,-0.6961170127471943,1.9653716394073666,-0.92079136106748,True,
2025-10-31 00:00:00,109227.86,HIGH_OSCILLATION,做空,0.6,0.9171220681962705,-0.008414356568363522,0.5210861421828454,1.2098961013741778,-1.4087202478880712,True,
2025-10-31 04:00:00,109449.31,HIGH_OSCILLATION,做空,0.6,0.9427677677898082,-0.006327054527675829,0.5210861421828454,1.022805026137814,-1.0949684545087364,True,
2025-10-31 08:00:00,110415.61,HIGH_OSCILLATION,做空,0.6,0.9688249403839199,0.006801331404988767,0.5210861421828454,0.6909683603076989,-0.200683466244956,True,
2025-10-31 16:00:00,109828.78,HIGH_OSCILLATION,做空,0.6,1.0220740135777209,-0.0014683803682742586,0.5210861421828454,1.0015252159046524,-0.6282542055439821,True,
2025-11-02 04:00:00,110895.53,HIGH_OSCILLATION,做空,0.6,1.2752396390313299,0.008061114729912076,0.5210861421828454,1.4722048956392404,0.48830272482309384,True,
2025-11-02 08:00:00,111196.99,HIGH_OSCILLATION,做空,0.6,1.304196475215784,-0.004935154746536929,0.5210861421828454,0.8059788294682005,0.6884511946759001,True,
2025-11-02 20:00:00,110540.68,HIGH_OSCILLATION,做空,0.6,1.3913416030141819,0.00269051809348574,0.5210861421828454,0.6254367641824289,0.12773613392609792,True,
2025-11-03 08:00:00,107787.42,HIGH_OSCILLATION,做空,0.6,1.4783166254788653,0.007317234419132771,0.029475883313957438,1.4421609088513918,-1.7491270523800875,True,
2025-11-06 00:00:00,103636.03,HIGH_OSCILLATION,做空,0.6,1.909643921621877,-0.0012162015664395984,0.14203141727305646,0.6393836247605954,-1.0696604549037052,True,
2025-11-07 00:00:00,101916.29,HIGH_OSCILLATION,做空,0.6,2.044007448137905,0.006048602963098456,0.11860028279793888,0.6748723877459898,-1.5757270570134583,True,
2025-11-07 04:00:00,102010.0,HIGH_OSCILLATION,做空,0.6,2.0643897255352592,-0.0047072814440910025,0.11860028279793888,0.5228239330819034,-1.3456810908817765,True,
2025-11-07 20:00:00,103339.08,BEARISH_SINGULARITY,做空,0.7011860028279794,2.1395583615083793,-0.026310644248720864,0.11860028279793888,0.5048012502792113,0.34758503106400807,True,
2025-11-08 12:00:00,101711.45,HIGH_OSCILLATION,做空,0.6,2.2038721057798707,0.003414663803761861,0.11860028279793888,0.7180056095202474,-0.9500110123080148,True,
2025-11-08 16:00:00,101989.65,HIGH_OSCILLATION,做空,0.6,2.218161854159638,0.0041651331151358285,0.11860028279793888,0.5056640581704214,-0.6148129460543353,True,
2025-11-09 00:00:00,101662.05,HIGH_OSCILLATION,做空,0.6,2.2445223605895968,-0.009531587840296838,0.11860028279793888,0.5741873713393693,-0.8202005268441683,True,
2025-11-09 08:00:00,102239.41,HIGH_OSCILLATION,做空,0.6,2.2678659639205385,0.00011275500272738296,0.11860028279793888,0.5101730691411793,-0.1856765755913353,True,
2025-11-09 16:00:00,104805.57,HIGH_OSCILLATION,做空,0.6,2.2881328684587925,-0.004838372984992068,0.11860028279793888,0.7690908382758446,1.980004253006295,True,
2025-11-10 04:00:00,106461.45,HIGH_OSCILLATION,做空,0.6,2.312661780843071,-0.008373190983036027,-0.16774496556955318,0.7671736984164703,2.806596544315936,True,
2025-11-10 08:00:00,106176.5,HIGH_OSCILLATION,做空,0.6,2.3192545557945357,-0.00676491086869368,-0.16774496556955318,0.6893652031060056,2.2848320238277453,True,
2025-11-10 12:00:00,105079.99,HIGH_OSCILLATION,做空,0.6,2.325050172407747,-0.0076506824442743645,-0.16774496556955318,1.610948873066641,1.110212082270009,True,
2025-11-10 20:00:00,106011.13,HIGH_OSCILLATION,做空,0.6,2.334241757665445,-0.005198011577719832,-0.16774496556955318,0.8701676886267541,1.6525072831229801,True,
2025-11-11 00:00:00,106456.0,HIGH_OSCILLATION,做空,0.6,2.337635309934494,0.0023712366714541723,-0.16774496556955318,1.6641939269156418,1.8773609844497454,True,
2025-11-11 12:00:00,103455.99,BEARISH_SINGULARITY,做空,0.7,2.3430062109520224,-0.022661159405563087,-0.16774496556955318,2.687223482891502,-0.9880830255968978,True,
2025-11-11 20:00:00,103058.99,HIGH_OSCILLATION,做空,0.6,2.342590690055757,0.0025323288128010447,-0.16774496556955318,0.8274818654927114,-1.128156079378812,True,
2025-11-12 00:00:00,103310.0,HIGH_OSCILLATION,做空,0.6,2.3411909136791382,0.003089162329144449,0.12906798048048512,0.79983642224826,-0.8035143364019023,True,
2025-11-12 04:00:00,103112.66,HIGH_OSCILLATION,做空,0.6,2.3390008762562933,-0.004345768645789765,0.12906798048048512,0.6364297277180043,-0.8992761419699674,True,
2025-11-12 12:00:00,102173.51,BEARISH_SINGULARITY,做空,0.7012906798048049,2.3322666899711924,-0.045617635905590516,0.12906798048048512,1.412153527428062,-1.7123735336236365,True,
2025-11-13 00:00:00,102130.21,HIGH_OSCILLATION,做空,0.6,2.3163569915356037,0.0011560881188473183,0.019352282011696934,0.9606693110621363,-1.2038863315382389,True,
2025-11-13 04:00:00,103475.66,HIGH_OSCILLATION,做空,0.6,2.309529011744719,0.00849290931821119,0.019352282011696934,1.1497402339903557,0.08833338994770114,True,
2025-11-13 12:00:00,101382.64,HIGH_OSCILLATION,做空,0.6,2.293628161410079,-0.009884825048095998,0.019352282011696934,1.6601936900748446,-1.7182572428613696,True,
2025-11-16 08:00:00,95627.13,HIGH_OSCILLATION,做空,0.6,2.0478337223090297,-0.007790001088622538,-0.3772198347292073,0.5131124979554361,-1.891750067175709,True,
2025-11-17 08:00:00,95565.38,HIGH_OSCILLATION,做空,0.6,1.9205460047594867,-0.0025680965156099065,0.03097304540254581,0.743920034867855,-0.8298832133732073,True,
2025-11-18 12:00:00,92910.1,HIGH_OSCILLATION,做空,0.6,1.7515605028392245,0.004101769469487518,0.04870721058488314,1.3668987737041747,-1.2765116663915697,True,
2025-11-19 00:00:00,91874.52,HIGH_OSCILLATION,做空,0.6,1.6735948381101238,-0.00916645711807153,-0.15553056646789723,0.5676510278135175,-1.9773606356944227,True,
2025-11-20 00:00:00,92440.32,BEARISH_SINGULARITY,做空,0.7007543707103474,1.5099326778528446,-0.02037320603828259,0.07543707103474445,0.6451346279105891,-0.08450700597128563,True,
2025-11-20 08:00:00,91934.0,HIGH_OSCILLATION,做空,0.6,1.4535522677356496,-0.002883401439106232,0.07543707103474445,0.541882763908292,-0.5535660913792232,True,
2025-11-23 12:00:00,87087.44,HIGH_OSCILLATION,做空,0.6,0.9008221913989582,0.00235783931872878,0.022767490520035735,0.5302296527157068,0.787567760984613,True,
2025-11-23 16:00:00,87325.01,HIGH_OSCILLATION,做空,0.6,0.8720167951313371,-0.006030870445708656,0.022767490520035735,0.5647737687815152,0.9603476820197401,True,
2025-11-23 20:00:00,86830.0,HIGH_OSCILLATION,做空,0.6,0.8433465184886726,-0.008396541593125985,0.022767490520035735,0.5505684973105135,0.35095817232700965,True,
2025-11-24 08:00:00,86264.72,HIGH_OSCILLATION,做空,0.6,0.7582930517540092,-0.004341836419201428,0.09278329464794102,0.6287741123801397,-0.4094265646055206,True,
2025-11-24 20:00:00,88300.01,BEARISH_SINGULARITY,做空,0.7009278329464793,0.6749783607130898,-0.02006087529943819,0.09278329464794102,0.8296394971472524,1.580239997718784,True,
2025-11-25 00:00:00,87822.12,HIGH_OSCILLATION,做空,0.6,0.6476591950050145,-0.0051032658485993,0.26759098363106726,0.7666442905798085,0.9314211791374195,True,
2025-11-25 04:00:00,87384.81,HIGH_OSCILLATION,做空,0.6,0.6205893064882743,0.0004326199746360823,0.26759098363106726,0.9457601363491657,0.38783377341520825,True,
2025-11-25 08:00:00,87361.71,HIGH_OSCILLATION,做空,0.6,0.5937823003734752,0.0047151491899181525,0.26759098363106726,1.053131692561778,0.3267748237750891,True,
2025-11-25 12:00:00,86988.94,HIGH_OSCILLATION,做空,0.6,0.5672516103010832,-0.004002624335522712,0.26759098363106726,1.4557053445062424,-0.09167638103429043,True,
2025-11-25 16:00:00,86882.85,HIGH_OSCILLATION,做空,0.6,0.5410104906220545,0.0030473920100813376,0.26759098363106726,0.9611819749803725,-0.19322641428521217,True,
2025-11-25 20:00:00,87369.96,HIGH_OSCILLATION,做空,0.6,0.5150720084739502,0.006826095307911426,0.26759098363106726,0.7461841484748045,0.33133646349251694,True,
2025-11-26 00:00:00,87119.92,HIGH_OSCILLATION,做空,0.6,0.48944903565272413,-0.00846836818411898,0.08494456475804475,0.6584954006199814,0.03999142252643399,True,
2025-11-26 12:00:00,86978.0,HIGH_OSCILLATION,做空,0.6,0.41459878462998573,0.008191670657397628,0.08494456475804475,1.243760289236652,-0.18828964626552458,True,
2025-11-26 20:00:00,90484.02,BEARISH_SINGULARITY,做空,0.7008494456475804,0.36650258396036894,-0.02839962768353966,0.08494456475804475,1.0124223214326677,3.1710153846204383,True,
2025-11-27 00:00:00,91091.68,HIGH_OSCILLATION,做空,0.6,0.34303096103722247,0.0008611094189779258,0.08494456475804475,1.5276845203338374,3.483071369307087,True,
2025-11-27 04:00:00,91408.34,HIGH_OSCILLATION,做空,0.6,0.31995875592294454,-0.00323938298793907,0.08494456475804475,0.6596477282635257,3.4641474993468915,True,
2025-12-23 04:00:00,87574.79,LOW_OSCILLATION,做多,0.6,-0.35178137678859084,-0.0016639792090102131,0.09001000374783524,1.3120876895738125,-0.9024941406161434,True,
2025-12-23 08:00:00,87856.65,LOW_OSCILLATION,做多,0.6,-0.3650644959781247,0.009969215005604961,0.09001000374783524,0.9277276007928297,-0.5282657779939187,True,
2025-12-23 12:00:00,87443.45,LOW_OSCILLATION,做多,0.6,-0.37809869650362593,-0.007921621961943612,0.09001000374783524,2.035266008587535,-0.9020826468146526,True,
2025-12-23 16:00:00,87752.87,LOW_OSCILLATION,做多,0.6,-0.39085917352357946,0.008241631277649233,0.09001000374783524,1.7949081649775216,-0.4991687908505276,True,
2025-12-23 20:00:00,87486.0,LOW_OSCILLATION,做多,0.6,-0.40332133672879383,-0.006579669559009133,0.09001000374783524,1.2713990188632958,-0.7259618049895202,True,
2025-12-24 00:00:00,87336.23,LOW_OSCILLATION,做多,0.6,-0.4154608541871887,0.0013292230437613108,-0.009268999715108606,0.8427486536725008,-0.81127937424171,True,
2025-12-24 04:00:00,86911.53,LOW_OSCILLATION,做多,0.6,-0.4272536961006924,-0.0031508847578333183,-0.009268999715108606,0.6981193581133937,-1.1718580900869557,True,
2025-12-24 08:00:00,87203.94,LOW_OSCILLATION,做多,0.6,-0.4386761783979054,0.008227271595904922,-0.009268999715108606,0.6115861685342917,-0.7600241405532258,True,
2025-12-24 12:00:00,87049.99,LOW_OSCILLATION,做多,0.6,-0.4497050060858015,-0.005129857670610489,-0.009268999715108606,1.1302906509664423,-0.8469080947304277,True,
2025-12-24 16:00:00,87566.06,LOW_OSCILLATION,做多,0.6,-0.46031731628358574,0.00769383450107107,-0.009268999715108606,0.8516462700161755,-0.23446869960056452,True,
2025-12-25 08:00:00,87519.44,LOW_OSCILLATION,做多,0.6,-0.49816162245374507,-0.0035898080898571823,-0.009268999715108606,0.6414929072623978,-0.26456900898653235,True,
2025-12-25 20:00:00,87225.27,LOW_OSCILLATION,做多,0.6,-0.5211307156420272,-0.008013144435642456,-0.009268999715108606,0.9889539120557272,-0.6367285762140288,True,
2025-12-26 00:00:00,88844.87,BULLISH_SINGULARITY,做多,0.6,-0.5276534933981424,0.029071673339782302,-0.24859744809716092,2.705537060992342,1.0919220805060417,True,
2025-12-26 08:00:00,88533.42,LOW_OSCILLATION,做多,0.6,-0.538894768141309,0.00491930502321546,-0.24859744809716092,0.6578673522114016,0.6091124448597804,True,
2025-12-26 20:00:00,87369.56,LOW_OSCILLATION,做多,0.6,-0.5510146259152182,-0.0056891461705911636,-0.24859744809716092,0.5489681808509624,-0.5218628367716605,True,
2025-12-27 08:00:00,87475.98,LOW_OSCILLATION,做多,0.6,-0.5571235806273324,-0.0010090005852027898,-0.24859744809716092,0.6114640597496726,-0.30665919890713533,True,
2025-12-27 20:00:00,87877.01,LOW_OSCILLATION,做多,0.6,-0.5569348129169065,0.0033056784056649056,-0.24859744809716092,0.542777305211837,0.17056406507796196,True,
2025-12-28 12:00:00,87836.27,LOW_OSCILLATION,做多,0.6,-0.5465531307769228,-0.002271704093789629,-0.24859744809716092,0.5233464013527908,0.09564197660177391,True,
2025-12-28 16:00:00,87520.75,LOW_OSCILLATION,做多,0.6,-0.5421218402184682,-0.003057565106451029,-0.24859744809716092,0.5677749940297195,-0.23884061299573922,True,
2025-12-28 20:00:00,87952.71,LOW_OSCILLATION,做多,0.6,-0.5369533845636641,0.0085276532551413,-0.24859744809716092,0.579259191396088,0.2293308250004243,True,
2025-12-29 12:00:00,87691.62,BULLISH_SINGULARITY,做多,0.6,-0.5089398118345357,0.024291091934073993,-0.07366868105262663,2.309085583226397,-0.3988101556837581,True,
2025-12-29 16:00:00,87366.23,LOW_OSCILLATION,做多,0.6,-0.5001201125826222,-0.005126207916703371,-0.07366868105262663,0.8009715543845642,-0.6957209447306768,True,
2025-12-29 20:00:00,87237.13,LOW_OSCILLATION,做多,0.6,-0.49058562523682014,0.002232929158022346,-0.07366868105262663,0.8715723582003595,-0.7628392692513712,True,
2025-12-30 00:00:00,87379.0,LOW_OSCILLATION,做多,0.6,-0.4803443588454674,0.0031039447368687947,0.17305491185241026,0.9674853044114113,-0.5444846763796181,True,
2025-12-30 04:00:00,87502.85,LOW_OSCILLATION,做多,0.6,-0.46940554198613105,-0.00020886845914280306,0.17305491185241026,0.6861674417373956,-0.36522767500147774,True,
2025-12-30 08:00:00,87903.89,LOW_OSCILLATION,做多,0.6,-0.45777961688072594,0.0031657763880801877,0.17305491185241026,1.4868131033765934,0.08270154319026952,True,
2025-12-30 12:00:00,89016.35,LOW_OSCILLATION,做多,0.6,-0.4454782314143936,0.008072247627564765,0.17305491185241026,2.12335444098656,1.2192189314301092,True,
2025-12-31 00:00:00,88453.04,LOW_OSCILLATION,做多,0.6,-0.40465565037514,-0.0033061044109900127,-0.278312880572881,0.5736735583500931,0.44493538083561507,True,
2025-12-31 08:00:00,89011.52,LOW_OSCILLATION,做多,0.6,-0.3743300257635753,0.002686174365599899,-0.278312880572881,0.8258917718273133,0.9209094915610538,True,
2025-12-31 16:00:00,87541.85,LOW_OSCILLATION,做多,0.6,-0.3416816347559584,0.007195413684803887,-0.278312880572881,1.289198865251905,-0.6510582078963066,True,
2025-12-31 20:00:00,87648.22,LOW_OSCILLATION,做多,0.6,-0.3245362817294867,0.0059007087129407535,-0.278312880572881,0.6830293995358833,-0.48007544140055636,True,
2026-01-05 20:00:00,93859.71,HIGH_OSCILLATION,做空,0.6,0.30424457559867957,-0.00838391530031973,-0.12039699070161014,1.058634468932769,2.3161015522174577,True,
2026-01-06 00:00:00,93769.24,HIGH_OSCILLATION,做空,0.6,0.3237252056589005,0.0037410351451413575,-0.11657853439775055,0.7414834027915579,2.002063804434407,True,
2026-01-06 04:00:00,93255.08,HIGH_OSCILLATION,做空,0.6,0.34275194886960736,-0.004519362668484588,-0.11657853439775055,0.9766304629026348,1.3035641888317722,True,
2026-01-06 12:00:00,93648.99,HIGH_OSCILLATION,做空,0.6,0.3793157043386527,-0.008307744774523469,-0.11657853439775055,1.7024231125033409,1.3948619216178797,True,
2026-01-07 00:00:00,92815.83,BEARISH_SINGULARITY,做空,0.7004752173309969,0.4299724709044728,-0.027786578384541905,0.047521733099702604,0.9967010207616374,0.33753321637708616,True,
2026-01-07 08:00:00,92087.21,HIGH_OSCILLATION,做空,0.6,0.4606059871738692,-0.009208346055027537,0.047521733099702604,0.9772799126678556,-0.44227940719597886,True,
2026-01-07 12:00:00,91349.96,HIGH_OSCILLATION,做空,0.6,0.4748974450658852,0.0005203525294430293,0.047521733099702604,1.3167272103824947,-1.1226311460584897,True,
