时间,收盘价,信号类型,方向,置信度,张力,加速度,量能比率,EMA偏离%,DXY燃料,V705通过,过滤原因
2025-07-24 20:00:00,118340.99,HIGH_OSCILLATION,做空,0.6,0.9702371840645352,0.0,,0.0,0.0,True,
2025-07-25 00:00:00,115419.66,HIGH_OSCILLATION,做空,0.6,0.9772309562906888,0.0,,-2.2387312595499846,0.0,False,趋势不符
2025-07-25 04:00:00,115320.01,BEARISH_SINGULARITY,做空,0.7,0.9831506757954052,-0.0010740527214371,,-2.1065452657799204,0.0,False,趋势不符
2025-07-25 08:00:00,116543.58,BEARISH_SINGULARITY,做空,0.7,0.9879905412340652,-0.0010798540660563,,-0.9671560121980495,0.0,True,
2025-07-25 12:00:00,115727.08,BEARISH_SINGULARITY,做空,0.7,0.9917460281362236,-0.0010843785365016,,-1.505169212723148,0.0,True,
2025-07-25 16:00:00,116688.6,BEARISH_SINGULARITY,做空,0.7,0.9944138998441778,-0.0010876151942043,,-0.62181855931409,0.0,True,
2025-07-25 20:00:00,117614.31,BEARISH_SINGULARITY,做空,0.7,0.9959922167088174,-0.0010895548433145,,0.15067778385480318,0.0,True,
2025-07-26 00:00:00,117489.62,BEARISH_SINGULARITY,做空,0.7,0.9964803435210025,-0.0010901900524546,,0.040262035126520365,0.0,True,
2025-07-26 04:00:00,117304.47,BEARISH_SINGULARITY,做空,0.7,0.9958789551592756,-0.0010895151739115,,-0.10622169703517914,0.0,True,
2025-07-26 08:00:00,117776.11,BEARISH_SINGULARITY,做空,0.7,0.9941900404373624,-0.0010875263601867,,0.2672059988824359,0.0,True,
2025-07-26 12:00:00,118130.1,BEARISH_SINGULARITY,做空,0.7,0.9914169041375072,-0.0010842215779418,,0.5141429033530576,0.0,True,
2025-07-26 16:00:00,118232.11,BEARISH_SINGULARITY,做空,0.7,0.9875641672184002,-0.0010796006192517,,0.5433973700341379,0.0,True,
2025-07-26 20:00:00,117919.99,BEARISH_SINGULARITY,做空,0.7,0.98263776518915,-0.0010736651101433,,0.2514334151336085,0.0,True,
2025-07-27 00:00:00,118182.83,BEARISH_SINGULARITY,做空,0.7,0.9766449446434826,-0.0010664185164169,,0.4294688212005367,0.0,True,
2025-07-27 04:00:00,118095.95,BEARISH_SINGULARITY,做空,0.7,0.9695942579510916,-0.0010578661467237,,0.321660474655098,0.0,True,
2025-07-27 08:00:00,118072.71,BEARISH_SINGULARITY,做空,0.7,0.96149555610585,-0.0010480151528503,,0.2730856182065512,0.0,True,
2025-07-27 12:00:00,118585.74,BEARISH_SINGULARITY,做空,0.7,0.9523599797333436,-0.001036874527265,,0.6408406113704348,0.0,True,
2025-07-27 16:00:00,118960.0,BEARISH_SINGULARITY,做空,0.7,0.9421999482629873,-0.0010244550978499,,0.8663926534538031,0.0,True,
2025-07-27 20:00:00,119415.55,BEARISH_SINGULARITY,做空,0.7,0.9310291472727764,-0.0010107695198541,,1.132003403502138,0.0,True,
2025-08-01 04:00:00,115081.77,HIGH_OSCILLATION,做空,0.6,0.3576306732630595,-0.0002922397929971,1.0520713573825171,-1.933041429524611,0.6626971946283834,True,
2025-08-01 08:00:00,115305.65,HIGH_OSCILLATION,做空,0.6,0.3283303804731798,-0.000255151210659,1.1668453885839576,-1.578952266186306,0.6626971946283834,True,
2025-08-14 20:00:00,118295.09,LOW_OSCILLATION,做多,0.6,-0.3525496953451074,0.0002841355198899,0.5817779103316446,-1.3537733637372844,-0.5320719862965069,True,
2025-08-15 00:00:00,118968.91,LOW_OSCILLATION,做多,0.6,-0.3323434962014297,0.0002483400302784,0.522357206601743,-0.7169992009409277,0.6540682150561441,True,
2025-08-15 04:00:00,118956.45,LOW_OSCILLATION,做多,0.6,-0.3119251087646791,0.0002121882930729,0.48454224137208357,-0.6585777218507898,0.6540682150561441,False,量能过低
2025-08-28 16:00:00,111901.36,LOW_OSCILLATION,做多,0.6,-0.4011633632706086,-0.0002702995085037,0.6411084836338397,-0.11922189987831511,0.5477121377377486,True,
2025-08-28 20:00:00,112566.9,LOW_OSCILLATION,做多,0.6,-0.4305093958168529,-0.0002358137074794,0.41351997900940596,0.429409362592612,0.5477121377377486,False,量能过低
2025-08-29 00:00:00,111704.23,LOW_OSCILLATION,做多,0.6,-0.4600564973735714,-0.0002010690104742,0.8152060400955488,-0.30793915631071966,-0.3457639667035008,True,
2025-08-29 04:00:00,110019.38,LOW_OSCILLATION,做多,0.6,-0.4897697168924487,-0.0001661179621587,1.7274220631815929,-1.6419067403393957,-0.3457639667035008,True,
2025-08-29 08:00:00,110098.81,LOW_OSCILLATION,做多,0.6,-0.5196139497490952,-0.0001310133377692,1.1861479794205512,-1.4234162060810625,-0.3457639667035008,True,
2025-08-29 12:00:00,108386.23,LOW_OSCILLATION,做多,0.6,-0.5495539906670406,-9.58080612988299e-05,2.870913144066673,-2.6827261659639987,-0.3457639667035008,True,
2025-08-29 16:00:00,108212.01,LOW_OSCILLATION,做多,0.6,-0.5795545867084313,-6.055512344538272e-05,0.9544664611055005,-2.57572295811363,-0.3457639667035008,True,
2025-08-29 20:00:00,108377.4,LOW_OSCILLATION,做多,0.6,-0.6095804902493528,-2.530749953078004e-05,1.1358943829325332,-2.200781588754858,-0.3457639667035008,True,
2025-08-30 00:00:00,108436.2,LOW_OSCILLATION,做多,0.6,-0.6395965118577424,9.881932531929928e-06,1.2300505987398176,-1.9471587435236515,-0.3457639667035008,True,
2025-08-30 04:00:00,108524.26,LOW_OSCILLATION,做多,0.6,-0.6695675729920506,4.496047408131254e-05,1.143757154384635,-1.6926814822524572,-0.3457639667035008,True,
2025-08-30 08:00:00,108680.01,LOW_OSCILLATION,做多,0.6,-0.6994587584391522,7.987568720668747e-05,0.5385779558990268,-1.405901070276325,-0.3457639667035008,True,
2025-08-30 12:00:00,108869.98,LOW_OSCILLATION,做多,0.6,-0.7292353684104087,0.000114575475845,0.5885642363758226,-1.11739173071374,-0.3457639667035008,True,
2025-08-30 16:00:00,108828.33,LOW_OSCILLATION,做多,0.6,-0.7588629702154167,0.0001490081662485,0.26348618721172634,-1.0463510659700452,-0.3457639667035008,False,量能过低
2025-08-30 20:00:00,108816.33,LOW_OSCILLATION,做多,0.6,-0.788307449433625,0.0001831225867997,0.3177352509579297,-0.9575347467254063,-0.3457639667035008,False,量能过低
2025-08-31 00:00:00,109223.84,LOW_OSCILLATION,做多,0.6,-0.8175350605048746,0.0002168681469586,0.7206988869860957,-0.5310546640157962,-0.3457639667035008,True,
2025-08-31 04:00:00,108708.26,LOW_OSCILLATION,做多,0.6,-0.8465124766608132,0.0002501949153109,0.49749933147298475,-0.9061571277368743,-0.3457639667035008,False,量能过低
2025-08-31 08:00:00,108389.76,LOW_OSCILLATION,做多,0.6,-0.8752068391202695,0.0002830536964822,0.6668434354753796,-1.0837719418157972,-0.3457639667035008,True,
2025-09-11 00:00:00,114400.01,LOW_OSCILLATION,做多,0.6,-1.3304558531040496,0.0002830389268437,0.6802382363434548,1.733851185972961,0.1110023207821342,True,
2025-09-11 04:00:00,114083.58,LOW_OSCILLATION,做多,0.6,-1.3170102479504473,0.0002537635611541,0.8137197408781234,1.312311307737237,0.1110023207821342,True,
2025-09-11 08:00:00,113999.99,LOW_OSCILLATION,做多,0.6,-1.3033403449770142,0.0002242978198307,0.6323459420062114,1.1188473869699491,0.1110023207821342,True,
2025-09-11 12:00:00,114180.31,LOW_OSCILLATION,做多,0.6,-1.2894757502761285,0.0001946917274529,1.9915731964016123,1.1555954147114074,0.1110023207821342,True,
2025-09-11 16:00:00,114419.99,LOW_OSCILLATION,做多,0.6,-1.2754461601129536,0.0001649954622886,0.5708771215329732,1.2360449524895607,0.1110023207821342,True,
2025-09-11 20:00:00,115482.69,LOW_OSCILLATION,做多,0.6,-1.261281310674183,0.0001352592755961,0.8229457282382253,1.9649572532931587,0.1110023207821342,True,
2025-09-12 00:00:00,115194.14,LOW_OSCILLATION,做多,0.6,-1.2470109278245538,0.0001055334108583,1.4407581452477696,1.5447925709390726,-0.2267614449091906,True,
2025-09-12 04:00:00,115086.7,LOW_OSCILLATION,做多,0.6,-1.2326646769518588,7.5868023065917e-05,0.6282090157014464,1.310170588507132,-0.2267614449091906,True,
2025-09-12 08:00:00,114913.45,LOW_OSCILLATION,做多,0.6,-1.2182721129809817,4.631309818226015e-05,0.7566711680962775,1.0462527713165743,-0.2267614449091906,True,
2025-09-12 12:00:00,115121.18,LOW_OSCILLATION,做多,0.6,-1.2038626306371762,1.691837292794318e-05,0.8022637892019527,1.1105755946409968,-0.2267614449091906,True,
2025-09-12 16:00:00,116632.51,LOW_OSCILLATION,做多,0.6,-1.1894654150383823,-1.2266745011535464e-05,1.460138919293378,2.2006745371733025,-0.2267614449091906,False,趋势不符
2025-09-12 20:00:00,116029.42,LOW_OSCILLATION,做多,0.6,-1.175109392695773,-4.11932561841244e-05,0.8438159030817044,1.5105457783488903,-0.2267614449091906,True,
2025-09-13 00:00:00,115957.0,LOW_OSCILLATION,做多,0.6,-1.160823183001082,-6.981264791861008e-05,0.8924269102460839,1.3075581838471517,-0.2267614449091906,True,
2025-09-13 04:00:00,115778.71,LOW_OSCILLATION,做多,0.6,-1.146635050278409,-9.807697201802412e-05,0.4262905693784213,1.0409560798499429,-0.2267614449091906,False,量能过低
2025-09-13 08:00:00,115974.11,LOW_OSCILLATION,做多,0.6,-1.1325728564772737,-0.0001259389215375,0.4975662848722725,1.0948405716685734,-0.2267614449091906,False,量能过低
2025-09-13 12:00:00,115768.68,LOW_OSCILLATION,做多,0.6,-1.11866401458263,-0.0001533519064915,0.568754822874369,0.8278289797854046,-0.2267614449091906,True,
2025-09-13 16:00:00,115797.12,LOW_OSCILLATION,做多,0.6,-1.104935442816371,-0.0001802701283846,0.6722445669006868,0.7707728451007736,-0.2267614449091906,True,
2025-09-13 20:00:00,115918.29,LOW_OSCILLATION,做多,0.6,-1.0914135197035482,-0.0002066486534366,0.3671873554312763,0.7921088226181748,-0.2267614449091906,False,量能过低
2025-09-14 00:00:00,115679.98,LOW_OSCILLATION,做多,0.6,-1.0781240400751309,-0.0002324434844052,0.443320873143805,0.5288969114493784,-0.2267614449091906,False,量能过低
2025-09-14 04:00:00,115805.39,LOW_OSCILLATION,做多,0.6,-1.0650921720775768,-0.0002576116308632,0.46834315537853566,0.5767804358820167,-0.2267614449091906,False,量能过低
2025-09-14 08:00:00,115794.91,LOW_OSCILLATION,做多,0.6,-1.0523424152578682,-0.0002821111778454,0.43875814530915586,0.5133364145385187,-0.2267614449091906,False,量能过低
2025-09-22 00:00:00,114649.89,LOW_OSCILLATION,做多,0.6,-0.9906936208057536,-0.000293237055653,2.7205224229994545,-0.9218828823602895,0.0737135620795142,True,
2025-09-22 04:00:00,112519.99,LOW_OSCILLATION,做多,0.6,-1.0004435901969997,-0.0002690701370512,5.1077622262860665,-2.505997380311903,0.0737135620795142,True,
2025-09-22 08:00:00,112876.97,LOW_OSCILLATION,做多,0.6,-1.010437775248924,-0.0002442156606787,2.0164187055356657,-1.9916469505641128,0.0737135620795142,True,
2025-09-22 12:00:00,112815.5,LOW_OSCILLATION,做多,0.6,-1.0206506751258326,-0.0002187148249841,2.0677606388937946,-1.8538667343919055,0.0737135620795142,True,
2025-09-22 16:00:00,112122.9,LOW_OSCILLATION,做多,0.6,-1.031056184916776,-0.0001926099140348,1.6289635615146874,-2.2276760295588827,0.0737135620795142,True,
2025-09-22 20:00:00,112650.99,LOW_OSCILLATION,做多,0.6,-1.0416276389372257,-0.0001659442295061,0.8169639108698669,-1.6015691028692178,0.0737135620795142,True,
2025-09-23 00:00:00,112339.99,LOW_OSCILLATION,做多,0.6,-1.0523378549787088,-0.0001387620210335,1.4455716549672275,-1.6978484531021836,0.1819661835326962,True,
2025-09-23 04:00:00,113090.13,LOW_OSCILLATION,做多,0.6,-1.0631591794352615,-0.0001111084150697,1.436615502240488,-0.9431951222517441,0.1819661835326962,True,
2025-09-23 08:00:00,112975.99,LOW_OSCILLATION,做多,0.6,-1.074063533234139,-8.302934232440329e-05,1.0089783330540523,-0.944760466944076,0.1819661835326962,True,
2025-09-23 12:00:00,112882.19,LOW_OSCILLATION,做多,0.6,-1.0850224584969723,-5.457146395615453e-05,1.0489449086748215,-0.9301025201720831,0.1819661835326962,True,
2025-09-23 16:00:00,111655.29,LOW_OSCILLATION,做多,0.6,-1.0960071658563777,-2.578209657144725e-05,1.2354167920151988,-1.8192245341390019,0.1819661835326962,True,
2025-09-23 20:00:00,111998.8,LOW_OSCILLATION,做多,0.6,-1.1069885823519925,3.290863790139653e-06,0.6336681073442904,-1.3746631594537329,0.1819661835326962,True,
2025-09-24 00:00:00,111683.09,LOW_OSCILLATION,做多,0.6,-1.117937399828988,3.259901861896175e-05,1.385471877090645,-1.4976347240299426,-0.6118787027623548,True,
2025-09-24 04:00:00,112583.54,LOW_OSCILLATION,做多,0.6,-1.1288241237613152,6.209354466868433e-05,1.340625237435897,-0.6368858972459785,-0.6118787027623548,True,
2025-09-24 08:00:00,113029.46,LOW_OSCILLATION,做多,0.6,-1.1396191224212575,9.172527238465732e-05,0.7126533968600118,-0.22020607234225284,-0.6118787027623548,True,
2025-09-24 12:00:00,113346.41,LOW_OSCILLATION,做多,0.6,-1.1502926763163288,0.0001214447648714,1.1088233476032336,0.05391175605970695,-0.6118787027623548,True,
2025-09-24 16:00:00,113420.01,LOW_OSCILLATION,做多,0.6,-1.1608150278141105,0.0001512023972893,0.5701617640986058,0.10754632352620681,-0.6118787027623548,True,
2025-09-24 20:00:00,113307.0,LOW_OSCILLATION,做多,0.6,-1.1711564308753537,0.0001809484365384,0.5105047385958748,0.007057690315715352,-0.6118787027623548,True,
2025-09-25 00:00:00,112546.21,LOW_OSCILLATION,做多,0.6,-1.1812872008154751,0.0002106331211215,1.2435187607406708,-0.6015325048450009,0.1550379492523906,True,
2025-09-25 04:00:00,111766.72,LOW_OSCILLATION,做多,0.6,-1.1911777640145425,0.0002402067410545,1.1394473566140795,-1.1685439198058856,0.1550379492523906,True,
2025-09-25 08:00:00,111348.0,LOW_OSCILLATION,做多,0.6,-1.200798707495936,0.0002696197176734,0.9035166338853362,-1.3942942303635388,0.1550379492523906,True,
2025-09-25 12:00:00,111580.77,LOW_OSCILLATION,做多,0.6,-1.210120828294075,0.0002988226832547,1.9693185870677123,-1.0762212342274622,0.1550379492523906,True,
2025-10-06 08:00:00,124215.0,LOW_OSCILLATION,做多,0.6,-0.3822259453526659,0.0002717924472804,0.9239220199335617,1.5902444387512076,-0.4259269128290524,True,
2025-10-06 12:00:00,125000.0,LOW_OSCILLATION,做多,0.6,-0.3483483464985826,0.0002393646553177,1.468786744550404,2.015381938609095,-0.4259269128290524,False,趋势不符
2025-10-06 16:00:00,125410.81,LOW_OSCILLATION,做多,0.6,-0.3142642042884851,0.0002065433560142,1.4884326734496307,2.1220310655648333,-0.4259269128290524,False,趋势不符
2025-10-20 00:00:00,110145.44,HIGH_OSCILLATION,做空,0.6,0.8543624439520773,-0.0002861674248275,1.0455365694406515,1.6574775380648392,0.0997443714116462,True,
2025-10-20 04:00:00,111169.92,HIGH_OSCILLATION,做空,0.6,0.8423884718555625,-0.0002532348359466,1.0995272271616228,2.3492799875810273,0.0997443714116462,True,
2025-10-20 08:00:00,111016.75,HIGH_OSCILLATION,做空,0.6,0.8301945482165288,-0.0002199515425189,0.9432642124307168,1.993759212975743,0.0997443714116462,True,
2025-10-20 12:00:00,111144.55,HIGH_OSCILLATION,做空,0.6,0.8178142573201007,-0.0001863672573944,0.8816218236144319,1.9062753000477002,0.0997443714116462,True,
2025-10-20 16:00:00,110803.22,HIGH_OSCILLATION,做空,0.6,0.8052814343009826,-0.0001525321226899,1.281484694638985,1.4393878484707139,0.0997443714116462,True,
2025-10-20 20:00:00,110532.09,HIGH_OSCILLATION,做空,0.6,0.7926301146478499,-0.0001184966340146,0.5303053419799716,1.0765046169710395,0.0997443714116462,True,
2025-10-21 00:00:00,109059.22,HIGH_OSCILLATION,做空,0.6,0.7798944834304874,-8.43115642298331e-05,0.9620624732692545,-0.2446809010390571,-0.2849848418852939,True,
2025-10-21 04:00:00,108086.37,HIGH_OSCILLATION,做空,0.6,0.7671088243262233,-5.002788690156024e-05,1.8558284137665602,-1.0275957718673723,-0.2849848418852939,True,
2025-10-21 08:00:00,108580.01,HIGH_OSCILLATION,做空,0.6,0.7543074685224305,-1.5696699528722213e-05,1.118598662311113,-0.521048534167739,-0.2849848418852939,True,
2025-10-21 12:00:00,113422.61,HIGH_OSCILLATION,做空,0.6,0.7415247435719375,1.8630853299894667e-05,3.307540779786577,3.5295685121396034,-0.2849848418852939,True,
2025-10-21 16:00:00,111780.39,HIGH_OSCILLATION,做空,0.6,0.728794922278186,5.290365674137654e-05,3.1162015490698027,1.8336522128381223,-0.2849848418852939,True,
2025-10-21 20:00:00,108297.67,HIGH_OSCILLATION,做空,0.6,0.7161521716868025,8.70707023680195e-05,1.6758230474806761,-1.213167490812123,-0.2849848418852939,True,
2025-10-22 00:00:00,108216.02,HIGH_OSCILLATION,做空,0.6,0.7036305022600017,0.0001210811645827,1.2510702060105625,-1.1664442945669125,0.2124200108776399,True,
2025-10-22 04:00:00,108321.63,HIGH_OSCILLATION,做空,0.6,0.6912637173098304,0.0001548844766294,0.963122890173186,-0.9690744511856271,0.2124200108776399,True,
2025-10-22 08:00:00,107555.05,HIGH_OSCILLATION,做空,0.6,0.6790853627658044,0.0001884304061453,0.9600653005783495,-1.513273279960759,0.2124200108776399,True,
2025-10-22 12:00:00,108416.5,HIGH_OSCILLATION,做空,0.6,0.6671286773518126,0.000221669130034,1.7559952424520886,-0.6559118267394967,0.2124200108776399,True,
2025-10-22 16:00:00,107870.35,HIGH_OSCILLATION,做空,0.6,0.6554265432464932,0.0002545513086724,0.8984818916351501,-1.047383406325864,0.2124200108776399,True,
2025-10-22 20:00:00,107567.44,HIGH_OSCILLATION,做空,0.6,0.6440114373003926,0.0002870281592187,0.8780256883803086,-1.2005524138020032,0.2124200108776399,True,
2025-11-02 12:00:00,110117.48,HIGH_OSCILLATION,做空,0.6,1.3149150462370092,0.0002713453488445,0.6102727114417454,-0.26158529540990344,0.5210861421828454,True,
2025-11-02 16:00:00,110180.84,HIGH_OSCILLATION,做空,0.6,1.3463072112466652,0.0002384193781499,0.44250961806729894,-0.18478583692974226,0.5210861421828454,False,量能过低
2025-11-02 20:00:00,110540.68,HIGH_OSCILLATION,做空,0.6,1.3779044495849468,0.0002050733286256,0.6254367641824289,0.12773613392609792,0.5210861421828454,True,
2025-11-03 00:00:00,107937.45,HIGH_OSCILLATION,做空,0.6,1.409673040979286,0.0001713530560574,1.6474624674368918,-2.0221579167767114,0.0294758833139574,False,趋势不符
2025-11-03 04:00:00,107468.23,HIGH_OSCILLATION,做空,0.6,1.4415789371897303,0.0001373048161052,1.5823163317323476,-2.2201075593703696,0.0294758833139574,False,趋势不符
2025-11-03 08:00:00,107787.42,HIGH_OSCILLATION,做空,0.6,1.4735878085952636,0.0001029751950889,1.4421609088513918,-1.7491270523800875,0.0294758833139574,True,
2025-11-03 12:00:00,105745.71,HIGH_OSCILLATION,做空,0.6,1.505665091041298,6.841104050092639e-05,2.4318251001160993,-3.277636992585595,0.0294758833139574,False,趋势不符
2025-11-03 16:00:00,107090.0,HIGH_OSCILLATION,做空,0.6,1.5377760328787535,3.36593914214145e-05,2.7793768230295974,-1.8566245317060148,0.0294758833139574,True,
2025-11-03 20:00:00,106583.04,HIGH_OSCILLATION,做空,0.6,1.5698857421250492,-1.2325911600274964e-06,1.2848812272687158,-2.104814986470526,0.0294758833139574,False,趋势不符
2025-11-04 00:00:00,107158.79,HIGH_OSCILLATION,做空,0.6,1.6019592336774386,-3.621769390615981e-05,1.526205945051193,-1.4280444145915263,-0.2410157990330003,True,
2025-11-04 04:00:00,104490.72,HIGH_OSCILLATION,做空,0.6,1.633961476509309,-7.12487205192236e-05,2.663944612398637,-3.5256082397334394,-0.2410157990330003,False,趋势不符
2025-11-04 08:00:00,104584.76,HIGH_OSCILLATION,做空,0.6,1.6658574407803,-0.0001062785608791,1.655675133963417,-3.1215027029659383,-0.2410157990330003,False,趋势不符
2025-11-04 12:00:00,103197.01,HIGH_OSCILLATION,做空,0.6,1.6976121447915653,-0.0001412602597257,2.1079967312178853,-4.004088913625198,-0.2410157990330003,False,趋势不符
2025-11-04 16:00:00,100542.64,HIGH_OSCILLATION,做空,0.6,1.7291907017179404,-0.0001761470848902,3.251423858238802,-5.893068639970191,-0.2410157990330003,False,趋势不符
2025-11-04 20:00:00,101497.22,HIGH_OSCILLATION,做空,0.6,1.7605583660494044,-0.0002108925949111,2.615300462547725,-4.545081004402545,-0.2410157990330003,False,趋势不符
2025-11-05 00:00:00,102130.0,HIGH_OSCILLATION,做空,0.6,1.7916805796749304,-0.0002454507059379,2.1340935299168855,-3.5872786112445953,0.2803366026196298,False,趋势不符
2025-11-05 04:00:00,101993.02,HIGH_OSCILLATION,做空,0.6,1.8225230175426312,-0.0002797757578252,0.8713904498771712,-3.374574099568871,0.2803366026196298,False,趋势不符
2025-11-10 08:00:00,106176.5,BEARISH_SINGULARITY,做空,0.7,2.4767767829919927,-0.0010177307919829,0.6893652031060056,2.2848320238277453,-0.1677449655695531,True,
2025-11-10 12:00:00,105079.99,BEARISH_SINGULARITY,做空,0.7,2.4840305987097646,-0.0010259738353251,1.610948873066641,1.110212082270009,-0.1677449655695531,True,
2025-11-10 16:00:00,105817.99,BEARISH_SINGULARITY,做空,0.7,2.490251352471512,-0.0010330619560248,0.8206073555022515,1.6441162334626762,-0.1677449655695531,True,
2025-11-10 20:00:00,106011.13,BEARISH_SINGULARITY,做空,0.7,2.4954331142585326,-0.0010389919747262,0.8701676886267541,1.6525072831229801,-0.1677449655695531,True,
2025-11-11 00:00:00,106456.0,BEARISH_SINGULARITY,做空,0.7,2.4995711137051035,-0.00104376234045,1.6641939269156418,1.8773609844497454,-0.1677449655695531,True,
2025-11-11 04:00:00,104783.98,BEARISH_SINGULARITY,做空,0.7,2.5026617400285107,-0.0010473731231637,1.1116501905944833,0.2507826718053397,-0.1677449655695531,True,
2025-11-11 08:00:00,105311.9,BEARISH_SINGULARITY,做空,0.7,2.50470254034802,-0.0010498260038978,0.6110541370051449,0.6833846708458835,-0.1677449655695531,True,
2025-11-11 12:00:00,103455.99,BEARISH_SINGULARITY,做空,0.7,2.505692216405059,-0.0010511242624704,2.687223482891502,-0.9880830255968978,-0.1677449655695531,True,
2025-11-11 16:00:00,103126.39,BEARISH_SINGULARITY,做空,0.7,2.505630619699305,-0.0010512727627931,0.7653258608764207,-1.180845428307992,-0.1677449655695531,True,
2025-11-11 20:00:00,103058.99,BEARISH_SINGULARITY,做空,0.7,2.5045187450576885,-0.001050277935862,0.8274818654927114,-1.128156079378812,-0.1677449655695531,True,
2025-11-12 00:00:00,103310.0,BEARISH_SINGULARITY,做空,0.7,2.502358722655659,-0.0010481477604131,0.79983642224826,-0.8035143364019023,0.1290679804804851,True,
2025-11-12 04:00:00,103112.66,BEARISH_SINGULARITY,做空,0.7,2.499153808512312,-0.0010448917413174,0.6364297277180043,-0.8992761419699674,0.1290679804804851,True,
2025-11-12 08:00:00,105020.83,BEARISH_SINGULARITY,做空,0.7,2.494908373483194,-0.0010405208857711,1.0206119680418835,0.8448838705125343,0.1290679804804851,True,
2025-11-12 12:00:00,102173.51,BEARISH_SINGULARITY,做空,0.7,2.4896278907767915,-0.0010350476772842,1.412153527428062,-1.7123735336236365,0.1290679804804851,True,
2025-11-12 16:00:00,101297.31,BEARISH_SINGULARITY,做空,0.7,2.4833189220228267,-0.0010284860475624,1.2717336145444822,-2.317532482715596,0.1290679804804851,False,趋势不符
2025-11-12 20:00:00,101654.37,BEARISH_SINGULARITY,做空,0.7,2.4759891019225067,-0.0010208513463552,0.5452962736810293,-1.7886504874417244,0.1290679804804851,True,
2025-11-13 00:00:00,102130.21,BEARISH_SINGULARITY,做空,0.7,2.467647121512951,-0.0010121603092354,0.9606693110621363,-1.2038863315382389,0.0193522820116969,True,
2025-11-18 16:00:00,93195.61,HIGH_OSCILLATION,做空,0.6,1.7014425070611667,-0.0002778140815216,0.9240605538533991,-0.8812743156700605,0.0487072105848831,True,
2025-11-18 20:00:00,92960.83,HIGH_OSCILLATION,做空,0.6,1.6694849306475523,-0.0002502147252023,0.44331060439703085,-1.02436730457413,0.0487072105848831,False,量能过低
2025-11-19 00:00:00,91874.52,HIGH_OSCILLATION,做空,0.6,1.6373046567279292,-0.0002226975060091,0.5676510278135175,-1.9773606356944227,-0.1555305664678972,True,
2025-11-19 04:00:00,91863.64,HIGH_OSCILLATION,做空,0.6,1.6049290862713492,-0.0001952965369567,1.0095056662547748,-1.8029583837582457,-0.1555305664678972,True,
2025-11-19 08:00:00,91410.22,HIGH_OSCILLATION,做空,0.6,1.5723854704204672,-0.000168045394302,0.45256275887351693,-2.074287650078936,-0.1555305664678972,False,趋势不符
2025-11-19 12:00:00,89951.7,HIGH_OSCILLATION,做空,0.6,1.5397008774982943,-0.0001409770712907,1.0278523411592815,-3.301844753295686,-0.1555305664678972,False,趋势不符
2025-11-19 16:00:00,88884.56,HIGH_OSCILLATION,做空,0.6,1.5069021606429338,-0.0001141239331876,1.4262113245711865,-4.042433322201408,-0.1555305664678972,False,趋势不符
2025-11-19 20:00:00,91554.96,HIGH_OSCILLATION,做空,0.6,1.4740159261138617,-8.751767371162344e-05,0.9839257472507889,-1.0502635616256024,-0.1555305664678972,True,
2025-11-20 00:00:00,92440.32,HIGH_OSCILLATION,做空,0.6,1.4410685023118666,-6.118927292297904e-05,0.6451346279105891,-0.08450700597128563,0.0754370710347444,True,
2025-11-20 04:00:00,92320.18,HIGH_OSCILLATION,做空,0.6,1.4080859095532612,-3.516895661026531e-05,0.6369641430326772,-0.19398627369320318,0.0754370710347444,True,
2025-11-20 08:00:00,91934.0,HIGH_OSCILLATION,做空,0.6,1.375093830637405,-9.486157250826466e-06,0.541882763908292,-0.5535660913792232,0.0754370710347444,True,
2025-11-20 12:00:00,89869.88,HIGH_OSCILLATION,做空,0.6,1.3421175822449591,1.583052341036506e-05,1.0232145861052302,-2.527697090165747,0.0754370710347444,False,趋势不符
2025-11-20 16:00:00,86921.28,HIGH_OSCILLATION,做空,0.6,1.3091820872026196,4.0753350106337294e-05,2.6137249049167908,-5.208826493674289,0.0754370710347444,False,趋势不符
2025-11-20 20:00:00,86637.23,HIGH_OSCILLATION,做空,0.6,1.276311847648366,6.52554880857803e-05,0.7678667812023796,-5.019395042185704,0.0754370710347444,False,趋势不符
2025-11-21 00:00:00,85821.34,HIGH_OSCILLATION,做空,0.6,1.2435309191294797,8.931103536746754e-05,1.0176873403599653,-5.380939495986811,0.0227674905200357,False,趋势不符
2025-11-21 04:00:00,84049.39,HIGH_OSCILLATION,做空,0.6,1.2108628856637988,0.0001128950532054,2.1444033134280263,-6.6826888929802655,0.0227674905200357,False,趋势不符
2025-11-21 08:00:00,82309.66,HIGH_OSCILLATION,做空,0.6,1.1783308357928175,0.0001359835946996,2.345188179657952,-7.85831952969757,0.0227674905200357,False,趋势不符
2025-11-21 12:00:00,82932.47,HIGH_OSCILLATION,做空,0.6,1.1459573396533742,0.0001585537315376,3.0309601652260914,-6.52359465696691,0.0227674905200357,False,趋势不符
2025-11-21 16:00:00,84209.3,HIGH_OSCILLATION,做空,0.6,1.1137644270927398,0.0001805835788091,1.0504036539642532,-4.622582581210315,0.0227674905200357,False,趋势不符
2025-11-21 20:00:00,85129.43,HIGH_OSCILLATION,做空,0.6,1.0817735668500124,0.0002020523179069,0.5658841851131196,-3.2505133291195207,0.0227674905200357,False,趋势不符
2025-11-22 00:00:00,84440.47,HIGH_OSCILLATION,做空,0.6,1.05000564682472,0.0002229402174349,0.3908913180197139,-3.6634440563790616,0.0227674905200357,False,趋势不符
2025-11-22 04:00:00,84580.06,HIGH_OSCILLATION,做空,0.6,1.018480955451594,0.0002432286521665,0.2969288873633745,-3.1810724637353696,0.0227674905200357,False,趋势不符
2025-11-22 08:00:00,84098.94,HIGH_OSCILLATION,做空,0.6,0.987219164198431,0.0002629001199631,0.44656974478239847,-3.3884435726097326,0.0227674905200357,False,趋势不符
2025-11-22 12:00:00,84284.01,HIGH_OSCILLATION,做空,0.6,0.9562393112019856,0.0002819382567175,0.363726686907011,-2.882094470469174,0.0227674905200357,False,趋势不符
2025-12-19 12:00:00,87951.87,LOW_OSCILLATION,做多,0.6,-0.3009014179504088,-0.0001551643770004,1.622926694969814,0.7564766799366665,-0.1829195305042029,True,
2025-12-19 16:00:00,87845.92,LOW_OSCILLATION,做多,0.6,-0.3068213538553943,-0.0001585443084854,1.2069714693613462,0.5742685521449209,-0.1829195305042029,True,
2025-12-19 20:00:00,88136.94,LOW_OSCILLATION,做多,0.6,-0.3129031749105291,-0.0001618851501493,0.5232807235285725,0.8203223080666955,-0.1829195305042029,True,
2025-12-20 00:00:00,88214.98,LOW_OSCILLATION,做多,0.6,-0.3191501711549535,-0.0001651751892895,0.2870710028691103,0.8222525113610377,-0.1829195305042029,False,量能过低
2025-12-20 04:00:00,88275.41,LOW_OSCILLATION,做多,0.6,-0.3255655697898224,-0.0001684023904445,0.23371101383516943,0.8057473927091807,-0.1829195305042029,False,量能过低
2025-12-20 08:00:00,88277.66,LOW_OSCILLATION,做多,0.6,-0.3321525228467407,-0.0001715544220493,0.2419658612399053,0.7307716548271398,-0.1829195305042029,False,量能过低
2025-12-20 12:00:00,88178.71,LOW_OSCILLATION,做多,0.6,-0.3389140945876402,-0.0001746186839812,0.39191157272069793,0.5586901689360201,-0.1829195305042029,False,量能过低
2025-12-20 16:00:00,88232.92,LOW_OSCILLATION,做多,0.6,-0.3458532486645772,-0.0001775823360374,0.17388078699361215,0.5610831909466008,-0.1829195305042029,False,量能过低
2025-12-20 20:00:00,88360.9,LOW_OSCILLATION,做多,0.6,-0.3529728350687284,-0.0001804323272141,0.21503335154887251,0.6391864921868894,-0.1829195305042029,False,量能过低
2025-12-21 00:00:00,88070.64,LOW_OSCILLATION,做多,0.6,-0.3602755768986554,-0.0001831554257759,0.36397534041771545,0.27912124154655055,-0.1829195305042029,False,量能过低
2025-12-21 04:00:00,88174.79,LOW_OSCILLATION,做多,0.6,-0.3677640569786177,-0.0001857382500352,0.171164550180714,0.3596954094303261,-0.1829195305042029,False,量能过低
2025-12-21 08:00:00,88601.57,LOW_OSCILLATION,做多,0.6,-0.3754407043583799,-0.0001881672997998,0.5437782009897983,0.7643176000494917,-0.1829195305042029,True,
2025-12-21 12:00:00,88067.95,LOW_OSCILLATION,做多,0.6,-0.3833077807265257,-0.0001904289883837,0.8231504676797163,0.1424289832743611,-0.1829195305042029,True,
2025-12-21 16:00:00,88484.01,LOW_OSCILLATION,做多,0.6,-0.3913673667698703,-0.0001925096751986,0.4684814456628637,0.5565840976617995,-0.1829195305042029,False,量能过低
2025-12-21 20:00:00,88658.86,LOW_OSCILLATION,做多,0.6,-0.3996213485119597,-0.0001943956987449,0.3441315064046015,0.6828666587578752,-0.1829195305042029,False,量能过低
2025-12-22 00:00:00,88774.12,LOW_OSCILLATION,做多,0.6,-0.4080714036641182,-0.000196073410069,1.3189311505630081,0.7356873818305063,0.2420530258510605,True,
2025-12-22 04:00:00,89170.1,LOW_OSCILLATION,做多,0.6,-0.4167189880227837,-0.0001975292065068,0.6897853010594227,1.0709544184664255,0.2420530258510605,True,
2025-12-22 08:00:00,89945.43,LOW_OSCILLATION,做多,0.6,-0.4255653219471516,-0.0001987495657025,1.428029198200341,1.7608005513824476,0.2420530258510605,True,
2025-12-22 12:00:00,89726.92,LOW_OSCILLATION,做多,0.6,-0.4346113769513513,-0.0001997210798317,2.1332942322668305,1.3674644070566426,0.2420530258510605,True,
2025-12-22 16:00:00,88052.43,LOW_OSCILLATION,做多,0.6,-0.4438578624455035,-0.0002004304899525,1.3816121412370719,-0.47456945366025255,0.2420530258510605,True,
2025-12-22 20:00:00,88620.79,LOW_OSCILLATION,做多,0.6,-0.4533052126600421,-0.0002008647203863,0.9512552312578003,0.15183672320986927,0.2420530258510605,True,
2025-12-23 00:00:00,88170.0,LOW_OSCILLATION,做多,0.6,-0.4629535737877019,-0.0002010109131211,0.9940232216758469,-0.3236608649948191,0.0900100037478352,True,
2025-12-23 04:00:00,87574.79,LOW_OSCILLATION,做多,0.6,-0.472802791377461,-0.0002008564620993,1.3120876895738125,-0.9024941406161434,0.0900100037478352,True,
2025-12-23 08:00:00,87856.65,LOW_OSCILLATION,做多,0.6,-0.4828523980145885,-0.0002003890473684,0.9277276007928297,-0.5282657779939187,0.0900100037478352,True,
2025-12-23 12:00:00,87443.45,LOW_OSCILLATION,做多,0.6,-0.4931016013207021,-0.000199596668986,2.035266008587535,-0.9020826468146526,0.0900100037478352,True,
2025-12-23 16:00:00,87752.87,LOW_OSCILLATION,做多,0.6,-0.5035492723074733,-0.0001984676806576,1.7949081649775216,-0.4991687908505276,0.0900100037478352,True,
2025-12-23 20:00:00,87486.0,LOW_OSCILLATION,做多,0.6,-0.5141939341172068,-0.0001969908229623,1.2713990188632958,-0.7259618049895202,0.0900100037478352,True,
2025-12-24 00:00:00,87336.23,LOW_OSCILLATION,做多,0.6,-0.5250337511831271,-0.0001951552561867,0.8427486536725008,-0.81127937424171,-0.0092689997151086,True,
2025-12-24 04:00:00,86911.53,LOW_OSCILLATION,做多,0.6,-0.536066518841657,-0.0001929505926095,0.6981193581133937,-1.1718580900869557,-0.0092689997151086,True,
2025-12-24 08:00:00,87203.94,LOW_OSCILLATION,做多,0.6,-0.5472896534284222,-0.0001903669282352,0.6115861685342917,-0.7600241405532258,-0.0092689997151086,True,
2025-12-24 12:00:00,87049.99,LOW_OSCILLATION,做多,0.6,-0.5587001828890676,-0.0001873948738803,1.1302906509664423,-0.8469080947304277,-0.0092689997151086,True,
2025-12-24 16:00:00,87566.06,LOW_OSCILLATION,做多,0.6,-0.5702947379352319,-0.0001840255855187,0.8516462700161755,-0.23446869960056452,-0.0092689997151086,True,
2025-12-24 20:00:00,87669.45,LOW_OSCILLATION,做多,0.6,-0.5820695437752951,-0.0001802507938989,0.48132473239026535,-0.1055745360613,-0.0092689997151086,False,量能过低
2025-12-25 00:00:00,87840.42,LOW_OSCILLATION,做多,0.6,-0.5940204124486171,-0.0001760628332588,0.33329411629984734,0.08073065155911915,-0.0092689997151086,False,量能过低
2025-12-25 04:00:00,87837.59,LOW_OSCILLATION,做多,0.6,-0.6061427357911144,-0.0001714546691752,0.29203775955644307,0.07011957095883152,-0.0092689997151086,False,量能过低
2025-12-25 08:00:00,87519.44,LOW_OSCILLATION,做多,0.6,-0.6184314790590428,-0.000166419925431,0.6414929072623978,-0.26456900898653235,-0.0092689997151086,True,
2025-12-25 12:00:00,88371.27,LOW_OSCILLATION,做多,0.6,-0.6308811752368003,-0.000160952909829,1.0130190818915767,0.6384769898769965,-0.0092689997151086,True,
2025-12-25 16:00:00,88151.18,LOW_OSCILLATION,做多,0.6,-0.6434859200535133,-0.0001550486389555,0.5682270778738804,0.35076906322899004,-0.0092689997151086,True,
2025-12-25 20:00:00,87225.27,LOW_OSCILLATION,做多,0.6,-0.656239367731985,-0.0001487028617586,0.9889539120557272,-0.6367285762140288,-0.0092689997151086,True,
2025-12-26 00:00:00,88844.87,LOW_OSCILLATION,做多,0.6,-0.6691347274923914,-0.0001419120819348,2.705537060992342,1.0919220805060417,-0.2485974480971609,True,
2025-12-26 04:00:00,88470.75,LOW_OSCILLATION,做多,0.6,-0.6821647608318682,-0.0001346735790702,1.6486727014651343,0.6023977846289111,-0.2485974480971609,True,
2025-12-26 08:00:00,88533.42,LOW_OSCILLATION,做多,0.6,-0.6953217795998022,-0.0001269854284573,0.6578673522114016,0.6091124448597804,-0.2485974480971609,True,
2025-12-26 12:00:00,87137.81,LOW_OSCILLATION,做多,0.6,-0.7085976448872833,-0.0001188465195469,2.8284810949603263,-0.8846438146775416,-0.2485974480971609,True,
2025-12-26 16:00:00,87501.83,LOW_OSCILLATION,做多,0.6,-0.721983766747791,-0.0001102565730266,0.9142511715289947,-0.4259604299330675,-0.2485974480971609,True,
2025-12-26 20:00:00,87369.56,LOW_OSCILLATION,做多,0.6,-0.7354711047647053,-0.0001012161564066,0.5489681808509624,-0.5218628367716605,-0.2485974480971609,True,
2025-12-27 00:00:00,87514.22,LOW_OSCILLATION,做多,0.6,-0.7490501694797616,-9.172669814183632e-05,0.35918693925457634,-0.32324960958942683,-0.2485974480971609,False,量能过低
2025-12-27 04:00:00,87539.26,LOW_OSCILLATION,做多,0.6,-0.7627110246950418,-8.179050022405487e-05,0.28812636001429903,-0.26673499125679984,-0.2485974480971609,False,量能过低
2025-12-27 08:00:00,87475.98,LOW_OSCILLATION,做多,0.6,-0.7764432906594902,-7.141074916816592e-05,0.6114640597496726,-0.30665919890713533,-0.2485974480971609,True,
2025-12-27 12:00:00,87551.25,LOW_OSCILLATION,做多,0.6,-0.7902361481493964,-6.05915254576761e-05,0.4325316358304378,-0.19988277155379625,-0.2485974480971609,False,量能过低
2025-12-27 16:00:00,87569.39,LOW_OSCILLATION,做多,0.6,-0.8040783434505897,-4.933781128724224e-05,0.33299920103196906,-0.16216543720176554,-0.2485974480971609,False,量能过低
2025-12-27 20:00:00,87877.01,LOW_OSCILLATION,做多,0.6,-0.8179581942484787,-3.765549669565438e-05,0.542777305211837,0.17056406507796196,-0.2485974480971609,True,
2025-12-28 00:00:00,87740.01,LOW_OSCILLATION,做多,0.6,-0.8318635964303546,-2.555138398685486e-05,0.4261830718136315,0.013026990832545583,-0.2485974480971609,False,量能过低
2025-12-28 04:00:00,87730.85,LOW_OSCILLATION,做多,0.6,-0.8457820318026635,-1.3033190433109354e-05,0.2850793124073612,0.0023394333305010897,-0.2485974480971609,False,量能过低
2025-12-28 08:00:00,87883.25,LOW_OSCILLATION,做多,0.6,-0.8597005767242386,-1.0954926610295956e-07,0.4882678430689913,0.15926261968160335,-0.2485974480971609,False,量能过低
2025-12-28 12:00:00,87836.27,LOW_OSCILLATION,做多,0.6,-0.8736059116547299,1.3209991083784622e-05,0.5233464013527908,0.09564197660177391,-0.2485974480971609,True,
2025-12-28 16:00:00,87520.75,LOW_OSCILLATION,做多,0.6,-0.8874843316156968,2.691496952433869e-05,0.5677749940297195,-0.23884061299573922,-0.2485974480971609,True,
2025-12-28 20:00:00,87952.71,LOW_OSCILLATION,做多,0.6,-0.901321757560083,4.099401658075319e-05,0.579259191396088,0.2293308250004243,-0.2485974480971609,True,
2025-12-29 00:00:00,90123.55,LOW_OSCILLATION,做多,0.6,-0.915103748643987,5.543486048220636e-05,2.8228766952368542,2.4394550542109634,-0.0736686810526266,False,趋势不符
2025-12-29 04:00:00,89617.71,LOW_OSCILLATION,做多,0.6,-0.9288155153928936,7.02243349973708e-05,1.9722635436969687,1.683928540796845,-0.0736686810526266,True,
2025-12-29 08:00:00,87567.66,LOW_OSCILLATION,做多,0.6,-0.9424419337527212,8.534838907903186e-05,2.621102939317758,-0.5813413740953338,-0.0736686810526266,True,
2025-12-29 12:00:00,87691.62,LOW_OSCILLATION,做多,0.6,-0.9559675600142808,0.0001007920982679,2.309085583226397,-0.3988101556837581,-0.0736686810526266,True,
2025-12-29 16:00:00,87366.23,LOW_OSCILLATION,做多,0.6,-0.9693766465979664,0.0001165396778741,0.8009715543845642,-0.6957209447306768,-0.0736686810526266,True,
2025-12-29 20:00:00,87237.13,LOW_OSCILLATION,做多,0.6,-0.9826531586837332,0.0001325744979184,0.8715723582003595,-0.7628392692513712,-0.0736686810526266,True,
2025-12-30 00:00:00,87379.0,LOW_OSCILLATION,做多,0.6,-0.9957807916696688,0.0001488790998315,0.9674853044114113,-0.5444846763796181,0.1730549118524102,True,
2025-12-30 04:00:00,87502.85,LOW_OSCILLATION,做多,0.6,-1.0087429894407411,0.000165435214863,0.6861674417373956,-0.36522767500147774,0.1730549118524102,True,
2025-12-30 08:00:00,87903.89,LOW_OSCILLATION,做多,0.6,-1.0215229634275744,0.0001822237842391,1.4868131033765934,0.08270154319026952,0.1730549118524102,True,
2025-12-30 12:00:00,89016.35,LOW_OSCILLATION,做多,0.6,-1.034103712433436,0.0001992249809716,2.12335444098656,1.2192189314301092,0.1730549118524102,True,
2025-12-30 16:00:00,88226.16,LOW_OSCILLATION,做多,0.6,-1.0464680432059363,0.0002164182333612,1.516724643183804,0.2900732311321845,0.1730549118524102,True,
2025-12-30 20:00:00,88485.49,LOW_OSCILLATION,做多,0.6,-1.0585985917283114,0.0002337822501252,0.6399498690493653,0.5288677435955692,0.1730549118524102,True,
2025-12-31 00:00:00,88453.04,LOW_OSCILLATION,做多,0.6,-1.0704778452035622,0.0002512950471242,0.5736735583500931,0.44493538083561507,-0.278312880572881,True,
2025-12-31 04:00:00,88613.12,LOW_OSCILLATION,做多,0.6,-1.0820881647031464,0.0002689339756665,0.49171832857089415,0.5666923270594127,-0.278312880572881,False,量能过低
2025-12-31 08:00:00,89011.52,LOW_OSCILLATION,做多,0.6,-1.0934118084503948,0.0002866757523358,0.8258917718273133,0.9209094915610538,-0.278312880572881,True,
2026-01-12 12:00:00,91665.0,LOW_OSCILLATION,做多,0.6,-0.3232354647264819,0.0002782063288281,1.800302470248625,0.6905047795299992,0.0649533052162106,True,
2026-01-20 04:00:00,91177.98,BEARISH_SINGULARITY,做空,0.7,0.9316815295081828,-0.0010132558104231,2.962501925352029,-2.655463222588943,0.0649533052162106,False,趋势不符
2026-01-20 08:00:00,91218.99,BEARISH_SINGULARITY,做空,0.7,0.942888440005834,-0.0010263944626529,1.3614803713066665,-2.368840286875689,0.0649533052162106,False,趋势不符
2026-01-20 12:00:00,90684.95,BEARISH_SINGULARITY,做空,0.7,0.953056993563378,-0.0010383569401073,2.6804707127956457,-2.6678512535326564,0.0649533052162106,False,趋势不符
2026-01-20 16:00:00,89864.0,BEARISH_SINGULARITY,做空,0.7,0.9621764246787078,-0.001049122442214,1.274070919077605,-3.2218688690111192,0.0649533052162106,False,趋势不符
