信号时间,信号类型,方向,信号价,张力,加速度,量能比率,价格vsEMA%,V7.0.5过滤结果,过滤原因,开仓价,平仓价,持仓周期,盈亏%,是否盈利
2025-08-10 12:00:00,BEARISH_SINGULARITY,short,118815.0,0.7733394173530197,-0.0845191579779157,,0.0,通过,通过V7.0.5,118815.0,117275.22,30.0,1.295947481378613,是
2025-08-10 16:00:00,BEARISH_SINGULARITY,short,118663.08,0.708409113349101,-0.0804465008533109,,-0.11569933814148577,通过,通过V7.0.5,118663.08,116936.27,30.0,1.4552209499365747,是
2025-08-10 20:00:00,BEARISH_SINGULARITY,short,119294.01,0.5927933355073683,-0.0676948429406483,,0.37567513144357767,通过,通过V7.0.5,119294.01,116936.27,29.0,1.9764110536647992,是
2025-08-11 00:00:00,BEARISH_SINGULARITY,short,121728.99,0.5290942215089675,-0.0631242869000843,,2.1885435051540685,通过,通过V7.0.5,121728.99,116936.27,28.0,3.9372050979803586,是
2025-08-11 04:00:00,BEARISH_SINGULARITY,short,121537.15,0.5524573785528275,-0.0636068809081827,,1.8308680559716288,通过,通过V7.0.5,121537.15,116936.27,27.0,3.785575027882413,是
2025-08-11 08:00:00,BEARISH_SINGULARITY,short,120561.54,0.5851209594393163,-0.0679277223215729,,0.9160426891455962,通过,通过V7.0.5,120561.54,116936.27,26.0,3.006987137025613,是
2025-08-11 12:00:00,BEARISH_SINGULARITY,short,120314.4,0.627769121624933,-0.0761791748621619,,0.6412006767917083,通过,通过V7.0.5,120314.4,116936.27,25.0,2.807752023032979,是
2025-08-11 16:00:00,BEARISH_SINGULARITY,short,119089.3,0.6365680809336108,-0.0797075149129932,,-0.34717286113795875,通过,通过V7.0.5,119089.3,116936.27,24.0,1.8079122137757118,是
2025-08-11 20:00:00,BEARISH_SINGULARITY,short,118686.0,0.5934326901820595,-0.0757075655210445,,-0.6198499339625857,通过,通过V7.0.5,118686.0,116936.27,23.0,1.474251386010141,是
2025-08-12 00:00:00,BEARISH_SINGULARITY,short,118857.7,0.4994074192284805,-0.0661137783207126,,-0.43093372486988885,通过,通过V7.0.5,118857.7,116936.27,22.0,1.616580162665097,是
2025-08-12 04:00:00,BEARISH_SINGULARITY,short,118986.72,0.3773572082111734,-0.0529266795748302,,-0.29219360947813583,通过,通过V7.0.5,118986.72,116936.27,21.0,1.7232595368625987,是
2025-08-13 08:00:00,BULLISH_SINGULARITY,long,120570.41,-0.3632686299070283,0.0457893006284492,,0.8493430010302006,通过,通过V7.0.5,120570.41,123337.14,4.0,2.2947006649475568,是
2025-08-13 12:00:00,BULLISH_SINGULARITY,long,120920.62,-0.4004817356474436,0.0453089827335421,,1.0323602007218056,通过,通过V7.0.5,120920.62,123337.14,3.0,1.9984350063702983,是
2025-08-15 04:00:00,BULLISH_SINGULARITY,long,118956.45,-0.8050073129625414,0.0565937635539306,0.4845422413720835,-0.7515611492509465,通过,通过V7.0.5,118956.45,119006.01,1.0,0.04166230582704651,是
2025-08-15 08:00:00,BULLISH_SINGULARITY,long,119006.01,-1.0091647840364837,0.0885537251670626,0.3193277812009141,-0.6430076521882331,通过,通过V7.0.5,119006.01,118308.01,12.0,-0.5865249998718552,否
2025-08-15 16:00:00,BULLISH_SINGULARITY,long,116936.27,-1.376757060349172,0.1433642834520483,0.6575137533635413,-1.9732886361245265,通过,通过V7.0.5,116936.27,118308.01,10.0,1.173066320654824,是
2025-08-15 20:00:00,BULLISH_SINGULARITY,long,117342.05,-1.513084872403328,0.1632384064380758,0.3912820298120253,-1.4798925028743648,通过,通过V7.0.5,117342.05,118308.01,9.0,0.8232002082799745,是
2025-08-16 00:00:00,BULLISH_SINGULARITY,long,117429.63,-1.5840387941464724,0.176108911628896,0.4156289299700787,-1.2741279984413474,通过,通过V7.0.5,117429.63,118308.01,8.0,0.7480054224815237,是
2025-08-16 04:00:00,BULLISH_SINGULARITY,long,117596.07,-1.597739210402458,0.1789097621829369,0.2755372387399946,-1.0272887606685266,通过,通过V7.0.5,117596.07,118308.01,7.0,0.6054113883227457,是
2025-08-16 08:00:00,BULLISH_SINGULARITY,long,117378.52,-1.5325226654603907,0.1755151490771587,0.3654383861176555,-1.0963749687175304,通过,通过V7.0.5,117378.52,118308.01,6.0,0.7918740157909561,是
2025-08-16 12:00:00,BULLISH_SINGULARITY,long,117676.7,-1.4374721010217852,0.1635529931887775,0.3673355808023187,-0.7652549002216389,通过,通过V7.0.5,117676.7,118308.01,5.0,0.5364783342836753,是
2025-08-16 16:00:00,BULLISH_SINGULARITY,long,117672.12,-1.326161991272079,0.1456565395102931,0.2616736451865418,-0.6963779763855482,通过,通过V7.0.5,117672.12,118308.01,4.0,0.5403913858269906,是
2025-08-16 20:00:00,BULLISH_SINGULARITY,long,117380.66,-1.2344877743857685,0.1280727628061522,0.2970454047986793,-0.8533604342523813,通过,通过V7.0.5,117380.66,118308.01,3.0,0.7900364506384538,是
2025-08-17 00:00:00,BULLISH_SINGULARITY,long,117684.95,-1.1640025607339624,0.1142946446744759,0.2925120362501962,-0.539851526684168,通过,通过V7.0.5,117684.95,118308.01,2.0,0.5294304836769678,是
2025-08-17 04:00:00,BULLISH_SINGULARITY,long,118005.98,-1.1264345203409452,0.1052398009086852,0.4449574186278404,-0.24302377821488058,通过,通过V7.0.5,118005.98,118308.01,1.0,0.25594465636402397,是
2025-08-17 08:00:00,BULLISH_SINGULARITY,long,118308.01,-1.06495481173857,0.1015919580896871,0.4251420318760478,0.011127420315851549,通过,通过V7.0.5,118308.01,118246.16,1.0,-0.05227879329556069,否
2025-08-17 12:00:00,BULLISH_SINGULARITY,long,118246.16,-0.952193905365367,0.0970763907018761,0.4366703985260341,-0.03723891752091115,通过,通过V7.0.5,118246.16,117570.07,1.0,-0.5717648674595408,否
2025-08-17 16:00:00,BULLISH_SINGULARITY,long,117570.07,-0.8338103261085992,0.0906819553341922,0.6241900887979325,-0.5511303292826649,通过,通过V7.0.5,117570.07,117405.01,1.0,-0.14039287379858856,否
2025-08-17 20:00:00,BULLISH_SINGULARITY,long,117405.01,-0.6374081061138063,0.0748424275816486,0.4497598268574821,-0.6253752001750928,通过,通过V7.0.5,117405.01,116935.99,30.0,-0.39948891448498625,否
2025-08-18 16:00:00,BULLISH_SINGULARITY,long,116313.99,-0.4129123865390643,0.037024528488003,0.9184571557618518,-0.7226546967004432,通过,通过V7.0.5,116313.99,116935.99,25.0,0.5347594042642677,是
2025-08-18 20:00:00,BULLISH_SINGULARITY,long,116227.05,-0.3920330732421517,0.0268309203161449,0.7183657662191708,-0.7215165882439423,通过,通过V7.0.5,116227.05,116935.99,24.0,0.6099612783771096,是
2025-08-19 08:00:00,BULLISH_SINGULARITY,long,115508.71,-0.4267629475559527,0.022693250114354,0.8411053239032745,-0.9071606925084572,通过,通过V7.0.5,115508.71,116935.99,21.0,1.2356470780428583,是
2025-08-20 04:00:00,BULLISH_SINGULARITY,long,113490.13,-0.4450787884818425,0.0466125865894631,0.5920290954909955,-1.5728623922959155,通过,通过V7.0.5,113490.13,116935.99,16.0,3.0362640345904977,是
2025-08-23 00:00:00,BEARISH_SINGULARITY,short,115568.77,0.482901870937082,-0.0492397506583675,0.9649104102932008,0.8777357746793217,通过,通过V7.0.5,115568.77,109666.33,21.0,5.107296720385621,是
2025-08-23 04:00:00,BEARISH_SINGULARITY,short,115799.47,0.6333806707152054,-0.0712640491633229,0.8285408455879127,0.9753346352884985,通过,通过V7.0.5,115799.47,109666.33,20.0,5.296345484137363,是
2025-08-23 08:00:00,BEARISH_SINGULARITY,short,115310.13,0.7778002315429431,-0.0914094309137822,0.4985644792101938,0.49612732593830294,通过,通过V7.0.5,115310.13,109666.33,19.0,4.894452898457406,是
2025-08-23 12:00:00,BEARISH_SINGULARITY,short,114812.87,0.8863440247877669,-0.1042426033983412,1.1137451002913437,0.05677113481770443,通过,通过V7.0.5,114812.87,109666.33,18.0,4.482546251130203,是
2025-08-23 16:00:00,BEARISH_SINGULARITY,short,115133.91,0.9730895517152656,-0.1089135252440037,0.4162443582562181,0.3044001407960823,通过,通过V7.0.5,115133.91,109666.33,17.0,4.748887621379315,是
2025-08-23 20:00:00,BEARISH_SINGULARITY,short,115438.05,1.0531858941557062,-0.1085940280251415,0.3946493228285967,0.5148616765544478,通过,通过V7.0.5,115438.05,109666.33,16.0,4.999841906546412,是
2025-08-24 00:00:00,BEARISH_SINGULARITY,short,115036.0,1.0769821168733722,-0.1038053964306118,0.8169413274942211,0.14906911828509783,通过,通过V7.0.5,115036.0,109666.33,15.0,4.667817031190235,是
2025-08-24 04:00:00,BEARISH_SINGULARITY,short,114888.19,1.0708524911169692,-0.092549308999744,0.7001554125542437,0.01844535512603567,通过,通过V7.0.5,114888.19,109666.33,14.0,4.545166914023104,是
2025-08-24 08:00:00,BEARISH_SINGULARITY,short,114730.22,1.0319283983851089,-0.0782288510122637,0.8964646670920398,-0.10775028052641732,通过,通过V7.0.5,114730.22,109666.33,13.0,4.413736851546175,是
2025-08-24 12:00:00,BEARISH_SINGULARITY,short,114400.0,1.0151278920587972,-0.0661799694442726,1.051035614462017,-0.3577537447294075,通过,通过V7.0.5,114400.0,108386.23,30.0,5.256791958041961,是
2025-08-24 16:00:00,BEARISH_SINGULARITY,short,112600.0,0.9687040681926288,-0.0491240873358002,2.8962509888814183,-1.7453662396782181,通过,通过V7.0.5,112600.0,108212.01,30.0,3.896971580817056,是
2025-08-24 20:00:00,BEARISH_SINGULARITY,short,113493.59,0.9451727344888068,-0.0382081877909753,1.4380470235102416,-0.8744609282184796,通过,通过V7.0.5,113493.59,108212.01,29.0,4.653637267091473,是
2025-08-25 00:00:00,BEARISH_SINGULARITY,short,112916.84,0.9605294073820044,-0.0376898339179111,0.8068319560739156,-1.248577705223139,通过,通过V7.0.5,112916.84,108212.01,28.0,4.166632718379297,是
2025-08-25 04:00:00,BEARISH_SINGULARITY,short,111511.55,0.9901744926572216,-0.0422254379919179,1.3062239963449849,-2.2469164489726587,通过,通过V7.0.5,111511.55,108212.01,27.0,2.958922192364834,是
2025-08-25 08:00:00,BEARISH_SINGULARITY,short,111214.97,0.9795186488538624,-0.0493714037453194,1.2492562543830392,-2.2735794288642497,通过,通过V7.0.5,111214.97,108212.01,26.0,2.7001400980461594,是
2025-08-25 12:00:00,BEARISH_SINGULARITY,short,112200.64,0.9899554608979894,-0.0661054025473951,1.3624460161588137,-1.2751208926855055,通过,通过V7.0.5,112200.64,108212.01,25.0,3.5549084211997406,是
2025-08-25 16:00:00,BEARISH_SINGULARITY,short,110716.13,0.9794449860146016,-0.0832975594232998,0.906471958636407,-2.341249425148074,通过,通过V7.0.5,110716.13,108212.01,24.0,2.2617481301053513,是
2025-08-25 20:00:00,BEARISH_SINGULARITY,short,110111.98,0.9030361214659274,-0.0960738742872103,2.187672884390929,-2.6075577877986293,通过,通过V7.0.5,110111.98,108212.01,23.0,1.7254889068382944,是
2025-08-26 00:00:00,BEARISH_SINGULARITY,short,109879.56,0.7369634222366804,-0.0985524456856689,1.2993817374062877,-2.5520501389214307,通过,通过V7.0.5,109879.56,108212.01,22.0,1.517616197225401,是
2025-08-26 04:00:00,BEARISH_SINGULARITY,short,110303.2,0.5345275625055369,-0.0909357766635975,0.5991984065493355,-1.9731594267710157,通过,通过V7.0.5,110303.2,108212.01,21.0,1.8958561492323,是
2025-08-26 20:00:00,BULLISH_SINGULARITY,long,111763.22,-0.4196000498763127,0.0347914175798994,0.7255420339035564,-0.14038070262109692,通过,通过V7.0.5,111763.22,113114.11,8.0,1.2087071220746857,是
2025-08-27 00:00:00,BULLISH_SINGULARITY,long,111418.15,-0.4410154337487175,0.0570183355524237,0.6392791728839068,-0.4061386145503981,通过,通过V7.0.5,111418.15,113114.11,7.0,1.5221577453942707,是
2025-08-27 04:00:00,BULLISH_SINGULARITY,long,110725.18,-0.3744866570999202,0.0677060100386067,0.5261567965420816,-0.9288010867363451,通过,通过V7.0.5,110725.18,113114.11,6.0,2.1575309247634618,是
2025-08-27 20:00:00,BEARISH_SINGULARITY,short,111262.01,0.5315121968672527,-0.050391659494089,0.7481286805715702,-0.41903274918754774,通过,通过V7.0.5,111262.01,107660.01,25.0,3.237403314932024,是
2025-08-28 00:00:00,BEARISH_SINGULARITY,short,112000.01,0.6228681623718062,-0.0849772542968496,0.3852799545579685,0.21843799105214237,通过,通过V7.0.5,112000.01,107660.01,24.0,3.874999654017888,是
2025-08-28 04:00:00,BEARISH_SINGULARITY,short,113114.11,0.6656782316141232,-0.1159608534360241,0.817583264615477,1.0983246959790205,通过,通过V7.0.5,113114.11,107660.01,23.0,4.821768035835676,是
2025-08-28 08:00:00,BEARISH_SINGULARITY,short,112909.18,0.6737575505002432,-0.136815789679834,0.4750126080402641,0.8272843110425572,通过,通过V7.0.5,112909.18,107660.01,22.0,4.649019681127787,是
2025-08-28 12:00:00,BEARISH_SINGULARITY,short,112678.53,0.652081059323314,-0.1495768647783813,1.0509701468803228,0.5618098071604894,通过,通过V7.0.5,112678.53,107660.01,21.0,4.453838721538171,是
2025-08-28 16:00:00,BEARISH_SINGULARITY,short,111901.36,0.5172077569394516,-0.1454252815639488,0.6411084836338397,-0.11925205399624371,通过,通过V7.0.5,111901.36,107660.01,20.0,3.7902577770279158,是
2025-08-28 20:00:00,BEARISH_SINGULARITY,short,112566.9,0.3561697536914833,-0.1316469636920373,0.4135199790094058,0.4293819428363782,通过,通过V7.0.5,112566.9,107660.01,19.0,4.35908779579077,是
2025-08-30 08:00:00,BULLISH_SINGULARITY,long,108680.01,-0.7713245495928104,0.1538493748967691,0.5385779558990268,-1.4059121904988707,通过,通过V7.0.5,108680.01,112222.74,25.0,3.259780708522212,是
2025-08-30 12:00:00,BULLISH_SINGULARITY,long,108869.98,-0.7277703400945494,0.1401944094079916,0.5885642363758226,-1.11740183317743,通过,通过V7.0.5,108869.98,112222.74,24.0,3.079600088105104,是
2025-08-30 16:00:00,BULLISH_SINGULARITY,long,108828.33,-0.6933734792857912,0.1171216925296003,0.2634861872117263,-1.0463602229357367,通过,通过V7.0.5,108828.33,112222.74,23.0,3.1190499753143355,是
2025-08-30 20:00:00,BULLISH_SINGULARITY,long,108816.33,-0.6499194763126628,0.0935760121256518,0.3177352509579297,-0.9575430473934143,通过,通过V7.0.5,108816.33,112222.74,22.0,3.130421693141097,是
2025-08-31 00:00:00,BULLISH_SINGULARITY,long,109223.84,-0.5760261711056902,0.0655039960753078,0.7206988869860957,-0.5310622106991942,通过,通过V7.0.5,109223.84,112222.74,21.0,2.7456460054874547,是
2025-08-31 04:00:00,BULLISH_SINGULARITY,long,108708.26,-0.422744464374906,0.0413572439110956,0.4974993314729847,-0.9061639364283008,通过,通过V7.0.5,108708.26,112954.32,30.0,3.905922144278652,是
2025-09-01 16:00:00,BULLISH_SINGULARITY,long,109217.64,-0.4760740318065498,0.023287612135092,0.6667709059605984,0.07687886123379592,通过,通过V7.0.5,109217.64,112954.32,21.0,3.4213154578326432,是
2025-09-02 04:00:00,BULLISH_SINGULARITY,long,110233.92,-0.3576406308179115,0.0319296818965584,0.9440195664875176,0.8092558500509085,通过,通过V7.0.5,110233.92,112954.32,18.0,2.4678429289278734,是
2025-09-03 04:00:00,BEARISH_SINGULARITY,short,111099.88,0.397710678091797,-0.0338642574229575,0.6434622572335598,0.9727907018013595,通过,通过V7.0.5,111099.88,109510.31,8.0,1.430757620980335,是
2025-09-03 08:00:00,BEARISH_SINGULARITY,short,111437.77,0.4166636808538325,-0.03224186132157,0.63628929280795,1.156577787009389,通过,通过V7.0.5,111437.77,109510.31,7.0,1.729629011779405,是
2025-09-03 12:00:00,BEARISH_SINGULARITY,short,112222.74,0.4336833685097903,-0.0302216211978624,1.420357788248189,1.688109731974864,通过,通过V7.0.5,112222.74,109510.31,6.0,2.417005679953998,是
2025-09-03 16:00:00,BEARISH_SINGULARITY,short,112193.74,0.5228213463087743,-0.0275396173639849,0.7774210970317674,1.5011863936988366,通过,通过V7.0.5,112193.74,109510.31,5.0,2.391782286605302,是
2025-09-03 20:00:00,BEARISH_SINGULARITY,short,111705.71,0.6539744280970713,-0.0316288378347989,0.3881492455163882,0.9577804443957649,通过,通过V7.0.5,111705.71,109510.31,4.0,1.9653426848099427,是
2025-09-04 00:00:00,BEARISH_SINGULARITY,short,111148.97,0.8149550890482373,-0.0412074301939662,0.6046358005979585,0.4111339992211268,通过,通过V7.0.5,111148.97,109510.31,3.0,1.4742916646011235,是
2025-09-04 04:00:00,BEARISH_SINGULARITY,short,110463.36,0.9059228787005932,-0.0523018742665059,0.9153657794991216,-0.18844577005004737,通过,通过V7.0.5,110463.36,109510.31,2.0,0.8627747698422381,是
2025-09-04 08:00:00,BEARISH_SINGULARITY,short,110810.0,0.9870372456691516,-0.0662296119138201,0.5195106195374984,0.11287218088573006,通过,通过V7.0.5,110810.0,109510.31,1.0,1.1728995578016446,是
2025-09-04 12:00:00,BEARISH_SINGULARITY,short,109510.31,0.9595783107924732,-0.0707098421747679,1.2658511858862884,-0.961241815925747,通过,通过V7.0.5,109510.31,109799.99,1.0,-0.2645230389723192,否
2025-09-04 16:00:00,BEARISH_SINGULARITY,short,109799.99,0.85410119092831,-0.0610143945247236,0.8978365284025687,-0.6330867638622139,通过,通过V7.0.5,109799.99,110038.41,12.0,-0.21714027478508718,否
2025-09-04 20:00:00,BEARISH_SINGULARITY,short,110730.87,0.7003169128914906,-0.046460143218319,0.8463131209436908,0.1893669312733992,通过,通过V7.0.5,110730.87,110038.41,11.0,0.6253540679306429,是
2025-09-05 00:00:00,BEARISH_SINGULARITY,short,111311.77,0.4716210894862228,-0.0257522419508708,0.7062758632570026,0.646433512856428,通过,通过V7.0.5,111311.77,110038.41,10.0,1.1439580917633423,是
2025-09-05 20:00:00,BEARISH_SINGULARITY,short,110659.99,0.6097920520830333,-0.0270096743746095,1.0098942366255668,-0.2832215897663522,通过,通过V7.0.5,110659.99,110038.41,5.0,0.5617025629588451,是
2025-09-06 00:00:00,BEARISH_SINGULARITY,short,111082.22,0.6998876732829364,-0.0436367636543797,0.3338275052059753,0.08798348643402565,通过,通过V7.0.5,111082.22,110038.41,4.0,0.9396733338602683,是
2025-09-06 04:00:00,BEARISH_SINGULARITY,short,110825.6,0.7680319494154517,-0.059430208663915,0.2924329479686491,-0.1296138230555878,通过,通过V7.0.5,110825.6,110038.41,3.0,0.7102961770565667,是
2025-09-06 08:00:00,BEARISH_SINGULARITY,short,110781.02,0.7834969066484352,-0.0756687592709099,0.2739010339112355,-0.15364169758298313,通过,通过V7.0.5,110781.02,110038.41,2.0,0.6703404608478967,是
2025-09-06 12:00:00,BEARISH_SINGULARITY,short,110384.15,0.7301231025153798,-0.0859443872761429,0.3959197004013461,-0.4628650675322376,通过,通过V7.0.5,110384.15,110038.41,1.0,0.3132152578064792,是
2025-09-06 16:00:00,BEARISH_SINGULARITY,short,110038.41,0.5917108993894648,-0.0857561533279768,0.6235897639813041,-0.7013736559302258,通过,通过V7.0.5,110038.41,110187.97,1.0,-0.13591617690586194,否
2025-09-06 20:00:00,BEARISH_SINGULARITY,short,110187.97,0.3697256523198328,-0.0749375642637005,0.293819384925858,-0.5127434711790338,通过,通过V7.0.5,110187.97,110629.15,1.0,-0.40038853606250574,否
2025-09-07 16:00:00,BULLISH_SINGULARITY,long,111259.99,-0.5524373245307223,0.0274058909445968,0.4876118254795937,0.336463787349699,通过,通过V7.0.5,111259.99,116632.51,30.0,4.828797845478855,是
2025-09-07 20:00:00,BULLISH_SINGULARITY,long,111137.34,-0.558368483498322,0.0341460379838687,0.4768444713210623,0.20430158555798567,通过,通过V7.0.5,111137.34,116632.51,29.0,4.944485804680945,是
2025-09-08 00:00:00,BULLISH_SINGULARITY,long,111052.11,-0.4829804285247015,0.0370007702263392,0.9462725283319072,0.115303347996729,通过,通过V7.0.5,111052.11,116632.51,28.0,5.025028340298976,是
2025-09-08 04:00:00,BULLISH_SINGULARITY,long,111280.39,-0.4857472183584772,0.0325742096291457,0.7535990928123307,0.2904316074213888,通过,通过V7.0.5,111280.39,116632.51,27.0,4.809580555927235,是
2025-09-08 16:00:00,BULLISH_SINGULARITY,long,112097.31,-0.5504470292120278,0.0343338309090238,0.9442892785149064,0.7198448021069589,通过,通过V7.0.5,112097.31,116632.51,24.0,4.045770589856257,是
2025-09-08 20:00:00,BULLISH_SINGULARITY,long,112065.23,-0.5542317892088254,0.0399649473789373,0.836673400334305,0.6247981100586496,通过,通过V7.0.5,112065.23,116632.51,23.0,4.075554924573839,是
2025-09-12 20:00:00,BULLISH_SINGULARITY,long,116029.42,-0.5603252051864925,0.0270855472927339,0.8438159030817044,1.510545775020022,通过,通过V7.0.5,116029.42,117162.48,26.0,0.9765281943148537,是
2025-09-13 00:00:00,BULLISH_SINGULARITY,long,115957.0,-0.6129528151397056,0.0488287180228995,0.892426910246084,1.3075581808454784,通过,通过V7.0.5,115957.0,117581.66,30.0,1.4010883344688148,是
2025-09-13 04:00:00,BULLISH_SINGULARITY,long,115778.71,-0.6465978818855268,0.0679158472818818,0.4262905693784213,1.04095607714425,通过,通过V7.0.5,115778.71,117581.66,29.0,1.5572379412415263,是
2025-09-13 08:00:00,BULLISH_SINGULARITY,long,115974.11,-0.629643360780302,0.0830258692239649,0.4975662848722725,1.0948405692220853,通过,通过V7.0.5,115974.11,117581.66,28.0,1.3861283350223623,是
2025-09-13 12:00:00,BULLISH_SINGULARITY,long,115768.68,-0.5286965672850125,0.0938720992511303,0.568754822874369,0.8278289775796952,通过,通过V7.0.5,115768.68,117583.56,30.0,1.5676778900821924,是
2025-09-13 16:00:00,BULLISH_SINGULARITY,long,115797.12,-0.3960923756474586,0.0973581579198135,0.6722445669006868,0.7707728431078822,通过,通过V7.0.5,115797.12,117583.56,29.0,1.542732668999024,是
2025-09-18 12:00:00,LOW_OSCILLATION,long,117583.56,-0.7607988833733069,0.007054367018813,1.064226462951409,1.0321734160653966,通过,通过V7.0.5,117583.56,117450.21,1.0,-0.11340871121778527,否
2025-09-18 16:00:00,BULLISH_SINGULARITY,long,117450.21,-0.8932457374573024,0.0295487700779963,0.8361055147219159,0.8294793318084985,通过,通过V7.0.5,117450.21,117073.53,1.0,-0.32071462452047345,否
2025-09-18 20:00:00,BULLISH_SINGULARITY,long,117073.53,-0.9863690255242752,0.0545538079575373,0.6529802063964203,0.4576834170126261,通过,通过V7.0.5,117073.53,116977.58,1.0,-0.08195704016099718,否
2025-09-19 00:00:00,BULLISH_SINGULARITY,long,116977.58,-0.9899285288805456,0.0790377616187847,0.6380706630574847,0.3394821755709293,通过,通过V7.0.5,116977.58,116909.97,1.0,-0.057797400151379935,否
2025-09-19 04:00:00,BULLISH_SINGULARITY,long,116909.97,-0.9537670492615472,0.0913135809952151,0.7289035824244772,0.2546118714673609,通过,通过V7.0.5,116909.97,116394.72,1.0,-0.4407237466573638,否
2025-09-19 08:00:00,BULLISH_SINGULARITY,long,116394.72,-0.8556381998726509,0.0967570602956352,0.5842007910564682,-0.16943241254376962,通过,通过V7.0.5,116394.72,115986.69,7.0,-0.3505571386743306,否
2025-09-19 16:00:00,BULLISH_SINGULARITY,long,115125.12,-0.6501879955248384,0.0911574481144616,0.6513305603654788,-1.0880432130502196,通过,通过V7.0.5,115125.12,115986.69,5.0,0.7483770700955682,是
2025-09-19 20:00:00,BULLISH_SINGULARITY,long,115632.38,-0.5802467880938101,0.0857744385991045,0.3905267074593596,-0.5904715355502772,通过,通过V7.0.5,115632.38,115986.69,4.0,0.3064107129854091,是
2025-09-20 00:00:00,BULLISH_SINGULARITY,long,115445.0,-0.5958317618672219,0.0822376835839874,0.3643659414484349,-0.6804723855932961,通过,通过V7.0.5,115445.0,115986.69,3.0,0.4692191086664666,是
2025-09-20 04:00:00,BULLISH_SINGULARITY,long,115968.56,-0.6707447704064823,0.0746480388076519,0.3906684285135758,-0.20818044688463208,通过,通过V7.0.5,115968.56,115986.69,2.0,0.015633547575312358,是
2025-09-20 08:00:00,BULLISH_SINGULARITY,long,115894.06,-0.7966076931956015,0.0717596178118271,0.4172236173545329,-0.24641994523443445,通过,通过V7.0.5,115894.06,115986.69,1.0,0.07992644316715167,是
2025-09-20 12:00:00,BULLISH_SINGULARITY,long,115986.69,-0.9102830352200922,0.072832781954379,0.4602568676654739,-0.1508391213033856,通过,通过V7.0.5,115986.69,115815.97,4.0,-0.14718930249669265,否
2025-09-20 16:00:00,BULLISH_SINGULARITY,long,115702.0,-1.015880013178614,0.0797150193472613,0.504464070448046,-0.3583479683129673,通过,通过V7.0.5,115702.0,115815.97,3.0,0.09850305094121206,是
2025-09-20 20:00:00,BULLISH_SINGULARITY,long,115685.63,-1.0819323204582336,0.0902917940495702,0.4009507412673723,-0.3370942367887557,通过,通过V7.0.5,115685.63,115815.97,2.0,0.11266740735214606,是
2025-09-21 00:00:00,BULLISH_SINGULARITY,long,115669.41,-1.1262067882008593,0.0989525503458196,0.6424170944329632,-0.31773894391502316,通过,通过V7.0.5,115669.41,115815.97,1.0,0.12670592855967508,是
2025-09-21 04:00:00,BULLISH_SINGULARITY,long,115815.97,-1.0574036866519858,0.1076440216851182,0.5966227853286702,-0.1732352308141749,通过,通过V7.0.5,115815.97,115603.45,1.0,-0.1834980098167844,否
2025-09-21 08:00:00,BULLISH_SINGULARITY,long,115603.45,-0.9035021869254742,0.1072343627307967,0.6357014781627034,-0.3225805354432762,通过,通过V7.0.5,115603.45,115531.61,1.0,-0.062143474091816905,否
2025-09-21 12:00:00,BULLISH_SINGULARITY,long,115531.61,-0.7129643708577235,0.0967452388276653,0.5680222694109844,-0.34802970958358376,通过,通过V7.0.5,115531.61,115480.05,1.0,-0.04462847873408643,否
2025-09-21 16:00:00,BULLISH_SINGULARITY,long,115480.05,-0.5045964088949538,0.0794161234200658,0.6718564819010923,-0.35525444089715924,通过,通过V7.0.5,115480.05,115232.29,1.0,-0.21454788078114734,否
2025-09-21 20:00:00,BULLISH_SINGULARITY,long,115232.29,-0.3528546309540486,0.0546827682151681,0.510919113441992,-0.5151250010111857,通过,通过V7.0.5,115232.29,114649.89,1.0,-0.5054138904989167,否
2025-09-25 04:00:00,BEARISH_SINGULARITY,short,111766.72,0.3510707379084591,-0.0295471339627648,1.1394473566140793,-1.1685439198078695,通过,通过V7.0.5,111766.72,108994.49,4.0,2.4803716168820165,是
2025-09-25 08:00:00,BEARISH_SINGULARITY,short,111348.0,0.4214387853350161,-0.0380891695500196,0.9035166338853362,-1.3942942303653179,通过,通过V7.0.5,111348.0,108994.49,3.0,2.1136526924596715,是
2025-09-25 12:00:00,BEARISH_SINGULARITY,short,111580.77,0.5070226708389441,-0.0496845122315624,1.9693185870677123,-1.076221234229083,通过,通过V7.0.5,111580.77,108994.49,2.0,2.3178545908941106,是
2025-09-25 16:00:00,BEARISH_SINGULARITY,short,109360.0,0.5323354265241772,-0.054402660995467,2.396064240912296,-2.763087032572207,通过,通过V7.0.5,109360.0,108994.49,1.0,0.3342264081931189,是
2025-09-25 20:00:00,BEARISH_SINGULARITY,short,108994.49,0.4373635635805704,-0.0513889115625864,0.8406212402499301,-2.8022171590466676,通过,通过V7.0.5,108994.49,109027.78,4.0,-0.0305428283576478,否
2025-09-29 00:00:00,BEARISH_SINGULARITY,short,111857.51,0.3545264632503546,-0.0385408225756717,1.4502426865555131,1.3122172096902152,通过,通过V7.0.5,111857.51,111865.95,1.0,-0.007545313676303297,否
2025-09-29 04:00:00,BEARISH_SINGULARITY,short,111865.95,0.4846996733810367,-0.0435349792202885,1.1658785597962793,1.1926612474796052,通过,通过V7.0.5,111865.95,112100.0,1.0,-0.2092236288164566,否
2025-09-29 08:00:00,BEARISH_SINGULARITY,short,112100.0,0.5401670490544025,-0.0487019765743164,1.3621454891352491,1.2689325061637664,通过,通过V7.0.5,112100.0,113055.01,6.0,-0.8519268510258651,否
2025-09-29 12:00:00,BEARISH_SINGULARITY,short,113815.57,0.6336521972194467,-0.0554111125529606,3.0485202637188324,2.543464809475803,通过,通过V7.0.5,113815.57,113055.01,5.0,0.6682389764423375,是
2025-09-29 16:00:00,BEARISH_SINGULARITY,short,114265.55,0.7654088730390721,-0.0667504741253252,1.6330018236225865,2.6605617941714335,通过,通过V7.0.5,114265.55,113055.01,4.0,1.0594094195494688,是
2025-09-29 20:00:00,BEARISH_SINGULARITY,short,114311.96,0.9161678580449188,-0.0803390648847629,0.954491533365113,2.4386243930813967,通过,通过V7.0.5,114311.96,113055.01,3.0,1.0995787317442651,是
2025-09-30 00:00:00,BEARISH_SINGULARITY,short,114376.39,1.089785759909492,-0.0982000101149772,1.5622726100430362,2.253256319309817,通过,通过V7.0.5,114376.39,113055.01,2.0,1.1552908777764401,是
2025-09-30 04:00:00,BEARISH_SINGULARITY,short,113699.23,1.2600666099399618,-0.1154327497961524,1.3930374742413103,1.4885944846419727,通过,通过V7.0.5,113699.23,113055.01,1.0,0.5666001432023781,是
2025-09-30 08:00:00,BEARISH_SINGULARITY,short,113055.01,1.3735266099817551,-0.1268854709870958,1.6287028316353922,0.8258357279552061,通过,通过V7.0.5,113055.01,113106.16,1.0,-0.04524346156796478,否
2025-09-30 12:00:00,BEARISH_SINGULARITY,short,113106.16,1.379625782682854,-0.1270135844836061,1.5284525719064228,0.7878034774445656,通过,通过V7.0.5,113106.16,114048.93,2.0,-0.8335266620314841,否
2025-09-30 16:00:00,BEARISH_SINGULARITY,short,114359.99,1.3705655696021868,-0.1239028513095225,1.3226652530434286,1.720521478279649,通过,通过V7.0.5,114359.99,114048.93,1.0,0.27200072332990954,是
2025-09-30 20:00:00,BEARISH_SINGULARITY,short,114048.93,1.3234538981341706,-0.116896847008322,1.0096637392635288,1.3045384113659209,通过,通过V7.0.5,114048.93,114176.92,1.0,-0.11222376220452507,否
2025-10-01 00:00:00,BEARISH_SINGULARITY,short,114176.92,1.2398046064634378,-0.1059442618754087,1.0056236723616,1.2814262044638058,通过,通过V7.0.5,114176.92,114539.02,1.0,-0.3171394008526468,否
2025-10-01 04:00:00,BEARISH_SINGULARITY,short,114539.02,1.0845764652309156,-0.0856251378977006,0.9469262567596732,1.447788351170229,通过,通过V7.0.5,114539.02,116789.58,1.0,-1.9648849798086256,否
2025-10-01 08:00:00,BEARISH_SINGULARITY,short,116789.58,0.948272888419297,-0.0700604772395167,2.2412637385032337,3.103224857309015,通过,通过V7.0.5,116789.58,117423.73,1.0,-0.5429850847995122,否
2025-10-01 12:00:00,BEARISH_SINGULARITY,short,117423.73,0.8725464229301639,-0.0615394506683987,1.7890298226649457,3.3026753265433815,通过,通过V7.0.5,117423.73,117439.53,1.0,-0.01345554258922188,否
2025-10-01 16:00:00,BEARISH_SINGULARITY,short,117439.53,0.8078627687139808,-0.057113081544154,1.4268999300460412,2.9912626202935244,通过,通过V7.0.5,117439.53,118489.76,3.0,-0.8942729930884395,否
2025-10-01 20:00:00,BEARISH_SINGULARITY,short,118594.99,0.7844386533177055,-0.0600652452736593,0.8969065053352752,3.6094160689553187,通过,通过V7.0.5,118594.99,118489.76,2.0,0.08873056104647463,是
2025-10-02 00:00:00,BEARISH_SINGULARITY,short,118733.99,0.8085336274810345,-0.0671246226435213,1.4556526703061958,3.3635814301492957,通过,通过V7.0.5,118733.99,118489.76,1.0,0.2056951004510254,是
2025-10-02 04:00:00,BEARISH_SINGULARITY,short,118489.76,0.8425842163215977,-0.0752711937217649,0.6264832229402423,2.8423457976991173,通过,通过V7.0.5,118489.76,118765.73,1.0,-0.23290620218996239,否
2025-10-02 08:00:00,BEARISH_SINGULARITY,short,118765.73,0.8449341568802928,-0.0811807728382564,0.5238269893064658,2.780200170005313,通过,通过V7.0.5,118765.73,119640.21,5.0,-0.7363066770187078,否
2025-10-02 12:00:00,BEARISH_SINGULARITY,short,119910.78,0.826689970412964,-0.0840132971853564,1.72818750665694,3.399764054661556,通过,通过V7.0.5,119910.78,119640.21,4.0,0.22564276539606565,是
2025-10-02 16:00:00,BEARISH_SINGULARITY,short,120836.49,0.819648588776154,-0.0865371825324028,1.5769228133114217,3.7830736598385326,通过,通过V7.0.5,120836.49,119640.21,3.0,0.9899989647167,是
2025-10-02 20:00:00,BEARISH_SINGULARITY,short,120529.35,0.8039971536499956,-0.087923244402594,0.7742020968685157,3.17347371092946,通过,通过V7.0.5,120529.35,119640.21,2.0,0.7376958392291997,是
2025-10-03 00:00:00,BEARISH_SINGULARITY,short,120225.89,0.7854121384093111,-0.0860687116237975,0.7752788697193159,2.6289196226364537,通过,通过V7.0.5,120225.89,119640.21,1.0,0.4871496480500107,是
2025-10-03 04:00:00,BEARISH_SINGULARITY,short,119640.21,0.7233403263556512,-0.0792823028435962,0.773482447233619,1.922307162467383,通过,通过V7.0.5,119640.21,120334.5,1.0,-0.5803149292365782,否
2025-10-03 08:00:00,BEARISH_SINGULARITY,short,120334.5,0.5989826190717772,-0.0661096742425397,1.1502998488343943,2.2689381381843785,通过,通过V7.0.5,120334.5,121332.95,27.0,-0.8297287976432336,否
2025-10-03 12:00:00,BEARISH_SINGULARITY,short,122258.05,0.4727867217797255,-0.0513254156654321,1.5676431566364253,3.5188453753540814,通过,通过V7.0.5,122258.05,121332.95,26.0,0.7566781901069138,是
2025-10-03 16:00:00,BEARISH_SINGULARITY,short,122660.99,0.3746813651402899,-0.0379070403604678,2.720007810795217,3.479611243593237,通过,通过V7.0.5,122660.99,121332.95,25.0,1.0826914082464263,是
2025-10-06 08:00:00,BULLISH_SINGULARITY,long,124215.0,-0.358772814620885,0.0317321601380146,0.9239220199335616,1.5902444387512076,通过,通过V7.0.5,124215.0,125410.81,2.0,0.9626937165398685,是
2025-10-06 20:00:00,BULLISH_SINGULARITY,long,124658.54,-0.4498326766750868,0.0375610650813551,0.7248137989961472,1.363739209093396,通过,通过V7.0.5,124658.54,124453.38,3.0,-0.1645775732653286,否
2025-10-07 00:00:00,BULLISH_SINGULARITY,long,124329.74,-0.4585713910852601,0.036352081152581,0.6686714772110123,0.9909296880156406,通过,通过V7.0.5,124329.74,124453.38,2.0,0.09944523329655432,是
2025-10-07 04:00:00,BULLISH_SINGULARITY,long,123667.99,-0.49311589958738,0.0384144740916478,0.9097686839223856,0.410043286389077,通过,通过V7.0.5,123667.99,124453.38,1.0,0.6350794575055352,是
2025-10-07 08:00:00,BULLISH_SINGULARITY,long,124453.38,-0.4971863007577235,0.0387465995614905,0.8940515484116474,0.9469983873452313,通过,通过V7.0.5,124453.38,123450.0,8.0,-0.8062296098346262,否
2025-10-07 20:00:00,BULLISH_SINGULARITY,long,121332.95,-0.6859973595598463,0.0669887729653505,0.5729369045228989,-1.2313066797506675,通过,通过V7.0.5,121332.95,123450.0,5.0,1.7448269410741295,是
2025-10-08 00:00:00,BULLISH_SINGULARITY,long,121374.75,-0.7998449514421886,0.0839733532231595,0.725324811584146,-1.0844901357736783,通过,通过V7.0.5,121374.75,123450.0,4.0,1.7097872498192581,是
2025-10-08 04:00:00,BULLISH_SINGULARITY,long,121597.06,-0.9385280171126962,0.1031085048867523,0.7826769111610912,-0.8179900583773193,通过,通过V7.0.5,121597.06,123450.0,3.0,1.5238361848551292,是
2025-10-08 20:00:00,BULLISH_SINGULARITY,long,123306.0,-1.1820305516245275,0.122373571983172,0.4382697702109335,0.4705671459445507,通过,通过V7.0.5,123306.0,122737.57,3.0,-0.46099135484079684,否
2025-10-09 00:00:00,BULLISH_SINGULARITY,long,122038.01,-1.1283233185051662,0.1070751565641385,0.7496409177858124,-0.5092916838218468,通过,通过V7.0.5,122038.01,122737.57,2.0,0.5732312416434947,是
2025-10-09 04:00:00,BULLISH_SINGULARITY,long,121906.1,-1.0889938294787709,0.0898054496225981,0.4687808666094385,-0.5584127538062013,通过,通过V7.0.5,121906.1,122737.57,1.0,0.6820577477255044,是
2025-10-09 08:00:00,BULLISH_SINGULARITY,long,122737.57,-1.0120484837776624,0.0687430316171926,0.8735394094876858,0.10841094293181032,通过,通过V7.0.5,122737.57,121662.4,3.0,-0.8759909455597116,否
2025-10-09 20:00:00,BULLISH_SINGULARITY,long,121662.4,-1.0727866329312752,0.047349262206055,0.7029685281033357,-0.4878627792796837,通过,通过V7.0.5,121662.4,121554.55,3.0,-0.08864694433119129,否
2025-10-10 00:00:00,BULLISH_SINGULARITY,long,121026.01,-1.176065891299746,0.0601372673616499,0.649500633664997,-0.9132294355885553,通过,通过V7.0.5,121026.01,121554.55,2.0,0.43671604145258375,是
2025-10-10 04:00:00,BULLISH_SINGULARITY,long,120932.05,-1.3107464307688876,0.0830153299448867,0.7913243256902585,-0.8967016055365403,通过,通过V7.0.5,120932.05,121554.55,1.0,0.5147518792578145,是
2025-10-10 08:00:00,BULLISH_SINGULARITY,long,121554.55,-1.3488160110950247,0.1041364462369272,0.4807111226382789,-0.3498785618082296,通过,通过V7.0.5,121554.55,119018.98,1.0,-2.085952356370047,否
2025-10-11 08:00:00,BULLISH_SINGULARITY,long,112280.0,-0.8758325997322012,0.1150317123623627,0.9490983771030372,-4.962947658420422,通过,通过V7.0.5,112280.0,115792.84,14.0,3.1286426790167408,是
2025-10-11 12:00:00,BULLISH_SINGULARITY,long,111793.2,-0.8447300815358614,0.1081384138945614,0.5845425843928906,-4.888107977496802,通过,通过V7.0.5,111793.2,115792.84,13.0,3.5777131346092603,是
2025-10-11 16:00:00,BULLISH_SINGULARITY,long,111178.31,-0.8108935148762021,0.1000459788748027,0.4994960738710856,-4.921251874566858,通过,通过V7.0.5,111178.31,115792.84,12.0,4.150566778717899,是
2025-10-11 20:00:00,BULLISH_SINGULARITY,long,110644.4,-0.7804251521884239,0.0921523517443423,0.636878998415674,-4.890720350133526,通过,通过V7.0.5,110644.4,115792.84,11.0,4.653141053681888,是
2025-10-12 00:00:00,BULLISH_SINGULARITY,long,110676.0,-0.760613996794238,0.0853118960872154,0.7517249172673295,-4.420838396534811,通过,通过V7.0.5,110676.0,115792.84,10.0,4.623260688857563,是
2025-10-12 04:00:00,BULLISH_SINGULARITY,long,111525.2,-0.738994409383716,0.077694330453327,0.4244549640511518,-3.348044043086487,通过,通过V7.0.5,111525.2,115792.84,9.0,3.826614971324866,是
2025-10-12 08:00:00,BULLISH_SINGULARITY,long,111848.36,-0.70935152898148,0.0727664847375291,0.4351508726136527,-2.7839269844823793,通过,通过V7.0.5,111848.36,115792.84,8.0,3.526631950615991,是
2025-10-12 16:00:00,BULLISH_SINGULARITY,long,114342.28,-0.5838088629594316,0.057255151788044,0.9431674584410836,-0.41961596820873975,通过,通过V7.0.5,114342.28,115792.84,6.0,1.2686121004408848,是
2025-10-12 20:00:00,BULLISH_SINGULARITY,long,114958.8,-0.4743549610162679,0.0448121781438318,0.8933645906755225,0.1061254376625061,通过,通过V7.0.5,114958.8,115792.84,5.0,0.7255120965076128,是
2025-10-14 04:00:00,BEARISH_SINGULARITY,short,111724.41,0.3837534893151854,-0.0518228549553347,1.2572069854416188,-2.4033028540879244,通过,通过V7.0.5,111724.41,105633.75,18.0,5.451503391246374,是
2025-10-14 08:00:00,BEARISH_SINGULARITY,short,111313.98,0.3614174731652726,-0.0477651310035879,1.1267612355125112,-2.5053916125309343,通过,通过V7.0.5,111313.98,105633.75,17.0,5.102890041304781,是
2025-10-15 16:00:00,BEARISH_SINGULARITY,short,111271.73,0.4297820636288065,-0.02041737060043,0.6845568670096801,-1.5058182488318375,通过,通过V7.0.5,111271.73,105633.75,9.0,5.0668575027996745,是
2025-10-15 20:00:00,BEARISH_SINGULARITY,short,110763.28,0.5093442891269465,-0.0283309893803268,0.5337401703158565,-1.7729099578123741,通过,通过V7.0.5,110763.28,105633.75,8.0,4.631074486057111,是
2025-10-16 00:00:00,BEARISH_SINGULARITY,short,111329.48,0.6041714305593175,-0.0389602693242103,0.6285609449878707,-1.151157849737742,通过,通过V7.0.5,111329.48,105633.75,7.0,5.116102221981093,是
2025-10-16 04:00:00,BEARISH_SINGULARITY,short,110584.2,0.6663942061016785,-0.0494786214714479,0.7442672541105334,-1.6430687880453887,通过,通过V7.0.5,110584.2,105633.75,6.0,4.476634094201519,是
2025-10-16 08:00:00,BEARISH_SINGULARITY,short,111404.72,0.7366026082921666,-0.062159356865172,1.2519072423131905,-0.8270143864911308,通过,通过V7.0.5,111404.72,105633.75,5.0,5.180184466151884,是
2025-10-16 12:00:00,BEARISH_SINGULARITY,short,108549.21,0.7665790035672789,-0.0704657463396816,1.8503868433506052,-3.0579566203056965,通过,通过V7.0.5,108549.21,105633.75,4.0,2.6858417486410135,是
2025-10-16 16:00:00,BEARISH_SINGULARITY,short,108197.66,0.7526674189288631,-0.0733591446106339,1.7773268113938387,-3.060609263389728,通过,通过V7.0.5,108197.66,105633.75,3.0,2.3696538353971826,是
2025-10-16 20:00:00,BEARISH_SINGULARITY,short,108194.28,0.7042657426134887,-0.069953525200349,0.5031505085765907,-2.779973827555619,通过,通过V7.0.5,108194.28,105633.75,2.0,2.366603853734226,是
2025-10-17 00:00:00,BEARISH_SINGULARITY,short,109176.74,0.690185698954993,-0.06765081190483,0.5454268128901983,-1.7195902738486892,通过,通过V7.0.5,109176.74,105633.75,1.0,3.2451875738367026,是
2025-10-17 04:00:00,BEARISH_SINGULARITY,short,105633.75,0.6551103425138806,-0.0617073905378139,1.685740458102449,-4.462314865902274,通过,通过V7.0.5,105633.75,105683.72,1.0,-0.047304956985812927,否
2025-10-17 08:00:00,BEARISH_SINGULARITY,short,105683.72,0.5832107950349553,-0.0527006316749446,2.6340680275935764,-4.013325818822744,通过,通过V7.0.5,105683.72,106431.68,3.0,-0.7077343605997137,否
2025-10-17 12:00:00,BEARISH_SINGULARITY,short,106803.53,0.5292008899858973,-0.043814074777972,1.4645416646776606,-2.718663795093284,通过,通过V7.0.5,106803.53,106431.68,2.0,0.3481626496802173,是
2025-10-17 16:00:00,BEARISH_SINGULARITY,short,106454.72,0.4982713634244897,-0.0367269385335699,0.7403591429583637,-2.75516398206753,通过,通过V7.0.5,106454.72,106431.68,1.0,0.021643004650247682,是
2025-10-17 20:00:00,BEARISH_SINGULARITY,short,106431.68,0.49095158796742,-0.0322937590817379,0.3605870581070626,-2.518468525104233,通过,通过V7.0.5,106431.68,106665.0,2.0,-0.21922044263513177,否
2025-10-18 00:00:00,BEARISH_SINGULARITY,short,107070.4,0.4995706540964485,-0.0347178791801181,0.5579015895941808,-1.7525483879322905,通过,通过V7.0.5,107070.4,106665.0,1.0,0.3786293877672953,是
2025-10-18 04:00:00,BEARISH_SINGULARITY,short,106665.0,0.5153408248525874,-0.0397696644827768,0.6174394660159471,-1.9261019920377254,通过,通过V7.0.5,106665.0,106786.0,6.0,-0.11343927248863264,否
2025-10-18 08:00:00,BEARISH_SINGULARITY,short,107208.6,0.5602094015851565,-0.0481685423751324,0.4908105721726823,-1.2922036919403193,通过,通过V7.0.5,107208.6,106786.0,5.0,0.3941847948765358,是
2025-10-18 12:00:00,BEARISH_SINGULARITY,short,106948.75,0.6020516664675726,-0.0588125745898761,0.305918337001447,-1.3876211521064634,通过,通过V7.0.5,106948.75,106786.0,4.0,0.1521756916279994,是
2025-10-18 16:00:00,BEARISH_SINGULARITY,short,107080.14,0.6456972663336857,-0.0691941054068366,0.2015730930897279,-1.1472399706408232,通过,通过V7.0.5,107080.14,106786.0,3.0,0.27469146005972667,是
2025-10-18 20:00:00,BEARISH_SINGULARITY,short,107185.01,0.697209995046165,-0.0781929005687787,0.190228348932123,-0.9513385451313006,通过,通过V7.0.5,107185.01,106786.0,2.0,0.3722628751912182,是
2025-10-19 00:00:00,BEARISH_SINGULARITY,short,107275.78,0.7593394842984679,-0.0868035931032172,0.2569182839865265,-0.7854926484139723,通过,通过V7.0.5,107275.78,106786.0,1.0,0.4565615836118822,是
2025-10-19 04:00:00,BEARISH_SINGULARITY,short,106786.0,0.7789157479337384,-0.0913800377871504,0.307167135715347,-1.1218418484143784,通过,通过V7.0.5,106786.0,107555.05,19.0,-0.7201786751072266,否
2025-10-19 08:00:00,BEARISH_SINGULARITY,short,107783.47,0.763691959855655,-0.0921804266749053,1.2111382825971575,-0.17939175545586675,通过,通过V7.0.5,107783.47,107555.05,18.0,0.211924889781335,是
2025-10-19 12:00:00,BEARISH_SINGULARITY,short,108486.7,0.7475262114797756,-0.0894560790776122,0.8649022915716255,0.4267515960774907,通过,通过V7.0.5,108486.7,107555.05,17.0,0.8587688629113008,是
2025-10-19 16:00:00,BEARISH_SINGULARITY,short,108908.43,0.7601951966741639,-0.0866850015149199,0.5983789883136338,0.7387507616874506,通过,通过V7.0.5,108908.43,107555.05,16.0,1.2426769902017596,是
2025-10-19 20:00:00,BEARISH_SINGULARITY,short,108642.78,0.776651947808593,-0.0808684154261448,0.5460874204873566,0.445863854630624,通过,通过V7.0.5,108642.78,107555.05,15.0,1.0011986070312229,是
2025-10-20 00:00:00,BEARISH_SINGULARITY,short,110145.44,0.8051311136876981,-0.0779627102781288,1.0455365694406515,1.6574775380648392,通过,通过V7.0.5,110145.44,107555.05,14.0,2.351790505353648,是
2025-10-20 04:00:00,BEARISH_SINGULARITY,short,111169.92,0.847561876374259,-0.0835227759428315,1.0995272271616228,2.3492799875810273,通过,通过V7.0.5,111169.92,107555.05,13.0,3.251661960357618,是
2025-10-20 08:00:00,BEARISH_SINGULARITY,short,111016.75,0.8911757829517468,-0.092012648125587,0.9432642124307166,1.993759212975743,通过,通过V7.0.5,111016.75,107555.05,12.0,3.1181781127622608,是
2025-10-20 12:00:00,BEARISH_SINGULARITY,short,111144.55,0.9471754994990474,-0.1018362630551237,0.8816218236144319,1.9062753000477002,通过,通过V7.0.5,111144.55,107555.05,11.0,3.229578058483299,是
2025-10-20 16:00:00,BEARISH_SINGULARITY,short,110803.22,0.9943324881289094,-0.1114737940906918,1.281484694638985,1.4393878484707139,通过,通过V7.0.5,110803.22,107555.05,10.0,2.9314761791218684,是
2025-10-20 20:00:00,BEARISH_SINGULARITY,short,110532.09,1.0473424555762867,-0.1221047836217504,0.5303053419799716,1.0765046169710395,通过,通过V7.0.5,110532.09,107555.05,9.0,2.6933716715209073,是
2025-10-21 00:00:00,BEARISH_SINGULARITY,short,109059.22,1.0755584459032352,-0.1284377986693904,0.9620624732692544,-0.2446809010390571,通过,通过V7.0.5,109059.22,107555.05,8.0,1.379223141335504,是
2025-10-21 04:00:00,BEARISH_SINGULARITY,short,108086.37,1.03594449332416,-0.1253010303850135,1.85582841376656,-1.0275957718673723,通过,通过V7.0.5,108086.37,107555.05,7.0,0.49156984363522654,是
2025-10-21 08:00:00,BEARISH_SINGULARITY,short,108580.01,0.8458172473205453,-0.1035649692538062,1.118598662311113,-0.521048534167739,通过,通过V7.0.5,108580.01,107555.05,6.0,0.9439674945692047,是
2025-10-21 12:00:00,BEARISH_SINGULARITY,short,113422.61,0.7199190683685799,-0.0874028149674401,3.307540779786577,3.5295685121396034,通过,通过V7.0.5,113422.61,107555.05,5.0,5.17318372412696,是
2025-10-21 16:00:00,BEARISH_SINGULARITY,short,111780.39,0.6628542964588156,-0.0811218395212252,3.1162015490698027,1.8336522128381223,通过,通过V7.0.5,111780.39,107555.05,4.0,3.780036909873008,是
2025-10-21 20:00:00,BEARISH_SINGULARITY,short,108297.67,0.5542879525616616,-0.0708817534276,1.675823047480676,-1.213167490812123,通过,通过V7.0.5,108297.67,107555.05,3.0,0.6857211240094042,是
2025-10-22 00:00:00,BEARISH_SINGULARITY,short,108216.02,0.4273188580587018,-0.0542403762229392,1.2510702060105623,-1.1664442945669125,通过,通过V7.0.5,108216.02,107555.05,2.0,0.610787571008434,是
2025-10-25 12:00:00,BULLISH_SINGULARITY,long,111385.18,-0.4940561544651324,0.0358168080032636,0.4374737906767873,0.9117939753908286,通过,通过V7.0.5,111385.18,115554.6,10.0,3.7432448374191374,是
2025-10-25 16:00:00,BULLISH_SINGULARITY,long,111623.45,-0.5489718742485907,0.0564976745507966,0.3549927572383025,1.0191690753026583,通过,通过V7.0.5,111623.45,115554.6,9.0,3.521795823368664,是
2025-10-25 20:00:00,BULLISH_SINGULARITY,long,111646.27,-0.5580744784193863,0.0750678211711047,0.2411298176031565,0.9398598286369134,通过,通过V7.0.5,111646.27,115554.6,8.0,3.500636429680993,是
2025-10-26 00:00:00,BULLISH_SINGULARITY,long,111260.46,-0.5482925430701895,0.0907750928993703,0.4673277578538588,0.5344563188040257,通过,通过V7.0.5,111260.46,115554.6,7.0,3.8595382402697234,是
2025-10-26 04:00:00,BULLISH_SINGULARITY,long,111723.98,-0.4856211271711869,0.1032422698869818,0.3272045784490843,0.8617189637715246,通过,通过V7.0.5,111723.98,115554.6,6.0,3.4286462046912494,是
2025-10-27 04:00:00,BEARISH_SINGULARITY,short,115554.6,0.5635786734067567,-0.0261097873077355,2.5116524763777908,2.7953354212535064,通过,通过V7.0.5,115554.6,106536.39,21.0,7.8042847277391,是
2025-10-27 08:00:00,BEARISH_SINGULARITY,short,115362.02,0.6471977151611932,-0.0574967000869222,1.6168692007404466,2.3681947387800344,通过,通过V7.0.5,115362.02,106536.39,20.0,7.650377481254232,是
2025-10-27 12:00:00,BEARISH_SINGULARITY,short,114969.68,0.6960858661834098,-0.078207018595902,1.8888132966414477,1.8241513003147285,通过,通过V7.0.5,114969.68,106536.39,19.0,7.335229601404469,是
2025-10-27 16:00:00,BEARISH_SINGULARITY,short,114942.64,0.7068940261194882,-0.094977830561045,0.9437499183136332,1.6259674346345339,通过,通过V7.0.5,114942.64,106536.39,18.0,7.313430420599352,是
2025-10-27 20:00:00,BEARISH_SINGULARITY,short,114107.65,0.6744007146266308,-0.1010926654869251,1.003641973378769,0.8024923886922951,通过,通过V7.0.5,114107.65,106536.39,17.0,6.63519054156316,是
2025-10-28 00:00:00,BEARISH_SINGULARITY,short,113908.24,0.5454039269054655,-0.099998408053635,0.9648749571734409,0.5663452714793538,通过,通过V7.0.5,113908.24,106536.39,16.0,6.471744274163138,是
2025-10-28 04:00:00,BEARISH_SINGULARITY,short,114188.37,0.3513465707660994,-0.0867750380629698,0.9589838377304196,0.7356022321412874,通过,通过V7.0.5,114188.37,106536.39,15.0,6.701190322622169,是
2025-10-29 00:00:00,BULLISH_SINGULARITY,long,112523.49,-0.5317131044882326,0.0476636930820534,0.7824450007836176,-0.7878362826509133,通过,通过V7.0.5,112523.49,113577.9,1.0,0.9370576756906392,是
2025-10-29 04:00:00,BULLISH_SINGULARITY,long,113577.9,-0.6187223732627701,0.067123571002485,0.7468266972334671,0.1283131116713864,通过,通过V7.0.5,113577.9,113132.36,1.0,-0.39227701868056514,否
2025-10-29 08:00:00,BULLISH_SINGULARITY,long,113132.36,-0.6545116681169261,0.0772091040541701,0.71045731656746,-0.23934017619380274,通过,通过V7.0.5,113132.36,111509.74,1.0,-1.4342669064801576,否
2025-10-29 20:00:00,BULLISH_SINGULARITY,long,110021.29,-0.7488821773457242,0.0861511200160883,0.8362479646610524,-2.37323599002445,通过,通过V7.0.5,110021.29,111366.72,2.0,1.2228814986626748,是
2025-10-30 00:00:00,BULLISH_SINGULARITY,long,110751.47,-0.813600360585873,0.0902694459546554,0.7284757617128346,-1.563568413331913,通过,通过V7.0.5,110751.47,111366.72,1.0,0.5555231005060249,是
2025-10-30 08:00:00,BULLISH_SINGULARITY,long,109717.29,-0.8991081571405254,0.081567501423564,0.8911687385598726,-2.165708622877658,通过,通过V7.0.5,109717.29,111196.99,18.0,1.348647966058961,是
2025-10-30 20:00:00,BULLISH_SINGULARITY,long,108322.88,-1.3100644967334554,0.1146984020971043,0.9489162882590424,-2.3703449777881893,通过,通过V7.0.5,108322.88,111196.99,15.0,2.6532806365561923,是
2025-10-31 08:00:00,BULLISH_SINGULARITY,long,110415.61,-1.573483517026893,0.1592333568138066,0.6909683603076989,-0.200683466244956,通过,通过V7.0.5,110415.61,111196.99,12.0,0.7076716779448166,是
2025-10-31 20:00:00,BULLISH_SINGULARITY,long,109608.01,-1.3493742553822017,0.1427948836548183,0.3565324683151745,-0.7497378995306675,通过,通过V7.0.5,109608.01,111196.99,9.0,1.4496933207710008,是
2025-11-01 00:00:00,BULLISH_SINGULARITY,long,110226.37,-1.189347817842085,0.1268904044306391,0.363758529496377,-0.17176548217532017,通过,通过V7.0.5,110226.37,111196.99,8.0,0.8805696858201989,是
2025-11-01 04:00:00,BULLISH_SINGULARITY,long,110071.4,-0.982166168205454,0.1081862089142744,0.3578896858238109,-0.28247507173786585,通过,通过V7.0.5,110071.4,111196.99,7.0,1.0225998760804453,是
2025-11-01 08:00:00,BULLISH_SINGULARITY,long,110137.59,-0.7761346188129552,0.0862976810758562,0.3211719998604731,-0.20136236458810083,通过,通过V7.0.5,110137.59,111196.99,6.0,0.9618877623888528,是
2025-11-01 12:00:00,BULLISH_SINGULARITY,long,110310.65,-0.5680605599599166,0.0644936202031474,0.4379618913606324,-0.0403070759926184,通过,通过V7.0.5,110310.65,111196.99,5.0,0.803494494865193,是
2025-11-01 16:00:00,BULLISH_SINGULARITY,long,110299.99,-0.3954129938649354,0.0430032462187638,0.361501136733048,-0.045210207698584706,通过,通过V7.0.5,110299.99,111196.99,4.0,0.8132367011094018,是
2025-11-05 04:00:00,BULLISH_SINGULARITY,long,101993.02,-0.5655567054124931,0.0576097980534551,0.8713904498771712,-3.374574099568871,通过,通过V7.0.5,101993.02,106461.45,30.0,4.381113531102415,是
2025-11-05 08:00:00,BULLISH_SINGULARITY,long,102070.61,-0.6183198288935928,0.0663689777538433,0.6521208305330114,-2.9960994177766502,通过,通过V7.0.5,102070.61,106461.45,29.0,4.3017671786227165,是
2025-11-05 20:00:00,BULLISH_SINGULARITY,long,103885.16,-0.4588140887374688,0.0529772121474642,0.4646376668442248,-0.9433760697332415,通过,通过V7.0.5,103885.16,106461.45,26.0,2.47994034951671,是
2025-11-07 04:00:00,BEARISH_SINGULARITY,short,102010.0,0.4377364619830858,-0.0307974567151348,0.5228239330819034,-1.3456810908817765,通过,通过V7.0.5,102010.0,100411.89,1.0,1.5666209195176948,是
2025-11-07 08:00:00,BEARISH_SINGULARITY,short,100411.89,0.4208447950904195,-0.0345147219112082,1.1031211520720758,-2.623088763740093,通过,通过V7.0.5,100411.89,100797.95,1.0,-0.3844763802374377,否
2025-11-07 12:00:00,BEARISH_SINGULARITY,short,100797.95,0.3789886917903661,-0.0281926665565665,1.4355931402027775,-2.038902417210143,通过,通过V7.0.5,100797.95,101662.05,9.0,-0.8572594978370154,否
2025-11-07 16:00:00,BEARISH_SINGULARITY,short,103395.25,0.3643733489927186,-0.0258317958227414,1.1227131983826366,0.43887747677726674,通过,通过V7.0.5,103395.25,101297.31,30.0,2.029048723224715,是
2025-11-07 20:00:00,BEARISH_SINGULARITY,short,103339.08,0.3890507978691494,-0.0298433565337603,0.5048012502792113,0.34758503106400807,通过,通过V7.0.5,103339.08,101297.31,29.0,1.9757965718293642,是
2025-11-08 00:00:00,BEARISH_SINGULARITY,short,102592.76,0.452377796932306,-0.0378224146954587,0.4520034792430314,-0.34133567489657124,通过,通过V7.0.5,102592.76,101297.31,28.0,1.262710935937387,是
2025-11-08 04:00:00,BEARISH_SINGULARITY,short,102352.96,0.5285223698471574,-0.0509137827118385,0.4249808848278083,-0.5198687630953264,通过,通过V7.0.5,102352.96,101297.31,27.0,1.0313819942286073,是
2025-11-08 08:00:00,BEARISH_SINGULARITY,short,101857.1,0.6184230428594395,-0.0644529655402308,0.4229561428328855,-0.9072660862255636,通过,通过V7.0.5,101857.1,101297.31,26.0,0.5495836814517674,是
2025-11-08 12:00:00,BEARISH_SINGULARITY,short,101711.45,0.7116227882368346,-0.0764980335947912,0.7180056095202474,-0.9500110123080148,通过,通过V7.0.5,101711.45,101297.31,25.0,0.40717146397971854,是
2025-11-08 16:00:00,BEARISH_SINGULARITY,short,101989.65,0.78650640133168,-0.0866544092182244,0.5056640581704214,-0.6148129460543353,通过,通过V7.0.5,101989.65,98682.14,30.0,3.242985930435093,是
2025-11-08 20:00:00,BEARISH_SINGULARITY,short,102312.94,0.8500460951394818,-0.095184468094005,0.2358989710044194,-0.27130576528983985,通过,通过V7.0.5,102312.94,98682.14,29.0,3.5487202303051824,是
2025-11-09 00:00:00,BEARISH_SINGULARITY,short,101662.05,0.8892657770131208,-0.0973376407175341,0.5741873713393693,-0.8202005268441683,通过,通过V7.0.5,101662.05,98682.14,28.0,2.931192121347153,是
2025-11-09 04:00:00,BEARISH_SINGULARITY,short,101944.59,0.8976916593417478,-0.094269815572531,0.2996789214006263,-0.49295209381616895,通过,通过V7.0.5,101944.59,97151.98,30.0,4.70119110783613,是
2025-11-09 08:00:00,BEARISH_SINGULARITY,short,102239.41,0.8645597807665872,-0.0841050844294322,0.5101730691411793,-0.1856765755913353,通过,通过V7.0.5,102239.41,96167.44,30.0,5.938972065664308,是
2025-11-09 12:00:00,BEARISH_SINGULARITY,short,103762.17,0.8379705066673881,-0.0716887271255121,1.2793195830384492,1.1756061086734748,通过,通过V7.0.5,103762.17,96167.44,29.0,7.319363116634893,是
2025-11-09 16:00:00,BEARISH_SINGULARITY,short,104805.57,0.8574827502303841,-0.065274647608194,0.7690908382758446,1.980004253006295,通过,通过V7.0.5,104805.57,95778.29,30.0,8.61335900372472,是
2025-11-09 20:00:00,BEARISH_SINGULARITY,short,104722.96,0.8767014928406581,-0.0633856415520846,1.0617095575204112,1.7156012955949076,通过,通过V7.0.5,104722.96,94594.0,30.0,9.672148304440597,是
2025-11-10 00:00:00,BEARISH_SINGULARITY,short,106027.97,0.9348336347931884,-0.0700397387824621,1.8325127151913252,2.6913804356280955,通过,通过V7.0.5,106027.97,94594.0,29.0,10.783918620718666,是
2025-11-10 04:00:00,BEARISH_SINGULARITY,short,106461.45,1.0641097410885472,-0.0858018440413919,0.7671736984164703,2.806596544315936,通过,通过V7.0.5,106461.45,94594.0,28.0,11.147180505243915,是
2025-11-10 08:00:00,BEARISH_SINGULARITY,short,106176.5,1.2352109998388758,-0.1128597140155864,0.6893652031060056,2.2848320238277453,通过,通过V7.0.5,106176.5,94594.0,27.0,10.908722739965999,是
2025-11-10 12:00:00,BEARISH_SINGULARITY,short,105079.99,1.3467653899018257,-0.138200727466469,1.610948873066641,1.110212082270009,通过,通过V7.0.5,105079.99,94594.0,26.0,9.979055003716697,是
2025-11-10 16:00:00,BEARISH_SINGULARITY,short,105817.99,1.407664437392826,-0.1590542430351416,0.8206073555022515,1.6441162334626762,通过,通过V7.0.5,105817.99,94594.0,25.0,10.606882629314736,是
2025-11-10 20:00:00,BEARISH_SINGULARITY,short,106011.13,1.3916534791418875,-0.1715961476673603,0.8701676886267541,1.6525072831229801,通过,通过V7.0.5,106011.13,94594.0,24.0,10.769746535104384,是
2025-11-11 00:00:00,BEARISH_SINGULARITY,short,106456.0,1.3615265738259832,-0.1794638839864605,1.6641939269156418,1.8773609844497454,通过,通过V7.0.5,106456.0,94594.0,23.0,11.142631697602766,是
2025-11-11 04:00:00,BEARISH_SINGULARITY,short,104783.98,1.24074297061142,-0.1717612282339804,1.1116501905944831,0.2507826718053397,通过,通过V7.0.5,104783.98,94594.0,22.0,9.724749909289566,是
2025-11-11 08:00:00,BEARISH_SINGULARITY,short,105311.9,1.1080871458309391,-0.1574571160793507,0.6110541370051449,0.6833846708458835,通过,通过V7.0.5,105311.9,94594.0,21.0,10.177292404751975,是
2025-11-11 12:00:00,BEARISH_SINGULARITY,short,103455.99,0.9220776203725278,-0.1311250382039788,2.687223482891502,-0.9880830255968978,通过,通过V7.0.5,103455.99,94573.46,30.0,8.58580542315626,是
2025-11-11 16:00:00,BEARISH_SINGULARITY,short,103126.39,0.71356061754066,-0.0951870372423481,0.7653258608764207,-1.180845428307992,通过,通过V7.0.5,103126.39,94020.0,30.0,8.83031976587176,是
2025-11-11 20:00:00,BEARISH_SINGULARITY,short,103058.99,0.5000697906683597,-0.0557790445978401,0.8274818654927114,-1.128156079378812,通过,通过V7.0.5,103058.99,94020.0,29.0,8.770695307609753,是
2025-11-14 20:00:00,BULLISH_SINGULARITY,long,94594.0,-0.5349142812520392,0.1026769750755011,0.9443282652090031,-5.129130515566972,通过,通过V7.0.5,94594.0,96417.12,1.0,1.9273104002367967,是
2025-11-15 00:00:00,BULLISH_SINGULARITY,long,96417.12,-0.5830565602164893,0.10056606268188,0.7881659511245503,-2.9957415519349144,通过,通过V7.0.5,96417.12,96333.86,1.0,-0.08635395871604003,否
2025-11-15 04:00:00,BULLISH_SINGULARITY,long,96333.86,-0.5695396354511432,0.0898206965373195,0.4589262660143857,-2.794417689511832,通过,通过V7.0.5,96333.86,96260.0,2.0,-0.07667086110740355,否
2025-11-15 08:00:00,BULLISH_SINGULARITY,long,95696.87,-0.5406427003397817,0.0739298706978444,0.4227347070105922,-3.12003552572119,通过,通过V7.0.5,95696.87,96260.0,1.0,0.5884518480071549,是
2025-11-15 12:00:00,BULLISH_SINGULARITY,long,96260.0,-0.4815885752046997,0.0518417679635491,0.360175863593099,-2.312708267439658,通过,通过V7.0.5,96260.0,96099.99,4.0,-0.16622688551838224,否
2025-11-15 16:00:00,BULLISH_SINGULARITY,long,96012.01,-0.4332730294149426,0.0257246378646062,0.3460650137606526,-2.325829393678316,通过,通过V7.0.5,96012.01,96099.99,3.0,0.09163436949191094,是
2025-11-16 12:00:00,LOW_OSCILLATION,long,94573.46,-0.5188932433712748,-0.0080016045715345,0.5144444084564758,-2.697275029048208,通过,通过V7.0.5,94573.46,95653.77,4.0,1.1422972153075477,是
2025-11-16 16:00:00,LOW_OSCILLATION,long,94020.0,-0.5689232746216395,0.0004733228104925,1.724554899295272,-2.964816172568695,通过,通过V7.0.5,94020.0,95653.77,3.0,1.7376834716017913,是
2025-11-17 00:00:00,BULLISH_SINGULARITY,long,95496.77,-0.7613328296449674,0.0310866910670712,0.8559347347418327,-1.0734631251294615,通过,通过V7.0.5,95496.77,95653.77,1.0,0.164403466211475,是
2025-11-17 04:00:00,BULLISH_SINGULARITY,long,95653.77,-0.8338684622554619,0.0442054185512893,0.8147971061565912,-0.8247947516868073,通过,通过V7.0.5,95653.77,95565.38,1.0,-0.09240618534951567,否
2025-11-17 08:00:00,BULLISH_SINGULARITY,long,95565.38,-0.8351658708634958,0.0496634827900962,0.743920034867855,-0.8298832133732073,通过,通过V7.0.5,95565.38,93959.67,1.0,-1.6802214358379637,否
2025-11-18 16:00:00,BULLISH_SINGULARITY,long,93195.61,-0.8977068392011436,0.0794953742546216,0.9240605538533992,-0.8812743156700605,通过,通过V7.0.5,93195.61,92960.83,1.0,-0.2519217375153174,否
2025-11-18 20:00:00,BULLISH_SINGULARITY,long,92960.83,-0.8674365838475835,0.0857670368062937,0.4433106043970308,-1.02436730457413,通过,通过V7.0.5,92960.83,92440.32,7.0,-0.5599240023997147,否
2025-11-19 00:00:00,BULLISH_SINGULARITY,long,91874.52,-0.8205629292535005,0.0900466656754236,0.5676510278135175,-1.9773606356944227,通过,通过V7.0.5,91874.52,92440.32,6.0,0.6158399521434266,是
2025-11-19 08:00:00,BULLISH_SINGULARITY,long,91410.22,-0.5747006870980291,0.084789721753855,0.4525627588735169,-2.074287650078936,通过,通过V7.0.5,91410.22,92440.32,4.0,1.1268980645709046,是
2025-11-20 12:00:00,BEARISH_SINGULARITY,short,89869.88,0.5756264075183853,-0.0474477909280258,1.0232145861052302,-2.527697090165747,通过,通过V7.0.5,89869.88,82309.66,5.0,8.412406915420384,是
2025-11-22 16:00:00,BEARISH_SINGULARITY,short,84609.76,0.3924795902945873,-0.0223453170419141,0.1856669033538673,-2.2734327767285176,通过,通过V7.0.5,84609.76,84739.74,1.0,-0.1536229390084672,否
2025-11-22 20:00:00,BEARISH_SINGULARITY,short,84739.74,0.4923652234492678,-0.0472118030129103,0.2394108111931307,-1.9249757522971196,通过,通过V7.0.5,84739.74,85782.19,2.0,-1.2301784263203983,否
2025-11-23 00:00:00,BEARISH_SINGULARITY,short,86308.54,0.5872380089443301,-0.0709110455975043,0.586983418150157,-0.09889856213391773,通过,通过V7.0.5,86308.54,85782.19,1.0,0.6098469514140679,是
2025-11-23 04:00:00,BEARISH_SINGULARITY,short,85782.19,0.666297148792744,-0.0870655883478409,0.4377166771934445,-0.641132645426209,通过,通过V7.0.5,85782.19,86264.72,7.0,-0.5625060400066714,否
2025-11-23 08:00:00,BEARISH_SINGULARITY,short,86331.28,0.7316734543485985,-0.0958800507862898,0.3180593185749097,-0.004649248813802839,通过,通过V7.0.5,86331.28,86264.72,6.0,0.07709835878721788,是
2025-11-23 12:00:00,BEARISH_SINGULARITY,short,87087.44,0.7977883974887496,-0.0997999745690892,0.5302296527157068,0.787567760984613,通过,通过V7.0.5,87087.44,86264.72,5.0,0.9447056889030164,是
2025-11-23 16:00:00,BEARISH_SINGULARITY,short,87325.01,0.8714400369390081,-0.1019729180295198,0.5647737687815152,0.9603476820197401,通过,通过V7.0.5,87325.01,86264.72,4.0,1.214188237711045,是
2025-11-23 20:00:00,BEARISH_SINGULARITY,short,86830.0,0.9307595892562373,-0.1000961878654718,0.5505684973105135,0.35095817232700965,通过,通过V7.0.5,86830.0,86264.72,3.0,0.6510192329839903,是
2025-11-24 00:00:00,BEARISH_SINGULARITY,short,87460.02,1.0508786200617692,-0.0985259083545385,0.7473740379865549,0.9753111968722035,通过,通过V7.0.5,87460.02,86264.72,2.0,1.3666815992038452,是
2025-11-24 04:00:00,BEARISH_SINGULARITY,short,87050.39,1.2099104244009793,-0.1037206840728109,0.5759127615593909,0.454317485150547,通过,通过V7.0.5,87050.39,86264.72,1.0,0.9025462148992075,是
2025-11-24 08:00:00,BEARISH_SINGULARITY,short,86264.72,1.3057234295153826,-0.1146701564898851,0.6287741123801397,-0.4094265646055206,通过,通过V7.0.5,86264.72,86616.44,1.0,-0.40772171984097455,否
2025-11-24 12:00:00,BEARISH_SINGULARITY,short,86616.44,1.3270642121269562,-0.1224219721976412,0.9155202904784084,-0.0030528264821203057,通过,通过V7.0.5,86616.44,86882.85,7.0,-0.3075744050436655,否
2025-11-24 16:00:00,BEARISH_SINGULARITY,short,88327.29,1.3455782342183469,-0.1323192885196782,1.3183240146413455,1.7809263454650357,通过,通过V7.0.5,88327.29,86882.85,6.0,1.6353269753889061,是
2025-11-24 20:00:00,BEARISH_SINGULARITY,short,88300.01,1.3588586849588469,-0.145171348604755,0.8296394971472524,1.580239997718784,通过,通过V7.0.5,88300.01,86882.85,5.0,1.6049375305846387,是
2025-11-25 00:00:00,BEARISH_SINGULARITY,short,87822.12,1.357736547719111,-0.1576755442408006,0.7666442905798085,0.9314211791374195,通过,通过V7.0.5,87822.12,86882.85,4.0,1.069514149738118,是
2025-11-25 04:00:00,BEARISH_SINGULARITY,short,87384.81,1.3153668557616438,-0.1659237427980161,0.9457601363491656,0.38783377341520825,通过,通过V7.0.5,87384.81,86882.85,3.0,0.5744247770293165,是
2025-11-25 08:00:00,BEARISH_SINGULARITY,short,87361.71,1.2303411764272942,-0.168740638025162,1.053131692561778,0.3267748237750891,通过,通过V7.0.5,87361.71,86882.85,2.0,0.5481348751071843,是
2025-11-25 12:00:00,BEARISH_SINGULARITY,short,86988.94,1.0907935181131974,-0.1626283607718157,1.4557053445062424,-0.09167638103429043,通过,通过V7.0.5,86988.94,86882.85,1.0,0.12195803282577822,是
2025-11-25 16:00:00,BEARISH_SINGULARITY,short,86882.85,0.9116375042592056,-0.1436790695269989,0.9611819749803724,-0.19322641428521217,通过,通过V7.0.5,86882.85,86978.0,5.0,-0.10951528408655352,否
2025-11-25 20:00:00,BEARISH_SINGULARITY,short,87369.96,0.7327565450572121,-0.1183566480196823,0.7461841484748045,0.33133646349251694,通过,通过V7.0.5,87369.96,86978.0,4.0,0.4486210134467343,是
2025-11-26 00:00:00,BEARISH_SINGULARITY,short,87119.92,0.5488938880377114,-0.0865393581924731,0.6584954006199814,0.03999142252643399,通过,通过V7.0.5,87119.92,86346.13,30.0,0.8881895208351818,是
2025-11-26 04:00:00,BEARISH_SINGULARITY,short,87935.05,0.4136970307788524,-0.0599978684004199,0.5376129497774514,0.8822338474226581,通过,通过V7.0.5,87935.05,86346.13,29.0,1.8069245426027485,是
2025-11-27 12:00:00,BEARISH_SINGULARITY,short,90958.3,0.4132114086226846,-0.0381134065340951,0.8140791561480606,2.364775720011847,通过,通过V7.0.5,90958.3,84677.87,24.0,6.904735466691887,是
2025-11-27 16:00:00,BEARISH_SINGULARITY,short,91528.21,0.4654249377900183,-0.0551910819789484,0.6460606991854743,2.712089208022792,通过,通过V7.0.5,91528.21,84677.87,23.0,7.484402896112587,是
2025-11-27 20:00:00,BEARISH_SINGULARITY,short,91333.95,0.4856384247613806,-0.0649081115487814,0.3254880852804345,2.2512124974372876,通过,通过V7.0.5,91333.95,84677.87,22.0,7.287629627318212,是
2025-11-28 00:00:00,BEARISH_SINGULARITY,short,91208.85,0.4568015219302461,-0.0688928462386054,0.6131912659024863,1.9062635749739758,通过,通过V7.0.5,91208.85,84677.87,21.0,7.160467432710763,是
2025-11-28 04:00:00,BEARISH_SINGULARITY,short,90910.87,0.3861125427018761,-0.0614257167895505,0.6056603605363127,1.4213638195465412,通过,通过V7.0.5,90910.87,84677.87,20.0,6.856165824834809,是
2025-12-02 04:00:00,BULLISH_SINGULARITY,long,87012.65,-0.955169635744526,0.0949578368861826,0.6123891049634337,-1.3686312615514897,通过,通过V7.0.5,87012.65,93543.04,11.0,7.50510414290336,是
2025-12-04 20:00:00,BULLISH_SINGULARITY,long,92078.06,-0.4692798638821703,0.034841628230658,0.4430829164879887,0.4686056059987062,通过,通过V7.0.5,92078.06,93800.83,29.0,1.870988593808345,是
2025-12-05 00:00:00,BULLISH_SINGULARITY,long,92142.75,-0.5183133776637644,0.0441196424791976,0.4429617224785224,0.48758858086814727,通过,通过V7.0.5,92142.75,93800.83,28.0,1.7994687590722023,是
2025-12-05 04:00:00,BULLISH_SINGULARITY,long,92258.65,-0.5743592402305543,0.0497430948246998,0.360941485003295,0.555185573726405,通过,通过V7.0.5,92258.65,93800.83,27.0,1.6715830981702071,是
2025-12-05 08:00:00,BULLISH_SINGULARITY,long,91351.43,-0.6428161602385143,0.0561523723766079,0.6394909372893519,-0.3924830588454186,通过,通过V7.0.5,91351.43,93800.83,26.0,2.6812935495372203,是
2025-12-05 20:00:00,BULLISH_SINGULARITY,long,89330.04,-0.8968496784325853,0.1038122908340978,0.6249654478211264,-2.058519245389641,通过,通过V7.0.5,89330.04,93800.83,23.0,5.004800176961758,是
2025-12-06 00:00:00,BULLISH_SINGULARITY,long,89688.35,-0.9589750119454796,0.1264359753400598,0.4297188305972293,-1.509427489145872,通过,通过V7.0.5,89688.35,93800.83,22.0,4.585300097504297,是
2025-12-06 04:00:00,BULLISH_SINGULARITY,long,89597.13,-0.9457403125707564,0.1473376737708787,0.2276360169884248,-1.4585406636840468,通过,通过V7.0.5,89597.13,93800.83,21.0,4.691779747855759,是
2025-12-06 08:00:00,BULLISH_SINGULARITY,long,89631.28,-0.8331552764413022,0.1605742736647993,0.4652075344940857,-1.287392201289671,通过,通过V7.0.5,89631.28,93800.83,20.0,4.651891616408918,是
2025-12-06 12:00:00,BULLISH_SINGULARITY,long,89758.77,-0.689568912063241,0.159311770295343,0.6598834548719814,-1.0388832435211786,通过,通过V7.0.5,89758.77,93800.83,19.0,4.503247983456098,是
2025-12-06 16:00:00,BULLISH_SINGULARITY,long,89405.64,-0.5282981922858132,0.1462118463867322,0.4871537888881085,-1.2939565841761655,通过,通过V7.0.5,89405.64,93800.83,18.0,4.916009772985241,是
2025-12-06 20:00:00,BULLISH_SINGULARITY,long,89236.79,-0.3827231667383645,0.1250356232809376,0.3853863236490551,-1.3412744727716082,通过,通过V7.0.5,89236.79,93800.83,17.0,5.114527315471577,是
2025-12-08 08:00:00,BEARISH_SINGULARITY,short,91968.29,0.3638947803454083,-0.0558747836842055,0.8590247761442423,1.5148046379852806,通过,通过V7.0.5,91968.29,89872.51,19.0,2.2788071845197937,是
2025-12-08 12:00:00,BEARISH_SINGULARITY,short,89961.37,0.3931076721617438,-0.0662334318214012,2.1186086525653898,-0.634152793606132,通过,通过V7.0.5,89961.37,89872.51,18.0,0.09877573007169699,是
2025-12-08 16:00:00,BEARISH_SINGULARITY,short,90124.48,0.368664121914048,-0.065145506309812,1.0471298542165508,-0.41093182420913305,通过,通过V7.0.5,90124.48,89872.51,17.0,0.27957997649473393,是
2025-12-10 04:00:00,BEARISH_SINGULARITY,short,92782.91,0.4073679168724126,-0.0364983415847685,0.5106519069195881,1.4924126633640178,通过,通过V7.0.5,92782.91,88172.17,28.0,4.969384986955038,是
2025-12-10 08:00:00,BEARISH_SINGULARITY,short,92120.45,0.5013478323322053,-0.0515421868905991,0.948209294011376,0.6941394528479042,通过,通过V7.0.5,92120.45,88172.17,27.0,4.285997300273717,是
2025-12-10 12:00:00,BEARISH_SINGULARITY,short,92063.69,0.5490141983457953,-0.0573450974787875,0.8835997642482012,0.5715530094500576,通过,通过V7.0.5,92063.69,87033.22,30.0,5.464119459039716,是
2025-12-10 16:00:00,BEARISH_SINGULARITY,short,92957.67,0.5946422489797434,-0.0623136036688742,1.755776857757878,1.3986433178102762,通过,通过V7.0.5,92957.67,86149.96,30.0,7.323451631263985,是
2025-12-10 20:00:00,BEARISH_SINGULARITY,short,92015.37,0.6710586686462764,-0.0661951090752852,1.6124752717386008,0.3353476187925906,通过,通过V7.0.5,92015.37,86149.96,29.0,6.374380714874035,是
2025-12-11 00:00:00,BEARISH_SINGULARITY,short,89880.01,0.6978636560491517,-0.0591810122017142,1.2926961408130386,-1.8067017345665533,通过,通过V7.0.5,89880.01,85875.92,30.0,4.454928298294578,是
2025-12-11 04:00:00,BEARISH_SINGULARITY,short,90272.75,0.6911507431201407,-0.0484389454010117,0.7201279014299942,-1.2480700473747786,通过,通过V7.0.5,90272.75,85875.92,29.0,4.870606024520137,是
2025-12-11 08:00:00,BEARISH_SINGULARITY,short,90242.35,0.6262254447278323,-0.0388992909178337,0.489812442864149,-1.1607109021302222,通过,通过V7.0.5,90242.35,85875.92,28.0,4.838559722790915,是
2025-12-11 12:00:00,BEARISH_SINGULARITY,short,89872.51,0.4970510543938558,-0.0245565201652045,1.1177911090522843,-1.4187771702488543,通过,通过V7.0.5,89872.51,85875.92,27.0,4.44695491424463,是
2025-12-13 16:00:00,BULLISH_SINGULARITY,long,90178.16,-0.6048948828691707,0.0469448072938242,0.2461004127318459,-0.7034962155532479,通过,通过V7.0.5,90178.16,90258.98,2.0,0.08962258710977516,是
2025-12-13 20:00:00,BULLISH_SINGULARITY,long,90240.01,-0.732425029003736,0.0786290913985818,0.259170958980144,-0.5752268080220063,通过,通过V7.0.5,90240.01,90258.98,1.0,0.02102171752862302,是
2025-12-14 00:00:00,BULLISH_SINGULARITY,long,90258.98,-0.7934944560301969,0.101587988011282,0.294205544478415,-0.5017979733958698,通过,通过V7.0.5,90258.98,90245.6,1.0,-0.014824009755029477,否
2025-12-14 04:00:00,BULLISH_SINGULARITY,long,90245.6,-0.7416206130991853,0.1089828011840086,0.3139308689376386,-0.4675826146834922,通过,通过V7.0.5,90245.6,89753.42,6.0,-0.5453783896389492,否
2025-12-14 12:00:00,BULLISH_SINGULARITY,long,89022.91,-0.4924073691728695,0.0800108613786347,0.8358568763583734,-1.5232100961116362,通过,通过V7.0.5,89022.91,89753.42,4.0,0.8205865209303929,是
2025-12-17 04:00:00,HIGH_OSCILLATION,short,87045.59,0.5897021691186186,-0.0028957332736701,0.8226858619204639,-1.1050657491498856,通过,通过V7.0.5,87045.59,84483.79,9.0,2.9430554724254305,是
2025-12-17 08:00:00,BEARISH_SINGULARITY,short,86983.26,0.7686188245448297,-0.0600539048854115,0.6479183683454266,-1.0650847533414431,通过,通过V7.0.5,86983.26,84483.79,8.0,2.8735069253555237,是
2025-12-17 12:00:00,BEARISH_SINGULARITY,short,87233.44,0.8483079204773677,-0.1071641305279508,2.740960963709343,-0.7067187721685918,通过,通过V7.0.5,87233.44,84483.79,7.0,3.1520595771529916,是
2025-12-17 16:00:00,BEARISH_SINGULARITY,short,86018.53,0.877733276592403,-0.1362253378775445,1.6185240460773425,-1.89434912188375,通过,通过V7.0.5,86018.53,84483.79,6.0,1.784196963142715,是
2025-12-17 20:00:00,BEARISH_SINGULARITY,short,86243.22,0.7914212833911312,-0.151425886035994,0.5457479749113118,-1.4843937786224217,通过,通过V7.0.5,86243.22,84483.79,5.0,2.04007920854533,是
2025-12-18 00:00:00,BEARISH_SINGULARITY,short,86618.34,0.6160732662596499,-0.1516059318696819,0.5504415373062349,-0.9562946072659873,通过,通过V7.0.5,86618.34,84483.79,4.0,2.464316448456531,是
2025-12-18 04:00:00,BEARISH_SINGULARITY,short,86833.84,0.4026997411669509,-0.1378230145404558,0.5058042305226685,-0.6427080055759964,通过,通过V7.0.5,86833.84,84483.79,3.0,2.7063757631817307,是
2025-12-19 08:00:00,BULLISH_SINGULARITY,long,88198.7,-0.5951645034984615,0.0408420174649066,0.5118658957012466,1.1197625820069306,通过,通过V7.0.5,88198.7,89945.43,18.0,1.9804486914206172,是
2025-12-21 20:00:00,BEARISH_SINGULARITY,short,88658.86,1.0260393742294935,-0.0304959010709577,0.3441315064046015,0.6828666587578752,通过,通过V7.0.5,88658.86,86911.53,14.0,1.9708464557292995,是
2025-12-22 00:00:00,BEARISH_SINGULARITY,short,88774.12,1.138156834489289,-0.0608310619181946,1.318931150563008,0.7356873818305063,通过,通过V7.0.5,88774.12,86911.53,13.0,2.098122741177267,是
2025-12-22 04:00:00,BEARISH_SINGULARITY,short,89170.1,1.2035499414532884,-0.0863605079163631,0.6897853010594227,1.0709544184664255,通过,通过V7.0.5,89170.1,86911.53,12.0,2.532878173289036,是
2025-12-22 08:00:00,BEARISH_SINGULARITY,short,89945.43,1.277975366360037,-0.1101671158000092,1.428029198200341,1.7608005513824476,通过,通过V7.0.5,89945.43,86911.53,11.0,3.373045189733369,是
2025-12-22 12:00:00,BEARISH_SINGULARITY,short,89726.92,1.3980942257420417,-0.1364436501486532,2.1332942322668305,1.3674644070566426,通过,通过V7.0.5,89726.92,86911.53,10.0,3.1377316863211173,是
2025-12-22 16:00:00,BEARISH_SINGULARITY,short,88052.43,1.4027349731194343,-0.1490549417903666,1.381612141237072,-0.47456945366025255,通过,通过V7.0.5,88052.43,86911.53,9.0,1.2957052974006444,是
2025-12-22 20:00:00,BEARISH_SINGULARITY,short,88620.79,1.3549890777868685,-0.1502642518585448,0.9512552312578004,0.15183672320986927,通过,通过V7.0.5,88620.79,86911.53,8.0,1.9287347810824016,是
2025-12-23 00:00:00,BEARISH_SINGULARITY,short,88170.0,1.2572365833417385,-0.1400116559006363,0.9940232216758468,-0.3236608649948191,通过,通过V7.0.5,88170.0,86911.53,7.0,1.427322218441648,是
2025-12-23 04:00:00,BEARISH_SINGULARITY,short,87574.79,1.080178620322963,-0.1156680373000302,1.3120876895738125,-0.9024941406161434,通过,通过V7.0.5,87574.79,86911.53,6.0,0.7573640770363192,是
2025-12-23 08:00:00,BEARISH_SINGULARITY,short,87856.65,0.9044514997655164,-0.0843769166797691,0.9277276007928296,-0.5282657779939187,通过,通过V7.0.5,87856.65,86911.53,5.0,1.0757523761718613,是
2025-12-23 12:00:00,BEARISH_SINGULARITY,short,87443.45,0.7281320277069203,-0.0491472058235664,2.035266008587535,-0.9020826468146526,通过,通过V7.0.5,87443.45,86911.53,4.0,0.6083017081325112,是
2025-12-23 16:00:00,BEARISH_SINGULARITY,short,87752.87,0.5894716502382605,-0.0212516680905539,1.7949081649775216,-0.4991687908505276,通过,通过V7.0.5,87752.87,86911.53,3.0,0.9587606650357948,是
2025-12-24 04:00:00,HIGH_OSCILLATION,short,86911.53,0.593275339497311,-0.0078903739916148,0.6981193581133937,-1.1718580900869557,通过,通过V7.0.5,86911.53,87049.99,2.0,-0.15931142852968577,否
2025-12-24 08:00:00,BEARISH_SINGULARITY,short,87203.94,0.6057722959349148,-0.0308591516329772,0.6115861685342917,-0.7600241405532258,通过,通过V7.0.5,87203.94,87049.99,1.0,0.17654018843643657,是
2025-12-24 12:00:00,BEARISH_SINGULARITY,short,87049.99,0.5919194872762799,-0.0500721328171796,1.1302906509664423,-0.8469080947304277,通过,通过V7.0.5,87049.99,87137.81,12.0,-0.10088456069896438,否
2025-12-24 16:00:00,BEARISH_SINGULARITY,short,87566.06,0.5250242034206984,-0.0690923606131794,0.8516462700161755,-0.23446869960056452,通过,通过V7.0.5,87566.06,87137.81,11.0,0.4890593455957708,是
2025-12-24 20:00:00,BEARISH_SINGULARITY,short,87669.45,0.3799860617703186,-0.0808409053456462,0.4813247323902653,-0.1055745360613,通过,通过V7.0.5,87669.45,87137.81,10.0,0.606414207001412,是
2025-12-27 12:00:00,LOW_OSCILLATION,long,87551.25,-0.6388146087695296,0.0081604712231261,0.4325316358304378,-0.19988277155379625,通过,通过V7.0.5,87551.25,90123.55,9.0,2.938050570380209,是
2025-12-27 16:00:00,BULLISH_SINGULARITY,long,87569.39,-0.8236851223555107,0.040041140741222,0.332999201031969,-0.16216543720176554,通过,通过V7.0.5,87569.39,90123.55,8.0,2.91672695219186,是
2025-12-27 20:00:00,BULLISH_SINGULARITY,long,87877.01,-0.9418746099195164,0.0662259458485815,0.542777305211837,0.17056406507796196,通过,通过V7.0.5,87877.01,90123.55,7.0,2.55645930602328,是
2025-12-28 00:00:00,BULLISH_SINGULARITY,long,87740.01,-0.9787440488501126,0.085800444257466,0.4261830718136315,0.013026990832545583,通过,通过V7.0.5,87740.01,90123.55,6.0,2.71659417408319,是
2025-12-28 04:00:00,BULLISH_SINGULARITY,long,87730.85,-0.913040790509427,0.0965527891336343,0.2850793124073612,0.0023394333305010897,通过,通过V7.0.5,87730.85,90123.55,5.0,2.7273188393820385,是
2025-12-28 08:00:00,BULLISH_SINGULARITY,long,87883.25,-0.8009436893212487,0.0940841761161692,0.4882678430689913,0.15926261968160335,通过,通过V7.0.5,87883.25,90123.55,4.0,2.549177459868636,是
2025-12-28 12:00:00,BULLISH_SINGULARITY,long,87836.27,-0.7186512457680017,0.0802407578275878,0.5233464013527908,0.09564197660177391,通过,通过V7.0.5,87836.27,90123.55,3.0,2.6040267875673666,是
2025-12-28 16:00:00,BULLISH_SINGULARITY,long,87520.75,-0.6688837698761436,0.0658295014271757,0.5677749940297195,-0.23884061299573922,通过,通过V7.0.5,87520.75,90123.55,2.0,2.9739233267539444,是
2025-12-28 20:00:00,BULLISH_SINGULARITY,long,87952.71,-0.7494570627054944,0.0602798484129285,0.579259191396088,0.2293308250004243,通过,通过V7.0.5,87952.71,90123.55,1.0,2.468190008016804,是
2025-12-29 12:00:00,LOW_OSCILLATION,long,87691.62,-0.5112771210180045,0.0075590976350478,2.309085583226397,-0.3988101556837581,通过,通过V7.0.5,87691.62,90321.22,27.0,2.998690182710738,是
2025-12-29 16:00:00,LOW_OSCILLATION,long,87366.23,-0.5194242125678443,0.0081376119114235,0.8009715543845642,-0.6957209447306768,通过,通过V7.0.5,87366.23,90321.22,26.0,3.382302292315927,是
2025-12-29 20:00:00,BULLISH_SINGULARITY,long,87237.13,-0.6059058556652802,0.0228261306335689,0.8715723582003595,-0.7628392692513712,通过,通过V7.0.5,87237.13,90628.01,30.0,3.886968771210137,是
2025-12-30 04:00:00,BULLISH_SINGULARITY,long,87502.85,-0.9203790012917707,0.088672428462601,0.6861674417373956,-0.36522767500147774,通过,通过V7.0.5,87502.85,91532.0,30.0,4.604592878974792,是
2025-12-30 20:00:00,BULLISH_SINGULARITY,long,88485.49,-1.0983446783264832,0.1952385835405146,0.6399498690493653,0.5288677435955692,通过,通过V7.0.5,88485.49,91532.0,26.0,3.442948668759132,是
2025-12-31 00:00:00,BULLISH_SINGULARITY,long,88453.04,-0.8582166200367302,0.1836169745443004,0.5736735583500931,0.44493538083561507,通过,通过V7.0.5,88453.04,92878.22,30.0,5.002858013698577,是
2025-12-31 04:00:00,BULLISH_SINGULARITY,long,88613.12,-0.5173352220537775,0.1512492896428625,0.4917183285708941,0.5666923270594127,通过,通过V7.0.5,88613.12,92878.22,29.0,4.813169878230228,是
2025-12-31 16:00:00,BEARISH_SINGULARITY,short,87541.85,0.9899209200003392,-0.0607860377543374,1.289198865251905,-0.6510582078963066,通过,通过V7.0.5,87541.85,87631.88,3.0,-0.10284224059692458,否
2025-12-31 20:00:00,BEARISH_SINGULARITY,short,87648.22,1.0657187844069942,-0.1183983908898427,0.6830293995358833,-0.48007544140055636,通过,通过V7.0.5,87648.22,87631.88,2.0,0.018642706035554978,是
2026-01-01 00:00:00,BEARISH_SINGULARITY,short,87846.02,0.8148950877483465,-0.1359903866766432,0.3604437053748428,-0.23120843722680157,通过,通过V7.0.5,87846.02,87631.88,1.0,0.2437674467209777,是
2026-01-01 04:00:00,BEARISH_SINGULARITY,short,87631.88,0.5080758454894962,-0.1088330921585194,0.4767665779850533,-0.4294241747527675,通过,通过V7.0.5,87631.88,88024.64,1.0,-0.448193054856286,否
2026-01-02 16:00:00,BEARISH_SINGULARITY,short,89897.23,0.8447019415440786,-0.0262516833373402,2.469867595464185,1.4450651684974902,通过,通过V7.0.5,89897.23,89577.13,3.0,0.35607326276904333,是
2026-01-02 20:00:00,BEARISH_SINGULARITY,short,89995.13,1.1119364017236613,-0.0765105328005303,0.7756418071828831,1.405312319890401,通过,通过V7.0.5,89995.13,89577.13,2.0,0.4644695774093554,是
2026-01-03 00:00:00,BEARISH_SINGULARITY,short,90321.22,1.4148781430233477,-0.1331921099025411,0.5472155819381462,1.6012098432343258,通过,通过V7.0.5,90321.22,89577.13,1.0,0.8238263389267731,是
2026-01-03 04:00:00,BEARISH_SINGULARITY,short,89577.13,1.570365553370893,-0.1781450455828428,0.934528920708665,0.6909092500417018,通过,通过V7.0.5,89577.13,89752.74,1.0,-0.19604334275947505,否
2026-01-03 08:00:00,BEARISH_SINGULARITY,short,89752.74,1.6478113905974383,-0.1993192150450773,0.6810680815521245,0.803027034357455,通过,通过V7.0.5,89752.74,89969.31,1.0,-0.24129625457673204,否
2026-01-03 12:00:00,BEARISH_SINGULARITY,short,89969.31,1.6207328991944798,-0.2066392164367501,0.5815553842648471,0.9456747546259294,通过,通过V7.0.5,89969.31,90123.77,1.0,-0.1716807653632182,否
2026-01-03 16:00:00,BEARISH_SINGULARITY,short,90123.77,1.4522876293033289,-0.1961911772104749,0.2775207122667595,1.0113318565634066,通过,通过V7.0.5,90123.77,90226.77,28.0,-0.11428727404545992,否
2026-01-03 20:00:00,BEARISH_SINGULARITY,short,90628.01,1.1677979863690937,-0.1679808918709474,0.749760748028543,1.4242074719407614,通过,通过V7.0.5,90628.01,90226.77,27.0,0.4427328813685644,是
2026-01-04 00:00:00,BEARISH_SINGULARITY,short,91236.78,0.8246072056341867,-0.1310808038822998,1.55240967684002,1.9011622012637588,通过,通过V7.0.5,91236.78,90226.77,26.0,1.1070206554856439,是
2026-01-04 04:00:00,BEARISH_SINGULARITY,short,91532.0,0.4427773207694374,-0.0972463711285967,1.0392826901340613,2.0141445082519116,通过,通过V7.0.5,91532.0,90226.77,25.0,1.4259821701699906,是
2026-01-05 00:00:00,BEARISH_SINGULARITY,short,92878.22,0.4134190958105024,-0.0276295027286284,2.6547648828503587,2.622264099932882,通过,通过V7.0.5,92878.22,90226.77,20.0,2.8547597057738585,是
2026-01-05 04:00:00,BEARISH_SINGULARITY,short,92520.63,0.4520178541877093,-0.0385505595091215,0.8700906262471553,2.010783179276663,通过,通过V7.0.5,92520.63,90226.77,19.0,2.4792956986998473,是
2026-01-05 08:00:00,BEARISH_SINGULARITY,short,93134.26,0.4672063434655171,-0.0469694549516354,1.1578679456205134,2.425209633226909,通过,通过V7.0.5,93134.26,90226.77,18.0,3.121826490058536,是
2026-01-05 12:00:00,BEARISH_SINGULARITY,short,93957.73,0.4815884726983904,-0.056756809288386,1.8291948928720536,3.004076614689779,通过,通过V7.0.5,93957.73,90226.77,17.0,3.970892017080438,是
2026-01-05 16:00:00,BEARISH_SINGULARITY,short,94303.4,0.5247281106882097,-0.0692073851285894,1.7815825781425056,3.0510047981894886,通过,通过V7.0.5,94303.4,90226.77,16.0,4.322887615929002,是
2026-01-05 20:00:00,BEARISH_SINGULARITY,short,93859.71,0.5454938822554722,-0.078172901543952,1.058634468932769,2.3161015522174577,通过,通过V7.0.5,93859.71,90226.77,15.0,3.870606461494503,是
2026-01-06 00:00:00,BEARISH_SINGULARITY,short,93769.24,0.5528723702570535,-0.0837834529465884,0.7414834027915579,2.002063804434407,通过,通过V7.0.5,93769.24,90226.77,14.0,3.7778593491852988,是
2026-01-06 04:00:00,BEARISH_SINGULARITY,short,93255.08,0.4818963782342878,-0.0773622816007612,0.9766304629026348,1.3035641888317722,通过,通过V7.0.5,93255.08,90226.77,13.0,3.2473405202161616,是
2026-01-06 08:00:00,BEARISH_SINGULARITY,short,93840.0,0.3900302593928939,-0.0658596569459518,0.6468585424585515,1.7510693163692939,通过,通过V7.0.5,93840.0,90226.77,12.0,3.8504156010230135,是
2026-01-08 00:00:00,BULLISH_SINGULARITY,long,90813.4,-0.4243077455671395,0.0870802629087014,0.6397392506798598,-1.3492573743101688,通过,通过V7.0.5,90813.4,91861.27,28.0,1.1538715652095506,是
2026-01-08 08:00:00,BULLISH_SINGULARITY,long,90226.77,-0.6636241697919323,0.1053999983498396,0.8795947191555351,-1.6617079432431154,通过,通过V7.0.5,90226.77,92000.74,30.0,1.9661238011734223,是
2026-01-08 16:00:00,BULLISH_SINGULARITY,long,90937.41,-0.8746872688453149,0.1176689707967701,0.9162922359195568,-0.7128565743317926,通过,通过V7.0.5,90937.41,94226.84,30.0,3.617246191638835,是
2026-01-08 20:00:00,BULLISH_SINGULARITY,long,91099.99,-0.9097258886874426,0.1169572269677671,0.6333059019545807,-0.4846102164688911,通过,通过V7.0.5,91099.99,95414.0,30.0,4.735467040117122,是
2026-01-09 00:00:00,BULLISH_SINGULARITY,long,91220.23,-0.8877764653601333,0.1046267612645607,0.5950008218209611,-0.3197264702562941,通过,通过V7.0.5,91220.23,95720.99,30.0,4.933949410125374,是
2026-01-09 04:00:00,BULLISH_SINGULARITY,long,90741.84,-0.8261197656569522,0.0871150223262596,0.5741893209828938,-0.7628593615131528,通过,通过V7.0.5,90741.84,95720.99,29.0,5.487160057587557,是
2026-01-09 20:00:00,BULLISH_SINGULARITY,long,90641.28,-0.7607198633484068,0.0303985586288368,0.4580695202874993,-0.5893189330865223,通过,通过V7.0.5,90641.28,97267.42,29.0,7.310289528126698,是
2026-01-10 00:00:00,BULLISH_SINGULARITY,long,90626.14,-0.7939581127616211,0.0290378182451124,0.2105547652658797,-0.5485332269635006,通过,通过V7.0.5,90626.14,97267.42,28.0,7.328216781604071,是
2026-01-10 04:00:00,BULLISH_SINGULARITY,long,90678.5,-0.8373474657006037,0.0345417215967693,0.2091129858203934,-0.4445132329236769,通过,通过V7.0.5,90678.5,97267.42,27.0,7.266242824925421,是
2026-01-10 08:00:00,BULLISH_SINGULARITY,long,90723.86,-0.8932012504861063,0.0434526223209161,0.2877677806600527,-0.35725532001864996,通过,通过V7.0.5,90723.86,97267.42,26.0,7.21261198542478,是
2026-01-10 12:00:00,BULLISH_SINGULARITY,long,90665.75,-0.9476032817594764,0.0561229442656315,0.1868496082071065,-0.3811281759940994,通过,通过V7.0.5,90665.75,97267.42,25.0,7.281327292831084,是
2026-01-10 16:00:00,BULLISH_SINGULARITY,long,90626.54,-0.9869791781062708,0.0696945800796728,0.2506986425510751,-0.38396427346582895,通过,通过V7.0.5,90626.54,97267.42,24.0,7.327743065110955,是
2026-01-10 20:00:00,BULLISH_SINGULARITY,long,90504.7,-1.0142847990554562,0.0839899868234428,0.2509976309404785,-0.46879829345766844,通过,通过V7.0.5,90504.7,97267.42,23.0,7.472230723929256,是
2026-01-11 00:00:00,BULLISH_SINGULARITY,long,90733.5,-0.9885367210842492,0.0947960190001033,0.2509371722347084,-0.19653583381714643,通过,通过V7.0.5,90733.5,97267.42,22.0,7.201221158667965,是
2026-01-11 04:00:00,BULLISH_SINGULARITY,long,90710.79,-0.9430270924590995,0.0971788369450226,0.3051759411966337,-0.20046151664522466,通过,通过V7.0.5,90710.79,97267.42,21.0,7.228059638770652,是
2026-01-11 08:00:00,BULLISH_SINGULARITY,long,90754.99,-0.864825191426599,0.0942492137495538,0.3997853918209131,-0.13739249744400606,通过,通过V7.0.5,90754.99,97267.42,20.0,7.175836832773595,是
2026-01-11 12:00:00,BULLISH_SINGULARITY,long,90875.79,-0.7132243301852078,0.0847651103700204,0.6981379678650685,-0.004044073037881022,通过,通过V7.0.5,90875.79,97267.42,19.0,7.0333693935425545,是
2026-01-11 16:00:00,BULLISH_SINGULARITY,long,90690.8,-0.6014928423374261,0.0660575711623103,0.6142427495851903,-0.1878651794681128,通过,通过V7.0.5,90690.8,97267.42,18.0,7.251694769480471,是
2026-01-14 08:00:00,BEARISH_SINGULARITY,short,94792.99,0.5066322999646634,-0.03589659429531,0.6854902660115006,2.0174740998990033,通过,通过V7.0.5,94792.99,92690.09,28.0,2.2184129860235537,是
2026-01-14 12:00:00,BEARISH_SINGULARITY,short,96764.57,0.7051656234660029,-0.0628276595687931,2.126837059922224,3.730388268617317,通过,通过V7.0.5,96764.57,92690.09,27.0,4.210714727508229,是
2026-01-14 16:00:00,BEARISH_SINGULARITY,short,97267.42,0.8418041007441175,-0.0934970917357007,2.1307974518489834,3.8471808785178934,通过,通过V7.0.5,97267.42,92690.09,26.0,4.705923113823726,是
2026-01-14 20:00:00,BEARISH_SINGULARITY,short,96951.78,0.9381985491287244,-0.1164637628549302,0.9671023609267332,3.165303617595667,通过,通过V7.0.5,96951.78,92631.0,30.0,4.456627820551617,是
2026-01-15 00:00:00,BEARISH_SINGULARITY,short,95985.1,0.9573596628235106,-0.1181037766175876,0.8479914535547804,1.9292519663901868,通过,通过V7.0.5,95985.1,92434.92,30.0,3.6986782323506535,是
2026-01-15 04:00:00,BEARISH_SINGULARITY,short,96630.48,0.9300324665338516,-0.1106964166606869,0.6143737537024371,2.3597136345198404,通过,通过V7.0.5,96630.48,91177.98,30.0,5.64262953055806,是
2026-01-15 08:00:00,BEARISH_SINGULARITY,short,96581.08,0.8715254430456708,-0.0938815562213012,0.8471565866057532,2.083056242787346,通过,通过V7.0.5,96581.08,91177.98,29.0,5.5943669298376095,是
2026-01-15 12:00:00,BEARISH_SINGULARITY,short,96737.04,0.852945302695775,-0.0771441058027058,1.3953955986503066,2.029470277604943,通过,通过V7.0.5,96737.04,90684.95,30.0,6.25622822447327,是
2026-01-15 16:00:00,BEARISH_SINGULARITY,short,95516.01,0.8158382319176508,-0.0568169054289936,2.121965969853812,0.6705325571352233,通过,通过V7.0.5,95516.01,89864.0,30.0,5.917343071596055,是
2026-01-15 20:00:00,BEARISH_SINGULARITY,short,95604.8,0.7905859812152878,-0.0376768840420687,0.3765481808388319,0.6908385956604618,通过,通过V7.0.5,95604.8,89864.0,29.0,6.0047194283132255,是
2026-01-16 00:00:00,BEARISH_SINGULARITY,short,95354.69,0.75879858614332,-0.0207480998201717,0.3438827147151022,0.38655878306750785,通过,通过V7.0.5,95354.69,89864.0,28.0,5.758175082945582,是
2026-01-16 08:00:00,HIGH_OSCILLATION,short,95429.09,0.7408723407236502,-0.0075491158437466,0.4521895451578842,0.35984891781554057,通过,通过V7.0.5,95429.09,89864.0,26.0,5.8316494477732075,是
2026-01-16 12:00:00,HIGH_OSCILLATION,short,94585.98,0.7332121739034722,-0.006966025156434,0.8390222700322975,-0.4768895830848899,通过,通过V7.0.5,94585.98,89864.0,25.0,4.99226206674604,是
2026-01-16 16:00:00,HIGH_OSCILLATION,short,95002.09,0.7075211374314502,-0.0085782570562054,0.5212604337025379,-0.03534111106573486,通过,通过V7.0.5,95002.09,89864.0,24.0,5.408396804743976,是
2026-01-17 00:00:00,BEARISH_SINGULARITY,short,95372.95,0.6499008605455918,-0.0249749610935299,0.1633885070646075,0.27415301681718823,通过,通过V7.0.5,95372.95,89864.0,22.0,5.7762185189825805,是
2026-01-17 04:00:00,BEARISH_SINGULARITY,short,95101.67,0.6071357478471037,-0.0308401929722461,0.1965812447723877,-0.010014033604819894,通过,通过V7.0.5,95101.67,89864.0,21.0,5.507442718934376,是
2026-01-17 08:00:00,BEARISH_SINGULARITY,short,95323.86,0.5610553359647535,-0.0344568603462207,0.2233414019938066,0.20225874421063245,通过,通过V7.0.5,95323.86,89864.0,20.0,5.727695038786722,是
2026-01-17 12:00:00,BEARISH_SINGULARITY,short,95573.64,0.5235515766750116,-0.0384397574801854,0.5410604142922241,0.42036693010568177,通过,通过V7.0.5,95573.64,89864.0,19.0,5.974074022920964,是
2026-01-17 16:00:00,BEARISH_SINGULARITY,short,95291.38,0.479219503145168,-0.0407755497555419,0.2424001699425011,0.11198996113387727,通过,通过V7.0.5,95291.38,89864.0,18.0,5.695562389798536,是
2026-01-17 20:00:00,BEARISH_SINGULARITY,short,95147.77,0.4312245490379096,-0.0392740149558371,0.2124014620538615,-0.03518296604308473,通过,通过V7.0.5,95147.77,89864.0,17.0,5.553225262136994,是
2026-01-18 00:00:00,BEARISH_SINGULARITY,short,95200.29,0.378483714623691,-0.0362932192126813,0.3515232178584764,0.01809124238838487,通过,通过V7.0.5,95200.29,89864.0,16.0,5.605329563596912,是
2026-01-20 00:00:00,BULLISH_SINGULARITY,long,92434.92,-0.4516799524876185,0.025807521982369,0.9028679116266018,-1.5885957141790463,通过,通过V7.0.5,92434.92,91218.99,2.0,-1.315444422951838,否
