时间,收盘价,信号类型,方向,置信度,张力,加速度,量能比率,EMA偏离%,DXY燃料,开盘价,最高价,最低价,成交量,价格vsEMA%,V7.0.5通过,过滤原因
2025-08-10 12:00:00,118815.0,BEARISH_SINGULARITY,short,0.7,0.7733394173530197,-0.0845191579779157,,0.0,0.1260400013773703,118330.58,119113.94,118232.0,2809.2276,0.29842985504770214,True,
2025-08-10 16:00:00,118663.08,BEARISH_SINGULARITY,short,0.7,0.708409113349101,-0.0804465008533109,,-0.1156993381414857,0.1260400013773703,118815.0,118944.24,118433.8,995.85812,0.15395252292936604,True,
2025-08-10 20:00:00,119294.01,BEARISH_SINGULARITY,short,0.7,0.5927933355073683,-0.0676948429406483,,0.3756751314435776,0.1260400013773703,118663.09,119311.11,118074.99,2674.59294,0.6206858780990581,True,
2025-08-11 00:00:00,121728.99,BEARISH_SINGULARITY,short,0.7,0.5290942215089675,-0.0631242869000843,,2.1885435051540685,-0.4171160897338265,119294.27,122164.07,118972.59,7626.19257,2.413650173610435,True,
2025-08-11 04:00:00,121537.15,BEARISH_SINGULARITY,short,0.7,0.5524573785528275,-0.0636068809081827,,1.8308680559716288,-0.4171160897338265,121729.0,122335.16,121466.08,4279.8879,2.0333887184364077,True,
2025-08-11 08:00:00,120561.54,BEARISH_SINGULARITY,short,0.7,0.5851209594393163,-0.0679277223215729,,0.9160426891455962,-0.4171160897338265,121537.14,121823.0,120286.4,4216.26732,1.0974197807623272,True,
2025-08-11 12:00:00,120314.4,BEARISH_SINGULARITY,short,0.7,0.627769121624933,-0.0761791748621619,,0.6412006767917083,-0.4171160897338265,120561.53,120667.54,119382.91,5236.26223,0.8047182010282521,True,
2025-08-11 16:00:00,119089.3,BEARISH_SINGULARITY,short,0.7,0.6365680809336108,-0.0797075149129932,,-0.3471728611379587,-0.4171160897338265,120314.4,120794.05,118604.17,2812.92272,-0.20065042122015844,True,
2025-08-11 20:00:00,118686.0,BEARISH_SINGULARITY,short,0.7,0.5934326901820595,-0.0757075655210445,,-0.6198499339625857,-0.4171160897338265,119089.3,119172.63,118050.11,2322.80155,-0.4875769009678589,True,
2025-08-12 00:00:00,118857.7,BEARISH_SINGULARITY,short,0.7,0.4994074192284805,-0.0661137783207126,,-0.4309337248698888,0.6214514966931809,118686.0,119275.46,118593.39,1894.63528,-0.3109913754420108,True,
2025-08-12 04:00:00,118986.72,BEARISH_SINGULARITY,short,0.7,0.3773572082111734,-0.0529266795748302,,-0.2921936094781358,0.6214514966931809,118857.7,119158.06,118424.86,3135.38397,-0.18350213876317295,True,
2025-08-15 04:00:00,118956.45,BULLISH_SINGULARITY,long,0.6,-0.8050073129625414,0.0565937635539306,0.48454224137208357,-0.7515611492509465,0.6540682150561441,118968.91,119216.82,118629.58,1732.90691,-0.7337981182225262,True,
2025-08-15 08:00:00,119006.01,BULLISH_SINGULARITY,long,0.6,-1.0091647840364837,0.0885537251670626,0.31932778120091415,-0.6430076521882331,0.6540682150561441,118956.45,119144.5,118600.0,1129.82607,-0.6269081432044408,True,
2025-08-15 16:00:00,116936.27,BULLISH_SINGULARITY,long,0.6,-1.376757060349172,0.1433642834520483,0.6575137533635413,-1.9732886361245263,0.6540682150561441,117275.23,117882.35,116803.99,2393.46089,-1.9602335313034327,True,
2025-08-15 20:00:00,117342.05,BULLISH_SINGULARITY,long,0.6,-1.513084872403328,0.1632384064380758,0.39128202981202537,-1.4798925028743648,0.6540682150561441,116936.28,117761.88,116862.5,1354.69691,-1.4680029452512282,True,
2025-08-16 00:00:00,117429.63,BULLISH_SINGULARITY,long,0.6,-1.5840387941464724,0.176108911628896,0.4156289299700787,-1.2741279984413474,0.6540682150561441,117342.04,117898.99,117231.14,1420.5255,-1.263333977515387,True,
2025-08-16 04:00:00,117596.07,BULLISH_SINGULARITY,long,0.6,-1.597739210402458,0.1789097621829369,0.2755372387399946,-1.0272887606685266,0.6540682150561441,117429.63,117884.0,117278.0,925.25596,-1.0174878383115529,True,
2025-08-16 08:00:00,117378.52,BULLISH_SINGULARITY,long,0.6,-1.5325226654603907,0.1755151490771587,0.3654383861176555,-1.0963749687175304,0.6540682150561441,117596.07,117703.92,117143.98,1206.0413,-1.087503513442548,True,
2025-08-16 12:00:00,117676.7,BULLISH_SINGULARITY,long,0.6,-1.4374721010217852,0.1635529931887775,0.3673355808023187,-0.7652549002216389,0.6540682150561441,117378.52,117825.0,117327.63,1191.50027,-0.7571950543326106,True,
2025-08-16 16:00:00,117672.12,BULLISH_SINGULARITY,long,0.6,-1.326161991272079,0.1456565395102931,0.26167364518654185,-0.6963779763855482,0.6540682150561441,117676.7,117817.65,117629.94,817.42683,-0.6890753804186314,True,
2025-08-16 20:00:00,117380.66,BULLISH_SINGULARITY,long,0.6,-1.2344877743857685,0.1280727628061522,0.29704540479867936,-0.8533604342523813,0.6540682150561441,117672.13,117713.51,117219.34,832.93131,-0.8467578885879345,True,
2025-08-17 00:00:00,117684.95,BULLISH_SINGULARITY,long,0.6,-1.1640025607339624,0.1142946446744759,0.2925120362501962,-0.539851526684168,0.6540682150561441,117380.66,117771.37,117172.21,770.53091,-0.5338555379441614,True,
2025-08-17 04:00:00,118005.98,BULLISH_SINGULARITY,long,0.6,-1.1264345203409452,0.1052398009086852,0.4449574186278404,-0.2430237782148805,0.6540682150561441,117684.96,118230.82,117684.95,1109.68335,-0.23758128513642116,True,
2025-08-17 08:00:00,118308.01,BULLISH_SINGULARITY,long,0.6,-1.06495481173857,0.1015919580896871,0.4251420318760478,0.0111274203158515,0.6540682150561441,118005.98,118484.0,117922.0,1007.67549,0.016064042543603566,True,
2025-08-17 12:00:00,118246.16,BULLISH_SINGULARITY,long,0.6,-0.952193905365367,0.0970763907018761,0.4366703985260341,-0.0372389175209111,0.6540682150561441,118308.0,118575.0,118059.12,974.27271,-0.032774455801494705,True,
2025-08-17 16:00:00,117570.07,BULLISH_SINGULARITY,long,0.6,-0.8338103261085992,0.0906819553341922,0.6241900887979325,-0.5511303292826649,0.6540682150561441,118246.15,118316.01,117321.53,1326.17558,-0.5471095053343855,True,
2025-08-17 20:00:00,117405.01,BULLISH_SINGULARITY,long,0.6,-0.6374081061138063,0.0748424275816486,0.4497598268574821,-0.6253752001750928,0.6540682150561441,117570.07,117995.37,117371.65,710.30388,-0.6217376486772243,True,
2025-08-18 16:00:00,116313.99,BULLISH_SINGULARITY,long,0.6,-0.4129123865390643,0.037024528488003,0.9184571557618518,-0.7226546967004432,-0.4215774802348951,116145.34,116800.0,115818.86,1731.37273,-0.7204330321436591,True,
2025-08-18 20:00:00,116227.05,BULLISH_SINGULARITY,long,0.6,-0.3920330732421517,0.0268309203161449,0.7183657662191708,-0.7215165882439423,-0.4215774802348951,116314.0,116980.0,115980.32,1213.55039,-0.7195049653472761,True,
2025-08-19 08:00:00,115508.71,BULLISH_SINGULARITY,long,0.6,-0.4267629475559527,0.022693250114354,0.8411053239032745,-0.9071606925084572,0.0505836608300068,114978.15,115650.0,114804.0,1471.04277,-0.9056671623643743,True,
2025-08-20 04:00:00,113490.13,BULLISH_SINGULARITY,long,0.6,-0.4450787884818425,0.0466125865894631,0.5920290954909955,-1.5728623922959155,0.0926272133600955,113525.9,113837.93,113432.0,1367.41482,-1.5719531391842265,True,
2025-08-23 00:00:00,115568.77,BEARISH_SINGULARITY,short,0.7,0.482901870937082,-0.0492397506583675,0.9649104102932007,0.8777357746793217,0.8976858148979668,116936.0,117030.0,115458.2,2647.58419,0.8779068720239656,True,
2025-08-23 04:00:00,115799.47,BEARISH_SINGULARITY,short,0.7,0.6333806707152054,-0.0712640491633229,0.8285408455879127,0.9753346352884984,0.8976858148979668,115568.77,116034.53,115551.2,2258.18362,0.9754894283090476,True,
2025-08-23 08:00:00,115310.13,BEARISH_SINGULARITY,short,0.7,0.7778002315429431,-0.0914094309137822,0.49856447921019387,0.4961273259383029,0.8976858148979668,115799.46,115861.8,115223.43,1313.89391,0.4962666393018118,True,
2025-08-23 12:00:00,114812.87,BEARISH_SINGULARITY,short,0.7,0.8863440247877669,-0.1042426033983412,1.1137451002913437,0.0567711348177044,0.8976858148979668,115310.13,115486.97,114560.0,3027.56166,0.05689662167138271,True,
2025-08-23 16:00:00,115133.91,BEARISH_SINGULARITY,short,0.7,0.9730895517152656,-0.1089135252440037,0.41624435825621814,0.3044001407960823,0.8976858148979668,114812.88,115190.74,114684.11,1105.55067,0.30451392102578845,True,
2025-08-23 20:00:00,115438.05,BEARISH_SINGULARITY,short,0.7,1.0531858941557062,-0.1085940280251415,0.3946493228285967,0.5148616765544478,0.8976858148979668,115133.92,115454.12,115001.88,976.58792,0.5149647806521009,True,
2025-08-24 00:00:00,115036.0,BEARISH_SINGULARITY,short,0.7,1.0769821168733722,-0.1038053964306118,0.8169413274942211,0.1490691182850978,0.8976858148979668,115438.06,115666.68,114934.21,1995.92433,0.14916204887081697,True,
2025-08-24 04:00:00,114888.19,BEARISH_SINGULARITY,short,0.7,1.0708524911169692,-0.092549308999744,0.7001554125542437,0.0184453551260356,0.8976858148979668,115036.01,115283.21,114846.14,1715.6873,0.01852932387692988,True,
2025-08-24 08:00:00,114730.22,BEARISH_SINGULARITY,short,0.7,1.0319283983851089,-0.0782288510122637,0.8964646670920398,-0.1077502805264173,0.8976858148979668,114888.19,115060.99,114600.0,2223.47925,-0.10767439605486216,True,
2025-08-24 12:00:00,114400.0,BEARISH_SINGULARITY,short,0.7,1.0151278920587972,-0.0661799694442726,1.051035614462017,-0.3577537447294075,0.8976858148979668,114730.22,114869.41,114350.57,2662.01905,-0.3576852333958062,True,
2025-08-24 16:00:00,112600.0,BEARISH_SINGULARITY,short,0.7,0.9687040681926288,-0.0491240873358002,2.8962509888814183,-1.745366239678218,0.8976858148979668,114400.01,114917.1,110680.0,8322.01988,-1.7453050041600366,True,
2025-08-24 20:00:00,113493.59,BEARISH_SINGULARITY,short,0.7,0.9451727344888068,-0.0382081877909753,1.4380470235102416,-0.8744609282184796,0.8976858148979668,112600.0,113692.97,111632.85,4256.85481,-0.8744049821237218,True,
2025-08-25 00:00:00,112916.84,BEARISH_SINGULARITY,short,0.7,0.9605294073820044,-0.0376898339179111,0.8068319560739156,-1.248577705223139,-0.7580063088126419,113493.59,113667.28,112159.0,2384.9729,-1.2485272120955455,True,
2025-08-25 04:00:00,111511.55,BEARISH_SINGULARITY,short,0.7,0.9901744926572216,-0.0422254379919179,1.3062239963449849,-2.2469164489726587,-0.7580063088126419,112916.84,113059.52,111284.05,4054.02521,-2.2468711196078113,True,
2025-08-25 08:00:00,111214.97,BEARISH_SINGULARITY,short,0.7,0.9795186488538624,-0.0493714037453194,1.2492562543830392,-2.2735794288642497,-0.7580063088126419,111511.56,111850.13,110929.48,4028.25788,-2.273538329644459,True,
2025-08-25 12:00:00,112200.64,BEARISH_SINGULARITY,short,0.7,0.9899554608979894,-0.0661054025473951,1.3624460161588137,-1.2751208926855055,-0.7580063088126419,111214.97,112580.0,110588.0,4593.3206,-1.275083277343192,True,
2025-08-25 16:00:00,110716.13,BEARISH_SINGULARITY,short,0.7,0.9794449860146016,-0.0832975594232998,0.906471958636407,-2.341249425148074,-0.7580063088126419,112200.65,112937.26,110655.01,3109.40411,-2.3412156767741195,True,
2025-08-25 20:00:00,110111.98,BEARISH_SINGULARITY,short,0.7,0.9030361214659274,-0.0960738742872103,2.187672884390929,-2.6075577877986293,-0.7580063088126419,110716.13,111092.54,109274.1,7012.81309,-2.6075272532394065,True,
2025-08-26 00:00:00,109879.56,BEARISH_SINGULARITY,short,0.7,0.7369634222366804,-0.0985524456856689,1.2993817374062875,-2.5520501389214307,0.0264382108244643,110111.98,110111.98,108666.66,4155.39206,-2.5520224224136063,True,
2025-08-26 04:00:00,110303.2,BEARISH_SINGULARITY,short,0.7,0.5345275625055369,-0.0909357766635975,0.5991984065493355,-1.973159426771016,0.0264382108244643,109879.57,110547.31,109765.93,1910.05232,-1.9731341485677483,True,
2025-08-26 20:00:00,111763.22,BULLISH_SINGULARITY,long,0.6,-0.4196000498763127,0.0347914175798994,0.7255420339035564,-0.1403807026210969,0.0264382108244643,111116.03,112371.0,110918.26,2426.69707,-0.1403633541024631,True,
2025-08-27 00:00:00,111418.15,BULLISH_SINGULARITY,long,0.6,-0.4410154337487175,0.0570183355524237,0.6392791728839068,-0.4061386145503981,-0.0765037102724933,111763.22,111825.16,110918.26,2172.27313,-0.40612295335210213,True,
2025-08-27 04:00:00,110725.18,BULLISH_SINGULARITY,long,0.6,-0.3744866570999202,0.0677060100386067,0.5261567965420816,-0.9288010867363452,-0.0765037102724933,111418.15,111737.26,110622.5,1809.80294,-0.9287869776616781,True,
2025-08-27 20:00:00,111262.01,BEARISH_SINGULARITY,short,0.7,0.5315121968672527,-0.050391659494089,0.7481286805715702,-0.4190327491875477,-0.0765037102724933,112080.68,112452.05,110921.79,2603.73903,-0.4190232432912356,True,
2025-08-28 00:00:00,112000.01,BEARISH_SINGULARITY,short,0.7,0.6228681623718062,-0.0849772542968496,0.38527995455796854,0.2184379910521423,0.5477121377377486,111262.01,112042.04,110862.42,1203.77782,0.21844664469153047,True,
2025-08-28 04:00:00,113114.11,BEARISH_SINGULARITY,short,0.7,0.6656782316141232,-0.1159608534360241,0.817583264615477,1.0983246959790205,0.5477121377377486,112000.0,113360.0,111945.07,2481.91862,1.0983325850712489,True,
2025-08-28 08:00:00,112909.18,BEARISH_SINGULARITY,short,0.7,0.6737575505002432,-0.136815789679834,0.47501260804026413,0.8272843110425572,0.5477121377377486,113114.11,113351.51,112826.22,1419.04336,0.8272914234575367,True,
2025-08-28 12:00:00,112678.53,BEARISH_SINGULARITY,short,0.7,0.652081059323314,-0.1495768647783813,1.0509701468803228,0.5618098071604894,0.5477121377377486,112909.18,113485.9,112391.56,3088.9335,0.5618162214638037,True,
2025-08-28 16:00:00,111901.36,BEARISH_SINGULARITY,short,0.7,0.5172077569394516,-0.1454252815639488,0.6411084836338397,-0.1192520539962437,0.5477121377377486,112678.53,113186.56,111901.35,1813.29699,-0.11924628915948293,True,
2025-08-28 20:00:00,112566.9,BEARISH_SINGULARITY,short,0.7,0.3561697536914833,-0.1316469636920373,0.41351997900940585,0.4293819428363782,0.5477121377377486,111901.36,112575.98,111872.06,1097.30715,0.4293871849204796,True,
2025-08-30 08:00:00,108680.01,BULLISH_SINGULARITY,long,0.6,-0.7713245495928104,0.1538493748967691,0.5385779558990268,-1.4059121904988707,-0.3457639667035008,108524.26,108777.43,108400.0,1416.9539,-1.4059100645445342,True,
2025-08-30 12:00:00,108869.98,BULLISH_SINGULARITY,long,0.6,-0.7277703400945494,0.1401944094079916,0.5885642363758226,-1.11740183317743,-0.3457639667035008,108680.01,108926.15,108190.52,1540.53972,-1.1173999017973228,True,
2025-08-30 16:00:00,108828.33,BULLISH_SINGULARITY,long,0.6,-0.6933734792857912,0.1171216925296003,0.26348618721172634,-1.0463602229357367,-0.3457639667035008,108869.98,108900.0,108625.46,677.58629,-1.0463584723150974,True,
2025-08-30 20:00:00,108816.33,BULLISH_SINGULARITY,long,0.6,-0.6499194763126628,0.0935760121256518,0.31773525095792976,-0.9575430473934144,-0.3457639667035008,108828.32,108838.27,108468.77,776.84909,-0.9575414604790123,True,
2025-08-31 00:00:00,109223.84,BULLISH_SINGULARITY,long,0.6,-0.5760261711056902,0.0655039960753078,0.7206988869860957,-0.5310622106991942,-0.3457639667035008,108816.33,109480.02,108801.35,1756.83146,-0.5310607679308984,True,
2025-08-31 04:00:00,108708.26,BULLISH_SINGULARITY,long,0.6,-0.422744464374906,0.0413572439110956,0.4974993314729847,-0.9061639364283008,-0.3457639667035008,109223.84,109231.41,108523.49,1177.25929,-0.9061626347486557,True,
2025-09-01 16:00:00,109217.64,BULLISH_SINGULARITY,long,0.6,-0.4760740318065498,0.023287612135092,0.6667709059605984,0.0768788612337959,,108784.33,109329.65,108391.3,1553.15049,0.0768793980885909,True,
2025-09-02 04:00:00,110233.92,BULLISH_SINGULARITY,long,0.6,-0.3576406308179115,0.0319296818965584,0.9440195664875175,0.8092558500509085,,110322.19,110610.5,110000.0,1952.71608,0.8092562497844566,True,
2025-09-03 04:00:00,111099.88,BEARISH_SINGULARITY,short,0.7,0.397710678091797,-0.0338642574229575,0.6434622572335598,0.9727907018013596,,111054.0,111151.99,110528.71,1539.69973,0.9727909200673257,True,
2025-09-03 08:00:00,111437.77,BEARISH_SINGULARITY,short,0.7,0.4166636808538325,-0.03224186132157,0.63628929280795,1.156577787009389,,111099.87,111708.0,110889.29,1514.83708,1.156577984606703,True,
2025-09-03 12:00:00,112222.74,BEARISH_SINGULARITY,short,0.7,0.4336833685097903,-0.0302216211978624,1.420357788248189,1.688109731974864,,111437.77,112500.0,111031.61,3550.00487,1.6881099113734306,True,
2025-09-03 16:00:00,112193.74,BEARISH_SINGULARITY,short,0.7,0.5228213463087743,-0.0275396173639849,0.7774210970317674,1.5011863936988366,,112222.73,112575.27,111686.24,1957.30873,1.5011865554574395,True,
2025-09-03 20:00:00,111705.71,BEARISH_SINGULARITY,short,0.7,0.6539744280970713,-0.0316288378347989,0.38814924551638824,0.9577804443957648,,112193.74,112250.0,111613.98,948.2535,0.9577805898184905,True,
2025-09-04 00:00:00,111148.97,BEARISH_SINGULARITY,short,0.7,0.8149550890482373,-0.0412074301939662,0.6046358005979585,0.4111339992211268,-0.3485976966180825,111705.72,112180.0,111136.0,1484.75903,0.41113413002503896,True,
2025-09-04 04:00:00,110463.36,BEARISH_SINGULARITY,short,0.7,0.9059228787005932,-0.0523018742665059,0.9153657794991216,-0.1884457700500473,-0.3485976966180825,111148.97,111318.84,110279.68,2293.72804,-0.18844565238699962,True,
2025-09-04 08:00:00,110810.0,BEARISH_SINGULARITY,short,0.7,0.9870372456691516,-0.0662296119138201,0.5195106195374984,0.11287218088573,-0.3485976966180825,110463.36,111154.93,110415.72,1251.00126,0.11287228765146831,True,
2025-09-04 12:00:00,109510.31,BEARISH_SINGULARITY,short,0.7,0.9595783107924732,-0.0707098421747679,1.2658511858862884,-0.961241815925747,-0.3485976966180825,110810.0,111123.99,109329.12,3057.95062,-0.9612417202678799,True,
2025-09-04 16:00:00,109799.99,BEARISH_SINGULARITY,short,0.7,0.85410119092831,-0.0610143945247236,0.8978365284025687,-0.6330867638622139,-0.3485976966180825,109510.32,110218.39,109363.26,2124.63495,-0.6330866769699766,True,
2025-09-04 20:00:00,110730.87,BEARISH_SINGULARITY,short,0.7,0.7003169128914906,-0.046460143218319,0.8463131209436908,0.1893669312733992,-0.3485976966180825,109800.0,111765.31,109755.59,1991.06146,0.18936701052508573,True,
2025-09-05 00:00:00,111311.77,BEARISH_SINGULARITY,short,0.7,0.4716210894862228,-0.0257522419508708,0.7062758632570026,0.646433512856428,0.7188476720878467,110730.87,111482.09,110435.75,1665.5758,0.646433584838426,True,
2025-09-05 20:00:00,110659.99,BEARISH_SINGULARITY,short,0.7,0.6097920520830333,-0.0270096743746095,1.0098942366255668,-0.2832215897663522,0.7188476720878467,111614.54,111700.0,110375.6,2510.84487,-0.28322154667543453,True,
2025-09-06 00:00:00,111082.22,BEARISH_SINGULARITY,short,0.7,0.6998876732829364,-0.0436367636543797,0.3338275052059753,0.0879834864340256,0.7188476720878467,110660.0,111307.7,110552.56,800.18218,0.08798352556255501,True,
2025-09-06 04:00:00,110825.6,BEARISH_SINGULARITY,short,0.7,0.7680319494154517,-0.059430208663915,0.29243294796864916,-0.1296138230555878,0.7188476720878467,111082.23,111082.23,110687.69,687.98406,-0.12961378772573218,True,
2025-09-06 08:00:00,110781.02,BEARISH_SINGULARITY,short,0.7,0.7834969066484352,-0.0756687592709099,0.2739010339112355,-0.1536416975829831,0.7188476720878467,110825.59,110968.0,110675.58,621.90211,-0.1536416656204021,True,
2025-09-06 12:00:00,110384.15,BEARISH_SINGULARITY,short,0.7,0.7301231025153798,-0.0859443872761429,0.3959197004013461,-0.4628650675322376,0.7188476720878467,110781.03,110999.83,110358.11,886.00942,-0.4628650386892261,True,
2025-09-06 16:00:00,110038.41,BEARISH_SINGULARITY,short,0.7,0.5917108993894648,-0.0857561533279768,0.6235897639813041,-0.7013736559302258,0.7188476720878467,110384.16,110402.0,109977.0,1391.66059,-0.7013736298774821,True,
2025-09-06 20:00:00,110187.97,BEARISH_SINGULARITY,short,0.7,0.3697256523198328,-0.0749375642637005,0.293819384925858,-0.5127434711790338,0.7188476720878467,110038.42,110282.82,110034.44,612.56061,-0.5127434475499828,True,
2025-09-07 16:00:00,111259.99,BULLISH_SINGULARITY,long,0.6,-0.5524373245307223,0.0274058909445968,0.4876118254795937,0.336463787349699,0.7188476720878467,111329.99,111371.35,110861.2,940.48526,0.3364638017806783,True,
2025-09-07 20:00:00,111137.34,BULLISH_SINGULARITY,long,0.6,-0.558368483498322,0.0341460379838687,0.47684447132106234,0.2043015855579856,0.7188476720878467,111259.99,111600.0,111001.45,867.49224,0.20430159859459313,True,
2025-09-08 00:00:00,111052.11,BULLISH_SINGULARITY,long,0.6,-0.4829804285247015,0.0370007702263392,0.9462725283319072,0.115303347996729,-0.4892648008094987,111137.35,111372.0,110621.78,1701.47085,0.11530335977984917,True,
2025-09-08 04:00:00,111280.39,BULLISH_SINGULARITY,long,0.6,-0.4857472183584772,0.0325742096291457,0.7535990928123307,0.2904316074213888,-0.4892648008094987,111052.11,111609.04,110899.69,1330.12513,0.2904316180976915,True,
2025-09-08 16:00:00,112097.31,BULLISH_SINGULARITY,long,0.6,-0.5504470292120278,0.0343338309090238,0.9442892785149065,0.7198448021069589,-0.4892648008094987,112631.74,112670.06,111978.67,1681.81458,0.7198448100239001,True,
2025-09-08 20:00:00,112065.23,BULLISH_SINGULARITY,long,0.6,-0.5542317892088254,0.0399649473789373,0.836673400334305,0.6247981100586496,-0.4892648008094987,112097.31,112512.71,111896.0,1127.08021,0.6247981172101297,True,
2025-09-12 20:00:00,116029.42,BULLISH_SINGULARITY,long,0.6,-0.5603252051864925,0.0270855472927339,0.8438159030817044,1.510545775020022,-0.2267614449091906,116632.51,116632.51,115752.68,2125.91492,1.5105457756564442,True,
2025-09-13 00:00:00,115957.0,BULLISH_SINGULARITY,long,0.6,-0.6129528151397056,0.0488287180228995,0.892426910246084,1.3075581808454784,-0.2267614449091906,116029.41,116298.78,115576.26,2254.31226,1.3075581814193478,True,
2025-09-13 04:00:00,115778.71,BULLISH_SINGULARITY,long,0.6,-0.6465978818855268,0.0679158472818818,0.4262905693784213,1.04095607714425,-0.2267614449091906,115957.0,115957.01,115657.81,1062.2047,1.040956077661537,True,
2025-09-13 08:00:00,115974.11,BULLISH_SINGULARITY,long,0.6,-0.629643360780302,0.0830258692239649,0.4975662848722725,1.0948405692220853,-0.2267614449091906,115778.72,116166.71,115767.33,1228.90503,1.0948405696898211,True,
2025-09-13 12:00:00,115768.68,BULLISH_SINGULARITY,long,0.6,-0.5286965672850125,0.0938720992511303,0.568754822874369,0.8278289775796952,-0.2267614449091906,115974.11,116060.0,115603.98,1373.33567,0.8278289780013954,True,
2025-09-13 16:00:00,115797.12,BULLISH_SINGULARITY,long,0.6,-0.3960923756474586,0.0973581579198135,0.6722445669006868,0.7707728431078822,-0.2267614449091906,115768.68,115817.37,115127.27,1589.96184,0.7707728434888934,True,
2025-09-18 12:00:00,117583.56,LOW_OSCILLATION,long,0.6,-0.7607988833733069,0.007054367018813,1.0642264629514093,1.0321734160653966,-0.3946251610726672,117063.41,117843.83,116977.59,2416.33194,1.032173416086114,True,
2025-09-18 16:00:00,117450.21,BULLISH_SINGULARITY,long,0.6,-0.8932457374573024,0.0295487700779963,0.8361055147219159,0.8294793318084985,-0.3946251610726672,117583.56,117900.0,117196.33,1828.6235,0.8294793318271914,True,
2025-09-18 20:00:00,117073.53,BULLISH_SINGULARITY,long,0.6,-0.9863690255242752,0.0545538079575373,0.6529802063964203,0.4576834170126261,-0.3946251610726672,117450.21,117657.17,116612.03,1375.21725,0.45768341702947235,True,
2025-09-19 00:00:00,116977.58,BULLISH_SINGULARITY,long,0.6,-0.9899285288805456,0.0790377616187847,0.6380706630574847,0.3394821755709293,0.3133477898420416,117073.53,117459.99,116871.61,1326.38784,0.3394821755861466,True,
2025-09-19 04:00:00,116909.97,BULLISH_SINGULARITY,long,0.6,-0.9537670492615472,0.0913135809952151,0.7289035824244772,0.2546118714673609,0.3133477898420416,116977.58,117100.0,116633.86,1538.09106,0.25461187148111003,True,
2025-09-19 08:00:00,116394.72,BULLISH_SINGULARITY,long,0.6,-0.8556381998726509,0.0967570602956352,0.5842007910564682,-0.1694324125437696,0.3133477898420416,116909.98,117090.36,116300.0,1243.82831,-0.1694324125313845,True,
2025-09-19 16:00:00,115125.12,BULLISH_SINGULARITY,long,0.6,-0.6501879955248384,0.0911574481144616,0.6513305603654788,-1.0880432130502196,0.3133477898420416,115884.03,116136.0,115112.58,1413.65495,-1.088043213040153,True,
2025-09-19 20:00:00,115632.38,BULLISH_SINGULARITY,long,0.6,-0.5802467880938101,0.0857744385991045,0.39052670745935963,-0.5904715355502772,0.3133477898420416,115125.13,115657.28,115100.0,812.25284,-0.5904715355411239,True,
2025-09-20 00:00:00,115445.0,BULLISH_SINGULARITY,long,0.6,-0.5958317618672219,0.0822376835839874,0.3643659414484349,-0.6804723855932961,0.3133477898420416,115632.39,115730.41,115408.47,717.06298,-0.6804723855850274,True,
2025-09-20 04:00:00,115968.56,BULLISH_SINGULARITY,long,0.6,-0.6707447704064823,0.0746480388076519,0.3906684285135758,-0.208180446884632,0.3133477898420416,115445.0,115985.2,115409.08,759.46126,-0.20818044687710954,True,
2025-09-20 08:00:00,115894.06,BULLISH_SINGULARITY,long,0.6,-0.7966076931956015,0.0717596178118271,0.4172236173545329,-0.2464199452344344,0.3133477898420416,115968.56,115968.57,115664.11,793.04586,-0.24641994522762498,True,
2025-09-20 12:00:00,115986.69,BULLISH_SINGULARITY,long,0.6,-0.9102830352200922,0.072832781954379,0.4602568676654739,-0.1508391213033856,0.3133477898420416,115894.05,116121.81,115804.47,836.91424,-0.15083912129721896,True,
2025-09-20 16:00:00,115702.0,BULLISH_SINGULARITY,long,0.6,-1.015880013178614,0.0797150193472613,0.504464070448046,-0.3583479683129673,0.3133477898420416,115986.7,116079.46,115698.08,898.20806,-0.358347968307398,True,
2025-09-20 20:00:00,115685.63,BULLISH_SINGULARITY,long,0.6,-1.0819323204582336,0.0902917940495702,0.40095074126737235,-0.3370942367887557,0.3133477898420416,115702.0,115944.7,115603.42,670.23512,-0.3370942367837081,True,
2025-09-21 00:00:00,115669.41,BULLISH_SINGULARITY,long,0.6,-1.1262067882008593,0.0989525503458196,0.6424170944329632,-0.3177389439150231,0.3133477898420416,115685.63,115732.94,115441.83,919.05922,-0.3177389439104479,True,
2025-09-21 04:00:00,115815.97,BULLISH_SINGULARITY,long,0.6,-1.0574036866519858,0.1076440216851182,0.5966227853286702,-0.1732352308141749,0.3133477898420416,115669.42,115815.98,115487.56,806.9398,-0.17323523081003042,True,
2025-09-21 08:00:00,115603.45,BULLISH_SINGULARITY,long,0.6,-0.9035021869254742,0.1072343627307967,0.6357014781627034,-0.3225805354432762,0.3133477898420416,115815.98,115819.06,115329.03,786.85295,-0.3225805354395367,True,
2025-09-21 12:00:00,115531.61,BULLISH_SINGULARITY,long,0.6,-0.7129643708577235,0.0967452388276653,0.5680222694109844,-0.3480297095835837,0.3133477898420416,115603.45,115747.23,115473.19,671.3204,-0.3480297095801941,True,
2025-09-21 16:00:00,115480.05,BULLISH_SINGULARITY,long,0.6,-0.5045964088949538,0.0794161234200658,0.6718564819010923,-0.3552544408971592,0.3133477898420416,115531.62,115665.52,115209.02,781.11646,-0.35525444089409386,True,
2025-09-21 20:00:00,115232.29,BULLISH_SINGULARITY,long,0.6,-0.3528546309540486,0.0546827682151681,0.510919113441992,-0.5151250010111857,0.3133477898420416,115480.05,115545.43,115188.0,546.23336,-0.5151250010084111,True,
2025-09-25 04:00:00,111766.72,BEARISH_SINGULARITY,short,0.7,0.3510707379084591,-0.0295471339627648,1.1394473566140793,-1.1685439198078695,0.1550379492523906,112546.22,112614.43,111450.42,2930.2095,-1.1685439198074752,True,
2025-09-25 08:00:00,111348.0,BEARISH_SINGULARITY,short,0.7,0.4214387853350161,-0.0380891695500196,0.9035166338853362,-1.394294230365318,0.1550379492523906,111766.73,112246.46,111283.63,2287.76235,-1.3942942303649621,True,
2025-09-25 12:00:00,111580.77,BEARISH_SINGULARITY,short,0.7,0.5070226708389441,-0.0496845122315624,1.9693185870677123,-1.076221234229083,0.1550379492523906,111347.99,111729.52,110629.99,4734.75828,-1.0762212342287514,True,
2025-09-25 16:00:00,109360.0,BEARISH_SINGULARITY,short,0.7,0.5323354265241772,-0.054402660995467,2.396064240912296,-2.763087032572207,0.1550379492523906,111580.77,111672.58,108631.51,6129.42446,-2.7630870325719172,True,
2025-09-25 20:00:00,108994.49,BEARISH_SINGULARITY,short,0.7,0.4373635635805704,-0.0513889115625864,0.8406212402499301,-2.802217159046668,0.1550379492523906,109360.0,109685.72,108765.0,2099.3808,-2.802217159046403,True,
2025-09-29 00:00:00,111857.51,BEARISH_SINGULARITY,short,0.7,0.3545264632503546,-0.0385408225756717,1.4502426865555131,1.3122172096902152,0.1814357834513707,112163.96,112310.0,111588.07,2297.47362,1.3122172096902287,True,
2025-09-29 04:00:00,111865.95,BEARISH_SINGULARITY,short,0.7,0.4846996733810367,-0.0435349792202885,1.1658785597962793,1.1926612474796052,0.1814357834513707,111857.51,111904.34,111560.65,1831.36016,1.1926612474796185,True,
2025-09-29 08:00:00,112100.0,BEARISH_SINGULARITY,short,0.7,0.5401670490544025,-0.0487019765743164,1.3621454891352491,1.2689325061637664,0.1814357834513707,111865.96,112421.99,111865.95,2126.24195,1.2689325061637797,True,
2025-09-29 12:00:00,113815.57,BEARISH_SINGULARITY,short,0.7,0.6336521972194467,-0.0554111125529606,3.0485202637188324,2.543464809475803,0.1814357834513707,112100.0,114231.56,111901.26,5064.79852,2.543464809475803,True,
2025-09-29 16:00:00,114265.55,BEARISH_SINGULARITY,short,0.7,0.7654088730390721,-0.0667504741253252,1.6330018236225865,2.660561794171433,0.1814357834513707,113815.57,114390.93,113449.74,2716.40525,2.6605617941714335,True,
2025-09-29 20:00:00,114311.96,BEARISH_SINGULARITY,short,0.7,0.9161678580449188,-0.0803390648847629,0.954491533365113,2.4386243930813967,0.1814357834513707,114265.56,114400.0,114020.0,1504.84055,2.4386243930813967,True,
2025-09-30 00:00:00,114376.39,BEARISH_SINGULARITY,short,0.7,1.089785759909492,-0.0982000101149772,1.5622726100430362,2.253256319309817,-0.2840928576798882,114311.97,114792.0,114040.35,2494.38118,2.253256319309817,True,
2025-09-30 04:00:00,113699.23,BEARISH_SINGULARITY,short,0.7,1.2600666099399618,-0.1154327497961524,1.3930374742413105,1.4885944846419727,-0.2840928576798882,114376.39,114376.4,113585.0,2326.82117,1.4885944846419727,True,
2025-09-30 08:00:00,113055.01,BEARISH_SINGULARITY,short,0.7,1.3735266099817551,-0.1268854709870958,1.6287028316353922,0.8258357279552061,-0.2840928576798882,113699.24,113741.37,112656.27,2869.29172,0.8258357279552061,True,
2025-09-30 12:00:00,113106.16,BEARISH_SINGULARITY,short,0.7,1.379625782682854,-0.1270135844836061,1.5284525719064228,0.7878034774445656,-0.2840928576798882,113055.0,113677.23,112866.11,2840.28661,0.7878034774445656,True,
2025-09-30 16:00:00,114359.99,BEARISH_SINGULARITY,short,0.7,1.3705655696021868,-0.1239028513095225,1.3226652530434286,1.720521478279649,-0.2840928576798882,113106.15,114563.46,112800.0,2535.88761,1.720521478279649,True,
2025-09-30 20:00:00,114048.93,BEARISH_SINGULARITY,short,0.7,1.3234538981341706,-0.116896847008322,1.0096637392635288,1.3045384113659209,-0.2840928576798882,114359.99,114754.87,113765.42,1977.48804,1.3045384113659209,True,
2025-10-01 00:00:00,114176.92,BEARISH_SINGULARITY,short,0.7,1.2398046064634378,-0.1059442618754087,1.0056236723616,1.2814262044638058,0.0052288705599092,114048.94,114551.76,113966.67,2042.57116,1.2814262044638058,True,
2025-10-01 04:00:00,114539.02,BEARISH_SINGULARITY,short,0.7,1.0845764652309156,-0.0856251378977006,0.9469262567596733,1.447788351170229,0.0052288705599092,114176.93,114740.0,114151.0,1996.43364,1.447788351170229,True,
2025-10-01 08:00:00,116789.58,BEARISH_SINGULARITY,short,0.7,0.948272888419297,-0.0700604772395167,2.2412637385032337,3.103224857309015,0.0052288705599092,114539.02,116795.85,114484.43,5217.93036,3.103224857309015,True,
2025-10-01 12:00:00,117423.73,BEARISH_SINGULARITY,short,0.7,0.8725464229301639,-0.0615394506683987,1.7890298226649457,3.302675326543381,0.0052288705599092,116789.57,117649.99,116363.38,4518.346,3.3026753265433815,True,
2025-10-01 16:00:00,117439.53,BEARISH_SINGULARITY,short,0.7,0.8078627687139808,-0.057113081544154,1.4268999300460412,2.9912626202935244,0.0052288705599092,117423.73,118199.0,116724.56,3814.32316,2.9912626202935244,True,
2025-10-01 20:00:00,118594.99,BEARISH_SINGULARITY,short,0.7,0.7844386533177055,-0.0600652452736593,0.8969065053352752,3.609416068955319,0.0052288705599092,117439.53,118649.1,117163.25,2446.79084,3.6094160689553187,True,
2025-10-02 00:00:00,118733.99,BEARISH_SINGULARITY,short,0.7,0.8085336274810345,-0.0671246226435213,1.4556526703061958,3.363581430149296,-0.2073326101824496,118594.99,119456.92,118368.05,4187.34775,3.3635814301492957,True,
2025-10-02 04:00:00,118489.76,BEARISH_SINGULARITY,short,0.7,0.8425842163215977,-0.0752711937217649,0.6264832229402423,2.8423457976991173,-0.2073326101824496,118733.99,118930.29,118279.31,1772.36438,2.8423457976991173,True,
2025-10-02 08:00:00,118765.73,BEARISH_SINGULARITY,short,0.7,0.8449341568802928,-0.0811807728382564,0.5238269893064658,2.780200170005313,-0.2073326101824496,118489.76,118926.49,118354.61,1460.00845,2.780200170005313,True,
2025-10-02 12:00:00,119910.78,BEARISH_SINGULARITY,short,0.7,0.826689970412964,-0.0840132971853564,1.7281875066569399,3.399764054661556,-0.2073326101824496,118765.72,119910.79,118516.39,5099.16626,3.399764054661556,True,
2025-10-02 16:00:00,120836.49,BEARISH_SINGULARITY,short,0.7,0.819648588776154,-0.0865371825324028,1.5769228133114217,3.7830736598385326,-0.2073326101824496,119910.78,121022.07,119359.63,4869.11141,3.7830736598385326,True,
2025-10-02 20:00:00,120529.35,BEARISH_SINGULARITY,short,0.7,0.8039971536499956,-0.087923244402594,0.7742020968685157,3.17347371092946,-0.2073326101824496,120836.49,120914.0,120072.46,2282.83678,3.17347371092946,True,
2025-10-03 00:00:00,120225.89,BEARISH_SINGULARITY,short,0.7,0.7854121384093111,-0.0860687116237975,0.7752788697193159,2.6289196226364537,0.4916139186254188,120529.35,120550.9,119820.0,2268.65523,2.6289196226364537,True,
2025-10-03 04:00:00,119640.21,BEARISH_SINGULARITY,short,0.7,0.7233403263556512,-0.0792823028435962,0.773482447233619,1.922307162467383,0.4916139186254188,120225.88,120324.53,119610.59,2293.91523,1.922307162467383,True,
2025-10-03 08:00:00,120334.5,BEARISH_SINGULARITY,short,0.7,0.5989826190717772,-0.0661096742425397,1.1502998488343945,2.2689381381843785,0.4916139186254188,119640.22,120515.89,119248.3,3467.40526,2.2689381381843785,True,
2025-10-03 12:00:00,122258.05,BEARISH_SINGULARITY,short,0.7,0.4727867217797255,-0.0513254156654321,1.5676431566364253,3.5188453753540814,0.4916139186254188,120334.51,122366.0,119881.24,4929.42106,3.5188453753540814,True,
2025-10-03 16:00:00,122660.99,BEARISH_SINGULARITY,short,0.7,0.3746813651402899,-0.0379070403604678,2.7200078107952175,3.479611243593237,0.4916139186254188,122258.04,123894.99,121466.25,9447.66952,3.479611243593237,True,
2025-10-06 08:00:00,124215.0,BULLISH_SINGULARITY,long,0.6,-0.358772814620885,0.0317321601380146,0.9239220199335617,1.5902444387512076,-0.4259269128290524,123390.47,124531.66,123390.46,2768.21181,1.5902444387512076,True,
2025-10-06 20:00:00,124658.54,BULLISH_SINGULARITY,long,0.6,-0.4498326766750868,0.0375610650813551,0.7248137989961472,1.363739209093396,-0.4259269128290524,125410.8,125534.0,124511.15,2200.63705,1.363739209093396,True,
2025-10-07 00:00:00,124329.74,BULLISH_SINGULARITY,long,0.6,-0.4585713910852601,0.036352081152581,0.6686714772110123,0.9909296880156406,-0.0166619081435165,124658.54,125082.27,124101.26,1773.60979,0.9909296880156406,True,
2025-10-07 04:00:00,123667.99,BULLISH_SINGULARITY,long,0.6,-0.49311589958738,0.0384144740916478,0.9097686839223857,0.410043286389077,-0.0166619081435165,124329.74,124654.47,123567.6,2455.2259,0.410043286389077,True,
2025-10-07 08:00:00,124453.38,BULLISH_SINGULARITY,long,0.6,-0.4971863007577235,0.0387465995614905,0.8940515484116474,0.9469983873452312,-0.0166619081435165,123668.0,124509.6,123322.9,2444.73415,0.9469983873452313,True,
2025-10-07 20:00:00,121332.95,BULLISH_SINGULARITY,long,0.6,-0.6859973595598463,0.0669887729653505,0.5729369045228989,-1.2313066797506675,-0.0166619081435165,121637.18,122292.62,121258.08,1873.51346,-1.2313066797506675,True,
2025-10-08 00:00:00,121374.75,BULLISH_SINGULARITY,long,0.6,-0.7998449514421886,0.0839733532231595,0.725324811584146,-1.0844901357736785,-0.0590898389468006,121332.96,122229.66,121200.0,2406.76826,-1.0844901357736783,True,
2025-10-08 04:00:00,121597.06,BULLISH_SINGULARITY,long,0.6,-0.9385280171126962,0.1031085048867523,0.7826769111610912,-0.8179900583773193,-0.0590898389468006,121374.76,121910.24,121066.14,2670.85944,-0.8179900583773193,True,
2025-10-08 20:00:00,123306.0,BULLISH_SINGULARITY,long,0.6,-1.1820305516245275,0.122373571983172,0.43826977021093355,0.4705671459445507,-0.0590898389468006,123450.01,123737.0,122794.4,1357.35135,0.4705671459445507,True,
2025-10-09 00:00:00,122038.01,BULLISH_SINGULARITY,long,0.6,-1.1283233185051662,0.1070751565641385,0.7496409177858124,-0.5092916838218468,-0.0237296550319637,123306.01,123348.32,121475.98,2319.17839,-0.5092916838218468,True,
2025-10-09 04:00:00,121906.1,BULLISH_SINGULARITY,long,0.6,-1.0889938294787709,0.0898054496225981,0.4687808666094385,-0.5584127538062013,-0.0237296550319637,122038.01,122264.0,121724.71,1451.1479,-0.5584127538062013,True,
2025-10-09 08:00:00,122737.57,BULLISH_SINGULARITY,long,0.6,-1.0120484837776624,0.0687430316171926,0.8735394094876858,0.1084109429318103,-0.0237296550319637,121906.09,122833.02,121145.49,2689.44106,0.10841094293181032,True,
2025-10-09 20:00:00,121662.4,BULLISH_SINGULARITY,long,0.6,-1.0727866329312752,0.047349262206055,0.7029685281033357,-0.4878627792796837,-0.0237296550319637,120951.72,121900.0,120838.0,2359.47103,-0.4878627792796837,True,
2025-10-10 00:00:00,121026.01,BULLISH_SINGULARITY,long,0.6,-1.176065891299746,0.0601372673616499,0.649500633664997,-0.9132294355885552,0.2334909150241095,121662.41,121874.13,120900.0,2094.68145,-0.9132294355885553,True,
2025-10-10 04:00:00,120932.05,BULLISH_SINGULARITY,long,0.6,-1.3107464307688876,0.0830153299448867,0.7913243256902585,-0.8967016055365403,0.2334909150241095,121026.0,121754.34,120855.41,2566.54979,-0.8967016055365403,True,
2025-10-10 08:00:00,121554.55,BULLISH_SINGULARITY,long,0.6,-1.3488160110950247,0.1041364462369272,0.4807111226382789,-0.3498785618082296,0.2334909150241095,120932.05,121777.07,120916.44,1553.83694,-0.3498785618082296,True,
2025-10-11 08:00:00,112280.0,BULLISH_SINGULARITY,long,0.6,-0.8758325997322012,0.1150317123623627,0.9490983771030373,-4.962947658420422,0.2334909150241095,110384.6,112359.67,110162.23,5929.13992,-4.962947658420422,True,
2025-10-11 12:00:00,111793.2,BULLISH_SINGULARITY,long,0.6,-0.8447300815358614,0.1081384138945614,0.5845425843928906,-4.888107977496802,0.2334909150241095,112280.01,112500.0,111793.2,3681.24351,-4.888107977496802,True,
2025-10-11 16:00:00,111178.31,BULLISH_SINGULARITY,long,0.6,-0.8108935148762021,0.1000459788748027,0.49949607387108563,-4.921251874566858,0.2334909150241095,111793.21,112185.53,110865.82,3138.91159,-4.921251874566858,True,
2025-10-11 20:00:00,110644.4,BULLISH_SINGULARITY,long,0.6,-0.7804251521884239,0.0921523517443423,0.636878998415674,-4.890720350133526,0.2334909150241095,111178.3,111368.29,109561.59,4022.93209,-4.890720350133526,True,
2025-10-12 00:00:00,110676.0,BULLISH_SINGULARITY,long,0.6,-0.760613996794238,0.0853118960872154,0.7517249172673295,-4.420838396534811,0.2334909150241095,110644.4,111368.14,109565.06,4785.58424,-4.420838396534811,True,
2025-10-12 04:00:00,111525.2,BULLISH_SINGULARITY,long,0.6,-0.738994409383716,0.077694330453327,0.4244549640511518,-3.348044043086487,0.2334909150241095,110676.0,112125.51,110617.1,2731.29761,-3.348044043086487,True,
2025-10-12 08:00:00,111848.36,BULLISH_SINGULARITY,long,0.6,-0.70935152898148,0.0727664847375291,0.4351508726136527,-2.78392698448238,0.2334909150241095,111525.19,112133.33,111139.87,2810.82095,-2.7839269844823793,True,
2025-10-12 16:00:00,114342.28,BULLISH_SINGULARITY,long,0.6,-0.5838088629594316,0.057255151788044,0.9431674584410835,-0.4196159682087397,0.2334909150241095,113198.2,114700.0,113198.2,6635.34892,-0.41961596820873975,True,
2025-10-12 20:00:00,114958.8,BULLISH_SINGULARITY,long,0.6,-0.4743549610162679,0.0448121781438318,0.8933645906755225,0.1061254376625061,0.2334909150241095,114342.28,115770.0,114217.75,6271.83436,0.1061254376625061,True,
2025-10-14 04:00:00,111724.41,BEARISH_SINGULARITY,short,0.7,0.3837534893151854,-0.0518228549553347,1.2572069854416188,-2.4033028540879244,,113500.0,113691.0,111355.01,6286.29915,-2.4033028540879244,True,
2025-10-14 08:00:00,111313.98,BEARISH_SINGULARITY,short,0.7,0.3614174731652726,-0.0477651310035879,1.1267612355125112,-2.5053916125309343,,111724.41,112140.0,110012.24,5281.83478,-2.5053916125309343,True,
2025-10-15 16:00:00,111271.73,BEARISH_SINGULARITY,short,0.7,0.4297820636288065,-0.02041737060043,0.6845568670096801,-1.5058182488318377,,110798.01,111557.7,110164.0,3317.74779,-1.5058182488318375,True,
2025-10-15 20:00:00,110763.28,BEARISH_SINGULARITY,short,0.7,0.5093442891269465,-0.0283309893803268,0.5337401703158565,-1.772909957812374,,111271.73,111556.27,110500.0,2410.40374,-1.7729099578123741,True,
2025-10-16 00:00:00,111329.48,BEARISH_SINGULARITY,short,0.7,0.6041714305593175,-0.0389602693242103,0.6285609449878707,-1.151157849737742,-0.1074373568872375,110763.28,111867.17,110361.0,2715.42468,-1.151157849737742,True,
2025-10-16 04:00:00,110584.2,BEARISH_SINGULARITY,short,0.7,0.6663942061016785,-0.0494786214714479,0.7442672541105334,-1.6430687880453887,-0.1074373568872375,111329.48,111773.7,110553.19,3097.1426,-1.6430687880453887,True,
2025-10-16 08:00:00,111404.72,BEARISH_SINGULARITY,short,0.7,0.7366026082921666,-0.062159356865172,1.2519072423131905,-0.8270143864911308,-0.1074373568872375,110584.21,111728.7,109635.15,5282.11808,-0.8270143864911308,True,
2025-10-16 12:00:00,108549.21,BEARISH_SINGULARITY,short,0.7,0.7665790035672789,-0.0704657463396816,1.8503868433506054,-3.0579566203056965,-0.1074373568872375,111404.73,111982.45,108361.69,8252.81169,-3.0579566203056965,True,
2025-10-16 16:00:00,108197.66,BEARISH_SINGULARITY,short,0.7,0.7526674189288631,-0.0733591446106339,1.7773268113938387,-3.060609263389728,-0.1074373568872375,108549.21,109254.0,107577.57,8255.26892,-3.060609263389728,True,
2025-10-16 20:00:00,108194.28,BEARISH_SINGULARITY,short,0.7,0.7042657426134887,-0.069953525200349,0.5031505085765907,-2.779973827555619,-0.1074373568872375,108197.67,108500.0,107427.0,2254.40655,-2.779973827555619,True,
2025-10-17 00:00:00,109176.74,BEARISH_SINGULARITY,short,0.7,0.690185698954993,-0.06765081190483,0.5454268128901983,-1.7195902738486892,-0.1830327934496225,108194.27,109240.0,107934.4,2417.89309,-1.7195902738486892,True,
2025-10-17 04:00:00,105633.75,BEARISH_SINGULARITY,short,0.7,0.6551103425138806,-0.0617073905378139,1.6857404581024493,-4.462314865902274,-0.1830327934496225,109176.74,109236.01,105542.09,8020.07533,-4.462314865902274,True,
2025-10-17 08:00:00,105683.72,BEARISH_SINGULARITY,short,0.7,0.5832107950349553,-0.0527006316749446,2.6340680275935764,-4.013325818822744,-0.1830327934496225,105633.75,106651.22,103528.23,13908.33322,-4.013325818822744,True,
2025-10-17 12:00:00,106803.53,BEARISH_SINGULARITY,short,0.7,0.5292008899858973,-0.043814074777972,1.4645416646776606,-2.718663795093284,-0.1830327934496225,105683.71,106852.14,104533.21,7847.34313,-2.718663795093284,True,
2025-10-17 16:00:00,106454.72,BEARISH_SINGULARITY,short,0.7,0.4982713634244897,-0.0367269385335699,0.7403591429583637,-2.75516398206753,-0.1830327934496225,106803.52,107575.6,106071.42,3916.46744,-2.75516398206753,True,
2025-10-17 20:00:00,106431.68,BEARISH_SINGULARITY,short,0.7,0.49095158796742,-0.0322937590817379,0.3605870581070626,-2.518468525104233,-0.1830327934496225,106457.24,107440.02,106342.47,1810.55617,-2.518468525104233,True,
2025-10-18 00:00:00,107070.4,BEARISH_SINGULARITY,short,0.7,0.4995706540964485,-0.0347178791801181,0.5579015895941808,-1.7525483879322905,-0.1830327934496225,106431.68,107306.06,106322.2,2668.3034,-1.7525483879322905,True,
2025-10-18 04:00:00,106665.0,BEARISH_SINGULARITY,short,0.7,0.5153408248525874,-0.0397696644827768,0.6174394660159471,-1.9261019920377247,-0.1830327934496225,107070.41,107499.0,106439.38,2976.33507,-1.9261019920377254,True,
2025-10-18 08:00:00,107208.6,BEARISH_SINGULARITY,short,0.7,0.5602094015851565,-0.0481685423751324,0.49081057217268237,-1.2922036919403193,-0.1830327934496225,106665.01,107222.0,106605.93,2336.72819,-1.2922036919403193,True,
2025-10-18 12:00:00,106948.75,BEARISH_SINGULARITY,short,0.7,0.6020516664675726,-0.0588125745898761,0.30591833700144705,-1.3876211521064634,-0.1830327934496225,107208.61,107300.0,106739.33,1425.61863,-1.3876211521064634,True,
2025-10-18 16:00:00,107080.14,BEARISH_SINGULARITY,short,0.7,0.6456972663336857,-0.0691941054068366,0.20157309308972793,-1.1472399706408232,-0.1830327934496225,106948.75,107091.87,106484.0,911.25891,-1.1472399706408232,True,
2025-10-18 20:00:00,107185.01,BEARISH_SINGULARITY,short,0.7,0.697209995046165,-0.0781929005687787,0.19022834893212306,-0.9513385451313006,-0.1830327934496225,107080.14,107339.03,106851.84,804.94346,-0.9513385451313006,True,
2025-10-19 00:00:00,107275.78,BEARISH_SINGULARITY,short,0.7,0.7593394842984679,-0.0868035931032172,0.2569182839865265,-0.7854926484139723,-0.1830327934496225,107185.0,107367.16,106734.17,1058.1121,-0.7854926484139723,True,
2025-10-19 04:00:00,106786.0,BEARISH_SINGULARITY,short,0.7,0.7789157479337384,-0.0913800377871504,0.30716713571534704,-1.1218418484143784,-0.1830327934496225,107275.79,107290.0,106558.61,1247.19589,-1.1218418484143784,True,
2025-10-19 08:00:00,107783.47,BEARISH_SINGULARITY,short,0.7,0.763691959855655,-0.0921804266749053,1.2111382825971577,-0.1793917554558667,-0.1830327934496225,106786.0,108260.5,106103.36,5059.55867,-0.17939175545586675,True,
2025-10-19 12:00:00,108486.7,BEARISH_SINGULARITY,short,0.7,0.7475262114797756,-0.0894560790776122,0.8649022915716255,0.4267515960774907,-0.1830327934496225,107783.47,108621.68,107355.02,3636.47308,0.4267515960774907,True,
2025-10-19 16:00:00,108908.43,BEARISH_SINGULARITY,short,0.7,0.7601951966741639,-0.0866850015149199,0.5983789883136338,0.7387507616874506,-0.1830327934496225,108486.71,109450.07,108240.0,2430.56297,0.7387507616874506,True,
2025-10-19 20:00:00,108642.78,BEARISH_SINGULARITY,short,0.7,0.776651947808593,-0.0808684154261448,0.5460874204873566,0.445863854630624,-0.1830327934496225,108908.43,109370.99,108471.1,2048.76152,0.445863854630624,True,
2025-10-20 00:00:00,110145.44,BEARISH_SINGULARITY,short,0.7,0.8051311136876981,-0.0779627102781288,1.0455365694406515,1.6574775380648392,0.0997443714116462,108642.77,110427.86,107402.52,3683.55508,1.6574775380648392,True,
2025-10-20 04:00:00,111169.92,BEARISH_SINGULARITY,short,0.7,0.847561876374259,-0.0835227759428315,1.0995272271616228,2.349279987581028,0.0997443714116462,110145.45,111445.67,109951.96,3967.97672,2.3492799875810273,True,
2025-10-20 08:00:00,111016.75,BEARISH_SINGULARITY,short,0.7,0.8911757829517468,-0.092012648125587,0.9432642124307166,1.993759212975743,0.0997443714116462,111169.91,111679.25,110608.27,3452.86704,1.993759212975743,True,
2025-10-20 12:00:00,111144.55,BEARISH_SINGULARITY,short,0.7,0.9471754994990474,-0.1018362630551237,0.8816218236144319,1.9062753000477,0.0997443714116462,111016.75,111705.56,110588.23,3006.20504,1.9062753000477002,True,
2025-10-20 16:00:00,110803.22,BEARISH_SINGULARITY,short,0.7,0.9943324881289094,-0.1114737940906918,1.281484694638985,1.439387848470714,0.0997443714116462,111144.55,111303.05,109855.83,3716.65669,1.4393878484707139,True,
2025-10-20 20:00:00,110532.09,BEARISH_SINGULARITY,short,0.7,1.0473424555762867,-0.1221047836217504,0.5303053419799716,1.0765046169710395,0.0997443714116462,110803.22,111272.0,110418.25,1366.18103,1.0765046169710395,True,
2025-10-21 00:00:00,109059.22,BEARISH_SINGULARITY,short,0.7,1.0755584459032352,-0.1284377986693904,0.9620624732692545,-0.2446809010390571,-0.2849848418852939,110532.09,110532.09,109052.09,2405.81342,-0.2446809010390571,True,
2025-10-21 04:00:00,108086.37,BEARISH_SINGULARITY,short,0.7,1.03594449332416,-0.1253010303850135,1.8558284137665602,-1.0275957718673725,-0.2849848418852939,109059.23,109059.23,107473.72,4930.3268,-1.0275957718673723,True,
2025-10-21 08:00:00,108580.01,BEARISH_SINGULARITY,short,0.7,0.8458172473205453,-0.1035649692538062,1.118598662311113,-0.521048534167739,-0.2849848418852939,108086.38,108811.47,107484.22,2989.72657,-0.521048534167739,True,
2025-10-21 12:00:00,113422.61,BEARISH_SINGULARITY,short,0.7,0.7199190683685799,-0.0874028149674401,3.307540779786577,3.5295685121396034,-0.2849848418852939,108580.0,113557.62,107922.06,10002.10737,3.5295685121396034,True,
2025-10-21 16:00:00,111780.39,BEARISH_SINGULARITY,short,0.7,0.6628542964588156,-0.0811218395212252,3.1162015490698027,1.8336522128381223,-0.2849848418852939,113422.6,114000.0,111324.29,10731.47816,1.8336522128381223,True,
2025-10-21 20:00:00,108297.67,BEARISH_SINGULARITY,short,0.7,0.5542879525616616,-0.0708817534276,1.6758230474806761,-1.213167490812123,-0.2849848418852939,111780.4,111801.41,108045.81,6168.56427,-1.213167490812123,True,
2025-10-22 00:00:00,108216.02,BEARISH_SINGULARITY,short,0.7,0.4273188580587018,-0.0542403762229392,1.2510702060105625,-1.1664442945669125,0.2124200108776399,108297.66,108678.21,107841.2,4851.56459,-1.1664442945669125,True,
2025-10-25 12:00:00,111385.18,BULLISH_SINGULARITY,long,0.6,-0.4940561544651324,0.0358168080032636,0.4374737906767873,0.9117939753908286,0.0635494151304427,111563.81,111943.19,111311.19,1254.08497,0.9117939753908286,True,
2025-10-25 16:00:00,111623.45,BULLISH_SINGULARITY,long,0.6,-0.5489718742485907,0.0564976745507966,0.3549927572383025,1.0191690753026583,0.0635494151304427,111385.18,111731.78,111164.39,963.51944,1.0191690753026583,True,
2025-10-25 20:00:00,111646.27,BULLISH_SINGULARITY,long,0.6,-0.5580744784193863,0.0750678211711047,0.2411298176031565,0.9398598286369134,0.0635494151304427,111623.46,111683.64,111342.25,565.73827,0.9398598286369134,True,
2025-10-26 00:00:00,111260.46,BULLISH_SINGULARITY,long,0.6,-0.5482925430701895,0.0907750928993703,0.4673277578538588,0.5344563188040257,0.0635494151304427,111646.27,111899.56,111260.45,1026.78183,0.5344563188040257,True,
2025-10-26 04:00:00,111723.98,BULLISH_SINGULARITY,long,0.6,-0.4856211271711869,0.1032422698869818,0.32720457844908435,0.8617189637715246,0.0635494151304427,111260.46,111724.96,111260.46,665.50994,0.8617189637715246,True,
2025-10-27 04:00:00,115554.6,BEARISH_SINGULARITY,short,0.7,0.5635786734067567,-0.0261097873077355,2.5116524763777908,2.7953354212535064,0.099309174300762,114958.52,116400.0,114938.01,5478.9455,2.7953354212535064,True,
2025-10-27 08:00:00,115362.02,BEARISH_SINGULARITY,short,0.7,0.6471977151611932,-0.0574967000869222,1.6168692007404466,2.3681947387800344,0.099309174300762,115554.59,115607.48,114814.69,3701.92326,2.3681947387800344,True,
2025-10-27 12:00:00,114969.68,BEARISH_SINGULARITY,short,0.7,0.6960858661834098,-0.078207018595902,1.8888132966414475,1.8241513003147285,0.099309174300762,115362.02,115437.48,114503.99,4493.43933,1.8241513003147285,True,
2025-10-27 16:00:00,114942.64,BEARISH_SINGULARITY,short,0.7,0.7068940261194882,-0.094977830561045,0.9437499183136332,1.625967434634534,0.099309174300762,114969.68,115790.0,114790.81,2258.20754,1.6259674346345339,True,
2025-10-27 20:00:00,114107.65,BEARISH_SINGULARITY,short,0.7,0.6744007146266308,-0.1010926654869251,1.003641973378769,0.8024923886922951,0.099309174300762,114942.64,114942.64,113830.01,2236.06411,0.8024923886922951,True,
2025-10-28 00:00:00,113908.24,BEARISH_SINGULARITY,short,0.7,0.5454039269054655,-0.099998408053635,0.9648749571734407,0.5663452714793538,0.0195261288139464,114107.65,114547.2,113569.91,2184.14279,0.5663452714793538,True,
2025-10-28 04:00:00,114188.37,BEARISH_SINGULARITY,short,0.7,0.3513465707660994,-0.0867750380629698,0.9589838377304196,0.7356022321412874,0.0195261288139464,113908.25,114364.99,113483.3,2190.6787,0.7356022321412874,True,
2025-10-29 00:00:00,112523.49,BULLISH_SINGULARITY,long,0.6,-0.5317131044882326,0.0476636930820534,0.7824450007836176,-0.7878362826509133,-0.0488904886812853,112898.44,112975.75,112100.0,2076.22141,-0.7878362826509133,True,
2025-10-29 04:00:00,113577.9,BULLISH_SINGULARITY,long,0.6,-0.6187223732627701,0.067123571002485,0.7468266972334671,0.1283131116713864,-0.0488904886812853,112523.49,113577.9,112505.58,2036.63326,0.1283131116713864,True,
2025-10-29 08:00:00,113132.36,BULLISH_SINGULARITY,long,0.6,-0.6545116681169261,0.0772091040541701,0.71045731656746,-0.2393401761938027,-0.0488904886812853,113577.9,113624.12,112732.91,1970.99326,-0.23934017619380274,True,
2025-10-29 20:00:00,110021.29,BULLISH_SINGULARITY,long,0.6,-0.7488821773457242,0.0861511200160883,0.8362479646610524,-2.37323599002445,-0.0488904886812853,110640.0,111800.0,109733.22,2647.63091,-2.37323599002445,True,
2025-10-30 00:00:00,110751.47,BULLISH_SINGULARITY,long,0.6,-0.813600360585873,0.0902694459546554,0.7284757617128346,-1.563568413331913,-0.6961170127471943,110021.3,111011.99,109703.43,2342.18582,-1.563568413331913,True,
2025-10-30 08:00:00,109717.29,BULLISH_SINGULARITY,long,0.6,-0.8991081571405254,0.081567501423564,0.8911687385598726,-2.165708622877658,-0.6961170127471943,111366.72,111467.01,109692.3,2970.54213,-2.165708622877658,True,
2025-10-30 20:00:00,108322.88,BULLISH_SINGULARITY,long,0.6,-1.3100644967334554,0.1146984020971043,0.9489162882590423,-2.3703449777881893,-0.6961170127471943,106536.39,108334.53,106316.17,3182.96112,-2.3703449777881893,True,
2025-10-31 08:00:00,110415.61,BULLISH_SINGULARITY,long,0.6,-1.573483517026893,0.1592333568138066,0.6909683603076989,-0.200683466244956,0.5210861421828454,109449.32,110550.0,109214.13,2439.82294,-0.200683466244956,True,
2025-10-31 20:00:00,109608.01,BULLISH_SINGULARITY,long,0.6,-1.3493742553822017,0.1427948836548183,0.3565324683151745,-0.7497378995306675,0.5210861421828454,109828.78,109828.79,109329.15,1327.90342,-0.7497378995306675,True,
2025-11-01 00:00:00,110226.37,BULLISH_SINGULARITY,long,0.6,-1.189347817842085,0.1268904044306391,0.363758529496377,-0.1717654821753201,0.5210861421828454,109608.01,110315.54,109394.81,1329.53082,-0.17176548217532017,True,
2025-11-01 04:00:00,110071.4,BULLISH_SINGULARITY,long,0.6,-0.982166168205454,0.1081862089142744,0.3578896858238109,-0.2824750717378658,0.5210861421828454,110226.38,110564.49,109933.86,1273.91172,-0.28247507173786585,True,
2025-11-01 08:00:00,110137.59,BULLISH_SINGULARITY,long,0.6,-0.7761346188129552,0.0862976810758562,0.3211719998604731,-0.2013623645881008,0.5210861421828454,110071.4,110270.9,109854.72,1127.98746,-0.20136236458810083,True,
2025-11-01 12:00:00,110310.65,BULLISH_SINGULARITY,long,0.6,-0.5680605599599166,0.0644936202031474,0.4379618913606324,-0.0403070759926184,0.5210861421828454,110137.59,110348.0,109702.66,1527.00509,-0.0403070759926184,True,
2025-11-01 16:00:00,110299.99,BULLISH_SINGULARITY,long,0.6,-0.3954129938649354,0.0430032462187638,0.361501136733048,-0.0452102076985847,0.5210861421828454,110310.65,110529.99,110192.0,1247.33562,-0.045210207698584706,True,
2025-11-05 04:00:00,101993.02,BULLISH_SINGULARITY,long,0.6,-0.5655567054124931,0.0576097980534551,0.8713904498771712,-3.374574099568871,0.2803366026196298,102130.0,102370.0,101500.0,4661.84078,-3.374574099568871,True,
2025-11-05 08:00:00,102070.61,BULLISH_SINGULARITY,long,0.6,-0.6183198288935928,0.0663689777538433,0.6521208305330114,-2.9960994177766502,0.2803366026196298,101993.03,102203.48,101176.47,3577.50149,-2.9960994177766502,True,
2025-11-05 20:00:00,103885.16,BULLISH_SINGULARITY,long,0.6,-0.4588140887374688,0.0529772121474642,0.4646376668442248,-0.9433760697332416,0.2803366026196298,104008.09,104534.74,103305.05,2687.89833,-0.9433760697332415,True,
2025-11-07 04:00:00,102010.0,BEARISH_SINGULARITY,short,0.7,0.4377364619830858,-0.0307974567151348,0.5228239330819034,-1.3456810908817765,0.1186002827979388,101916.3,102527.0,101582.92,3062.61099,-1.3456810908817765,True,
2025-11-07 08:00:00,100411.89,BEARISH_SINGULARITY,short,0.7,0.4208447950904195,-0.0345147219112082,1.1031211520720758,-2.623088763740093,0.1186002827979388,102009.99,102050.0,99803.58,6600.41114,-2.623088763740093,True,
2025-11-07 12:00:00,100797.95,BEARISH_SINGULARITY,short,0.7,0.3789886917903661,-0.0281926665565665,1.4355931402027777,-2.038902417210143,0.1186002827979388,100411.89,101253.99,99260.86,8633.01674,-2.038902417210143,True,
2025-11-07 16:00:00,103395.25,BEARISH_SINGULARITY,short,0.7,0.3643733489927186,-0.0258317958227414,1.1227131983826366,0.4388774767772667,0.1186002827979388,100797.95,103395.25,100517.06,6836.56812,0.43887747677726674,True,
2025-11-07 20:00:00,103339.08,BEARISH_SINGULARITY,short,0.7,0.3890507978691494,-0.0298433565337603,0.5048012502792113,0.347585031064008,0.1186002827979388,103395.92,104096.36,102958.0,2961.28871,0.34758503106400807,True,
2025-11-08 00:00:00,102592.76,BEARISH_SINGULARITY,short,0.7,0.452377796932306,-0.0378224146954587,0.45200347924303147,-0.3413356748965712,0.1186002827979388,103339.09,103406.22,102539.49,2401.80651,-0.34133567489657124,True,
2025-11-08 04:00:00,102352.96,BEARISH_SINGULARITY,short,0.7,0.5285223698471574,-0.0509137827118385,0.4249808848278083,-0.5198687630953264,0.1186002827979388,102592.76,102836.0,101902.64,2041.96251,-0.5198687630953264,True,
2025-11-08 08:00:00,101857.1,BEARISH_SINGULARITY,short,0.7,0.6184230428594395,-0.0644529655402308,0.4229561428328855,-0.9072660862255636,0.1186002827979388,102352.96,102687.72,101715.76,1838.21057,-0.9072660862255636,True,
2025-11-08 12:00:00,101711.45,BEARISH_SINGULARITY,short,0.7,0.7116227882368346,-0.0764980335947912,0.7180056095202474,-0.9500110123080148,0.1186002827979388,101857.1,102186.99,101454.0,3063.13156,-0.9500110123080148,True,
2025-11-08 16:00:00,101989.65,BEARISH_SINGULARITY,short,0.7,0.78650640133168,-0.0866544092182244,0.5056640581704214,-0.6148129460543353,0.1186002827979388,101711.46,102219.39,101522.08,2120.40711,-0.6148129460543353,True,
2025-11-08 20:00:00,102312.94,BEARISH_SINGULARITY,short,0.7,0.8500460951394818,-0.095184468094005,0.23589897100441942,-0.2713057652898398,0.1186002827979388,101989.65,102482.2,101957.94,925.26159,-0.27130576528983985,True,
2025-11-09 00:00:00,101662.05,BEARISH_SINGULARITY,short,0.7,0.8892657770131208,-0.0973376407175341,0.5741873713393693,-0.8202005268441683,0.1186002827979388,102312.95,102337.89,101400.0,2156.33613,-0.8202005268441683,True,
2025-11-09 04:00:00,101944.59,BEARISH_SINGULARITY,short,0.7,0.8976916593417478,-0.094269815572531,0.2996789214006263,-0.4929520938161689,0.1186002827979388,101662.05,102130.61,101635.96,1101.66332,-0.49295209381616895,True,
2025-11-09 08:00:00,102239.41,BEARISH_SINGULARITY,short,0.7,0.8645597807665872,-0.0841050844294322,0.5101730691411793,-0.1856765755913353,0.1186002827979388,101944.6,102307.68,101500.0,1825.56978,-0.1856765755913353,True,
2025-11-09 12:00:00,103762.17,BEARISH_SINGULARITY,short,0.7,0.8379705066673881,-0.0716887271255121,1.2793195830384492,1.1756061086734748,0.1186002827979388,102239.41,104168.0,102050.64,4687.64884,1.1756061086734748,True,
2025-11-09 16:00:00,104805.57,BEARISH_SINGULARITY,short,0.7,0.8574827502303841,-0.065274647608194,0.7690908382758446,1.980004253006295,0.1186002827979388,103762.18,104805.57,103316.23,2824.51417,1.980004253006295,True,
2025-11-09 20:00:00,104722.96,BEARISH_SINGULARITY,short,0.7,0.8767014928406581,-0.0633856415520846,1.0617095575204112,1.7156012955949076,0.1186002827979388,104805.57,105495.62,104058.59,3743.23872,1.7156012955949076,True,
2025-11-10 00:00:00,106027.97,BEARISH_SINGULARITY,short,0.7,0.9348336347931884,-0.0700397387824621,1.8325127151913254,2.6913804356280955,-0.1677449655695531,104722.95,106670.11,104265.02,6501.34292,2.6913804356280955,True,
2025-11-10 04:00:00,106461.45,BEARISH_SINGULARITY,short,0.7,1.0641097410885472,-0.0858018440413919,0.7671736984164703,2.806596544315936,-0.1677449655695531,106027.97,106539.4,105846.26,2684.13909,2.806596544315936,True,
2025-11-10 08:00:00,106176.5,BEARISH_SINGULARITY,short,0.7,1.2352109998388758,-0.1128597140155864,0.6893652031060056,2.2848320238277453,-0.1677449655695531,106461.46,106599.47,105836.0,2356.44228,2.2848320238277453,True,
2025-11-10 12:00:00,105079.99,BEARISH_SINGULARITY,short,0.7,1.3467653899018257,-0.138200727466469,1.610948873066641,1.110212082270009,-0.1677449655695531,106176.5,106589.89,104667.0,5720.78074,1.110212082270009,True,
2025-11-10 16:00:00,105817.99,BEARISH_SINGULARITY,short,0.7,1.407664437392826,-0.1590542430351416,0.8206073555022515,1.6441162334626762,-0.1677449655695531,105079.99,106094.31,104784.36,2756.40939,1.6441162334626762,True,
2025-11-10 20:00:00,106011.13,BEARISH_SINGULARITY,short,0.7,1.3916534791418875,-0.1715961476673603,0.8701676886267541,1.65250728312298,-0.1677449655695531,105818.0,106299.22,105280.0,2663.14231,1.6525072831229801,True,
2025-11-11 00:00:00,106456.0,BEARISH_SINGULARITY,short,0.7,1.3615265738259832,-0.1794638839864605,1.6641939269156418,1.8773609844497448,,106011.13,107500.0,105500.0,4935.02762,1.8773609844497454,True,
2025-11-11 04:00:00,104783.98,BEARISH_SINGULARITY,short,0.7,1.24074297061142,-0.1717612282339804,1.1116501905944833,0.2507826718053397,,106456.0,106546.0,104741.2,3316.23424,0.2507826718053397,True,
2025-11-11 08:00:00,105311.9,BEARISH_SINGULARITY,short,0.7,1.1080871458309391,-0.1574571160793507,0.6110541370051449,0.6833846708458835,,104783.99,105497.99,104762.23,1804.62899,0.6833846708458835,True,
2025-11-11 12:00:00,103455.99,BEARISH_SINGULARITY,short,0.7,0.9220776203725278,-0.1311250382039788,2.687223482891502,-0.9880830255968978,,105311.9,105500.0,103170.33,8851.069,-0.9880830255968978,True,
2025-11-11 16:00:00,103126.39,BEARISH_SINGULARITY,short,0.7,0.71356061754066,-0.0951870372423481,0.7653258608764207,-1.180845428307992,,103455.99,103730.0,102840.22,2547.95909,-1.180845428307992,True,
2025-11-11 20:00:00,103058.99,BEARISH_SINGULARITY,short,0.7,0.5000697906683597,-0.0557790445978401,0.8274818654927114,-1.128156079378812,,103126.39,103224.29,102476.09,2741.58824,-1.128156079378812,True,
2025-11-14 20:00:00,94594.0,BULLISH_SINGULARITY,long,0.6,-0.5349142812520392,0.1026769750755011,0.9443282652090031,-5.129130515566972,-0.3772198347292073,95778.3,95940.0,94012.45,5157.63008,-5.129130515566972,True,
2025-11-15 00:00:00,96417.12,BULLISH_SINGULARITY,long,0.6,-0.5830565602164893,0.10056606268188,0.7881659511245503,-2.9957415519349144,-0.3772198347292073,94594.0,96846.68,94558.49,4376.79077,-2.9957415519349144,True,
2025-11-15 04:00:00,96333.86,BULLISH_SINGULARITY,long,0.6,-0.5695396354511432,0.0898206965373195,0.4589262660143857,-2.794417689511832,-0.3772198347292073,96417.12,96570.65,95921.21,2543.94362,-2.794417689511832,True,
2025-11-15 08:00:00,95696.87,BULLISH_SINGULARITY,long,0.6,-0.5406427003397817,0.0739298706978444,0.4227347070105922,-3.12003552572119,-0.3772198347292073,96333.87,96350.52,95630.0,2336.22638,-3.12003552572119,True,
2025-11-15 12:00:00,96260.0,BULLISH_SINGULARITY,long,0.6,-0.4815885752046997,0.0518417679635491,0.36017586359309905,-2.312708267439658,-0.3772198347292073,95696.86,96471.22,95565.17,1987.28578,-2.312708267439658,True,
2025-11-15 16:00:00,96012.01,BULLISH_SINGULARITY,long,0.6,-0.4332730294149426,0.0257246378646062,0.3460650137606526,-2.325829393678316,-0.3772198347292073,96259.99,96419.65,95731.32,1880.65231,-2.325829393678316,True,
2025-11-16 12:00:00,94573.46,LOW_OSCILLATION,long,0.6,-0.5188932433712748,-0.0080016045715345,0.5144444084564758,-2.697275029048208,-0.3772198347292073,95627.13,95900.0,94368.24,2546.31874,-2.697275029048208,True,
2025-11-16 16:00:00,94020.0,LOW_OSCILLATION,long,0.6,-0.5689232746216395,0.0004733228104925,1.724554899295272,-2.964816172568695,-0.3772198347292073,94573.46,95567.79,93770.48,9045.25375,-2.964816172568695,True,
2025-11-17 00:00:00,95496.77,BULLISH_SINGULARITY,long,0.6,-0.7613328296449674,0.0310866910670712,0.8559347347418327,-1.0734631251294615,0.0309730454025458,94261.45,95559.99,93767.27,4124.53725,-1.0734631251294615,True,
2025-11-17 04:00:00,95653.77,BULLISH_SINGULARITY,long,0.6,-0.8338684622554619,0.0442054185512893,0.8147971061565912,-0.8247947516868073,0.0309730454025458,95496.77,95880.0,94849.37,3839.84656,-0.8247947516868073,True,
2025-11-17 08:00:00,95565.38,BULLISH_SINGULARITY,long,0.6,-0.8351658708634958,0.0496634827900962,0.743920034867855,-0.8298832133732073,0.0309730454025458,95653.78,96026.71,95309.68,3415.65942,-0.8298832133732073,True,
2025-11-18 16:00:00,93195.61,BULLISH_SINGULARITY,long,0.6,-0.8977068392011436,0.0794953742546216,0.9240605538533991,-0.8812743156700605,0.0487072105848831,92910.1,93836.01,92579.23,4917.36921,-0.8812743156700605,True,
2025-11-18 20:00:00,92960.83,BULLISH_SINGULARITY,long,0.6,-0.8674365838475835,0.0857670368062937,0.44331060439703085,-1.02436730457413,0.0487072105848831,93195.61,93423.74,92462.72,2367.49581,-1.02436730457413,True,
2025-11-19 00:00:00,91874.52,BULLISH_SINGULARITY,long,0.6,-0.8205629292535005,0.0900466656754236,0.5676510278135175,-1.9773606356944229,-0.1555305664678972,92960.83,92980.22,91660.49,3065.15376,-1.9773606356944227,True,
2025-11-19 08:00:00,91410.22,BULLISH_SINGULARITY,long,0.6,-0.5747006870980291,0.084789721753855,0.45256275887351693,-2.074287650078936,-0.1555305664678972,91863.64,91950.0,91072.41,2540.86239,-2.074287650078936,True,
2025-11-20 12:00:00,89869.88,BEARISH_SINGULARITY,short,0.7,0.5756264075183853,-0.0474477909280258,1.0232145861052302,-2.527697090165747,0.0754370710347444,91934.01,92541.92,89835.34,6162.85424,-2.527697090165747,True,
2025-11-22 16:00:00,84609.76,BEARISH_SINGULARITY,short,0.7,0.3924795902945873,-0.0223453170419141,0.1856669033538673,-2.2734327767285176,0.0227674905200357,84284.01,84899.0,84219.62,1351.08151,-2.2734327767285176,True,
2025-11-22 20:00:00,84739.74,BEARISH_SINGULARITY,short,0.7,0.4923652234492678,-0.0472118030129103,0.23941081119313076,-1.92497575229712,0.0227674905200357,84609.77,85260.0,84237.7,1690.41438,-1.9249757522971196,True,
2025-11-23 00:00:00,86308.54,BEARISH_SINGULARITY,short,0.7,0.5872380089443301,-0.0709110455975043,0.586983418150157,-0.0988985621339177,0.0227674905200357,84739.75,86349.84,84667.57,4004.15131,-0.09889856213391773,True,
2025-11-23 04:00:00,85782.19,BEARISH_SINGULARITY,short,0.7,0.666297148792744,-0.0870655883478409,0.43771667719344454,-0.641132645426209,0.0227674905200357,86308.54,86860.0,85420.0,2913.01357,-0.641132645426209,True,
2025-11-23 08:00:00,86331.28,BEARISH_SINGULARITY,short,0.7,0.7316734543485985,-0.0958800507862898,0.31805931857490977,-0.0046492488138028,0.0227674905200357,85782.18,86465.24,85768.22,2087.40357,-0.004649248813802839,True,
2025-11-23 12:00:00,87087.44,BEARISH_SINGULARITY,short,0.7,0.7977883974887496,-0.0997999745690892,0.5302296527157068,0.787567760984613,0.0227674905200357,86331.28,87244.51,86271.1,3471.36676,0.787567760984613,True,
2025-11-23 16:00:00,87325.01,BEARISH_SINGULARITY,short,0.7,0.8714400369390081,-0.1019729180295198,0.5647737687815152,0.96034768201974,0.0227674905200357,87087.44,87689.47,86502.47,3711.9574,0.9603476820197401,True,
2025-11-23 20:00:00,86830.0,BEARISH_SINGULARITY,short,0.7,0.9307595892562373,-0.1000961878654718,0.5505684973105135,0.3509581723270096,0.0227674905200357,87325.01,88127.64,86701.54,3546.57157,0.35095817232700965,True,
2025-11-24 00:00:00,87460.02,BEARISH_SINGULARITY,short,0.7,1.0508786200617692,-0.0985259083545385,0.7473740379865549,0.9753111968722036,0.092783294647941,86830.0,88059.44,85946.65,4318.16094,0.9753111968722035,True,
2025-11-24 04:00:00,87050.39,BEARISH_SINGULARITY,short,0.7,1.2099104244009793,-0.1037206840728109,0.5759127615593909,0.454317485150547,0.092783294647941,87460.03,87837.57,86450.0,3276.3396,0.454317485150547,True,
2025-11-24 08:00:00,86264.72,BEARISH_SINGULARITY,short,0.7,1.3057234295153826,-0.1146701564898851,0.6287741123801397,-0.4094265646055206,0.092783294647941,87050.39,87050.39,85696.56,3484.50939,-0.4094265646055206,True,
2025-11-24 12:00:00,86616.44,BEARISH_SINGULARITY,short,0.7,1.3270642121269562,-0.1224219721976412,0.9155202904784084,-0.0030528264821203,0.092783294647941,86264.71,86741.5,85272.0,4635.50962,-0.0030528264821203057,True,
2025-11-24 16:00:00,88327.29,BEARISH_SINGULARITY,short,0.7,1.3455782342183469,-0.1323192885196782,1.3183240146413457,1.7809263454650357,0.092783294647941,86616.44,88834.62,86616.43,6003.91247,1.7809263454650357,True,
2025-11-24 20:00:00,88300.01,BEARISH_SINGULARITY,short,0.7,1.3588586849588469,-0.145171348604755,0.8296394971472524,1.580239997718784,0.092783294647941,88327.29,89228.0,88252.5,2944.69593,1.580239997718784,True,
2025-11-25 00:00:00,87822.12,BEARISH_SINGULARITY,short,0.7,1.357736547719111,-0.1576755442408006,0.7666442905798085,0.9314211791374196,0.2675909836310672,88300.01,88300.01,87457.53,2506.39849,0.9314211791374195,True,
2025-11-25 04:00:00,87384.81,BEARISH_SINGULARITY,short,0.7,1.3153668557616438,-0.1659237427980161,0.9457601363491657,0.3878337734152082,0.2675909836310672,87822.12,88519.99,87300.0,3032.60485,0.38783377341520825,True,
2025-11-25 08:00:00,87361.71,BEARISH_SINGULARITY,short,0.7,1.2303411764272942,-0.168740638025162,1.053131692561778,0.3267748237750891,0.2675909836310672,87384.81,87606.57,86666.0,3402.11161,0.3267748237750891,True,
2025-11-25 12:00:00,86988.94,BEARISH_SINGULARITY,short,0.7,1.0907935181131974,-0.1626283607718157,1.4557053445062424,-0.0916763810342904,0.2675909836310672,87361.71,87792.2,86116.0,4897.6285,-0.09167638103429043,True,
2025-11-25 16:00:00,86882.85,BEARISH_SINGULARITY,short,0.7,0.9116375042592056,-0.1436790695269989,0.9611819749803725,-0.1932264142852121,0.2675909836310672,86988.93,88155.65,86182.49,3228.35208,-0.19322641428521217,True,
2025-11-25 20:00:00,87369.96,BEARISH_SINGULARITY,short,0.7,0.7327565450572121,-0.1183566480196823,0.7461841484748045,0.3313364634925169,0.2675909836310672,86882.84,87889.38,86565.48,2499.94557,0.33133646349251694,True,
2025-11-26 00:00:00,87119.92,BEARISH_SINGULARITY,short,0.7,0.5488938880377114,-0.0865393581924731,0.6584954006199814,0.0399914225264339,0.0849445647580447,87369.97,88224.0,87069.97,2235.2732,0.03999142252643399,True,
2025-11-26 04:00:00,87935.05,BEARISH_SINGULARITY,short,0.7,0.4136970307788524,-0.0599978684004199,0.5376129497774514,0.8822338474226581,0.0849445647580447,87119.93,87970.0,86909.99,1828.65169,0.8822338474226581,True,
2025-11-27 12:00:00,90958.3,BEARISH_SINGULARITY,short,0.7,0.4132114086226846,-0.0381134065340951,0.8140791561480606,2.364775720011847,,91371.87,91457.36,90438.43,2921.51001,2.364775720011847,True,
2025-11-27 16:00:00,91528.21,BEARISH_SINGULARITY,short,0.7,0.4654249377900183,-0.0551910819789484,0.6460606991854743,2.712089208022792,,90958.29,91843.59,90850.77,2279.61546,2.712089208022792,True,
2025-11-27 20:00:00,91333.95,BEARISH_SINGULARITY,short,0.7,0.4856384247613806,-0.0649081115487814,0.3254880852804345,2.251212497437288,,91528.22,91600.0,91114.52,1090.79164,2.2512124974372876,True,
2025-11-28 00:00:00,91208.85,BEARISH_SINGULARITY,short,0.7,0.4568015219302461,-0.0688928462386054,0.6131912659024863,1.906263574973976,,91333.94,91417.99,90652.55,1930.05393,1.9062635749739758,True,
2025-11-28 04:00:00,90910.87,BEARISH_SINGULARITY,short,0.7,0.3861125427018761,-0.0614257167895505,0.6056603605363127,1.4213638195465412,,91208.85,91707.79,90867.43,1873.92377,1.4213638195465412,True,
2025-12-02 04:00:00,87012.65,BULLISH_SINGULARITY,long,0.6,-0.955169635744526,0.0949578368861826,0.6123891049634337,-1.3686312615514895,-0.1818226538357692,86977.0,87288.48,86818.14,1733.23534,-1.3686312615514897,True,
2025-12-04 20:00:00,92078.06,BULLISH_SINGULARITY,long,0.6,-0.4692798638821703,0.034841628230658,0.4430829164879887,0.4686056059987062,-0.2879716661395171,91975.43,92718.53,91688.92,1814.83969,0.4686056059987062,True,
2025-12-05 00:00:00,92142.75,BULLISH_SINGULARITY,long,0.6,-0.5183133776637644,0.0441196424791976,0.4429617224785224,0.4875885808681472,-0.0427699750940138,92078.06,92692.36,91959.92,1751.29187,0.48758858086814727,True,
2025-12-05 04:00:00,92258.65,BULLISH_SINGULARITY,long,0.6,-0.5743592402305543,0.0497430948246998,0.360941485003295,0.555185573726405,-0.0427699750940138,92142.75,92497.51,91813.37,1387.19156,0.555185573726405,True,
2025-12-05 08:00:00,91351.43,BULLISH_SINGULARITY,long,0.6,-0.6428161602385143,0.0561523723766079,0.6394909372893519,-0.3924830588454186,-0.0427699750940138,92258.64,92258.65,90956.25,2431.69816,-0.3924830588454186,True,
2025-12-05 20:00:00,89330.04,BULLISH_SINGULARITY,long,0.6,-0.8968496784325853,0.1038122908340978,0.6249654478211264,-2.058519245389641,-0.0427699750940138,89629.27,89745.37,88901.6,2371.09012,-2.058519245389641,True,
2025-12-06 00:00:00,89688.35,BULLISH_SINGULARITY,long,0.6,-0.9589750119454796,0.1264359753400598,0.4297188305972293,-1.509427489145872,-0.0427699750940138,89330.04,89806.43,89030.67,1531.03301,-1.509427489145872,True,
2025-12-06 04:00:00,89597.13,BULLISH_SINGULARITY,long,0.6,-0.9457403125707564,0.1473376737708787,0.22763601698842484,-1.4585406636840468,-0.0427699750940138,89688.35,89764.19,89459.19,769.5235,-1.4585406636840468,True,
2025-12-06 08:00:00,89631.28,BULLISH_SINGULARITY,long,0.6,-0.8331552764413022,0.1605742736647993,0.46520753449408575,-1.287392201289671,-0.0427699750940138,89597.14,89750.01,89217.59,1504.70502,-1.287392201289671,True,
2025-12-06 12:00:00,89758.77,BULLISH_SINGULARITY,long,0.6,-0.689568912063241,0.159311770295343,0.6598834548719814,-1.0388832435211786,-0.0427699750940138,89631.29,90289.97,89490.98,2052.08066,-1.0388832435211786,True,
2025-12-06 16:00:00,89405.64,BULLISH_SINGULARITY,long,0.6,-0.5282981922858132,0.1462118463867322,0.48715378888810856,-1.2939565841761655,-0.0427699750940138,89758.77,89981.2,89077.6,1483.59614,-1.2939565841761655,True,
2025-12-06 20:00:00,89236.79,BULLISH_SINGULARITY,long,0.6,-0.3827231667383645,0.1250356232809376,0.3853863236490551,-1.3412744727716082,-0.0427699750940138,89405.65,89615.34,88908.01,1068.56183,-1.3412744727716082,True,
2025-12-08 08:00:00,91968.29,BEARISH_SINGULARITY,short,0.7,0.3638947803454083,-0.0558747836842055,0.8590247761442423,1.5148046379852806,-0.0712034791551539,91565.46,92287.15,91486.46,1953.05465,1.5148046379852806,True,
2025-12-08 12:00:00,89961.37,BEARISH_SINGULARITY,short,0.7,0.3931076721617438,-0.0662334318214012,2.1186086525653898,-0.634152793606132,-0.0712034791551539,91968.29,92122.08,89612.0,5223.15445,-0.634152793606132,True,
2025-12-08 16:00:00,90124.48,BEARISH_SINGULARITY,short,0.7,0.368664121914048,-0.065145506309812,1.0471298542165508,-0.410931824209133,-0.0712034791551539,89961.36,90527.3,89679.79,2589.84253,-0.41093182420913305,True,
2025-12-10 04:00:00,92782.91,BEARISH_SINGULARITY,short,0.7,0.4073679168724126,-0.0364983415847685,0.5106519069195881,1.4924126633640178,-0.0687563558663894,92410.62,92782.92,92386.83,1363.84988,1.4924126633640178,True,
2025-12-10 08:00:00,92120.45,BEARISH_SINGULARITY,short,0.7,0.5013478323322053,-0.0515421868905991,0.9482092940113759,0.6941394528479042,-0.0687563558663894,92782.91,93291.5,91763.69,2623.05995,0.6941394528479042,True,
2025-12-10 12:00:00,92063.69,BEARISH_SINGULARITY,short,0.7,0.5490141983457953,-0.0573450974787875,0.8835997642482012,0.5715530094500576,-0.0687563558663894,92120.45,92226.0,91563.15,2523.14963,0.5715530094500576,True,
2025-12-10 16:00:00,92957.67,BEARISH_SINGULARITY,short,0.7,0.5946422489797434,-0.0623136036688742,1.755776857757878,1.3986433178102762,-0.0687563558663894,92063.69,93243.59,91684.39,5420.4848,1.3986433178102762,True,
2025-12-10 20:00:00,92015.37,BEARISH_SINGULARITY,short,0.7,0.6710586686462764,-0.0661951090752852,1.6124752717386008,0.3353476187925906,-0.0687563558663894,92957.67,94476.0,91878.0,5071.13727,0.3353476187925906,True,
2025-12-11 00:00:00,89880.01,BEARISH_SINGULARITY,short,0.7,0.6978636560491517,-0.0591810122017142,1.2926961408130386,-1.8067017345665533,0.5528035110453882,92015.38,92080.32,89389.63,4081.1469,-1.8067017345665533,True,
2025-12-11 04:00:00,90272.75,BEARISH_SINGULARITY,short,0.7,0.6911507431201407,-0.0484389454010117,0.7201279014299942,-1.2480700473747786,0.5528035110453882,89880.0,90480.14,89694.81,2245.33099,-1.2480700473747786,True,
2025-12-11 08:00:00,90242.35,BEARISH_SINGULARITY,short,0.7,0.6262254447278323,-0.0388992909178337,0.489812442864149,-1.1607109021302222,0.5528035110453882,90272.76,90504.19,89971.11,1503.95888,-1.1607109021302222,True,
2025-12-11 12:00:00,89872.51,BEARISH_SINGULARITY,short,0.7,0.4970510543938558,-0.0245565201652045,1.1177911090522845,-1.4187771702488543,0.5528035110453882,90242.36,90653.33,89260.63,3541.05902,-1.4187771702488543,True,
2025-12-13 16:00:00,90178.16,BULLISH_SINGULARITY,long,0.6,-0.6048948828691707,0.0469448072938242,0.24610041273184594,-0.7034962155532479,-0.6861915792833178,90092.17,90268.13,89981.0,675.23738,-0.7034962155532479,True,
2025-12-13 20:00:00,90240.01,BULLISH_SINGULARITY,long,0.6,-0.732425029003736,0.0786290913985818,0.25917095898014403,-0.5752268080220063,-0.6861915792833178,90178.17,90280.76,89766.39,687.30984,-0.5752268080220063,True,
2025-12-14 00:00:00,90258.98,BULLISH_SINGULARITY,long,0.6,-0.7934944560301969,0.101587988011282,0.29420554447841507,-0.5017979733958698,-0.6861915792833178,90240.0,90472.4,90117.05,710.94131,-0.5017979733958698,True,
2025-12-14 04:00:00,90245.6,BULLISH_SINGULARITY,long,0.6,-0.7416206130991853,0.1089828011840086,0.3139308689376386,-0.4675826146834922,-0.6861915792833178,90258.99,90329.24,90050.74,689.83584,-0.4675826146834922,True,
2025-12-14 12:00:00,89022.91,BULLISH_SINGULARITY,long,0.6,-0.4924073691728695,0.0800108613786347,0.8358568763583734,-1.5232100961116362,-0.6861915792833178,89360.01,89666.0,88882.66,1729.70637,-1.5232100961116362,True,
2025-12-17 04:00:00,87045.59,HIGH_OSCILLATION,short,0.6,0.5897021691186186,-0.0028957332736701,0.8226858619204639,-1.1050657491498856,-0.2736567836378168,87213.6,87398.54,86209.11,2094.81095,-1.1050657491498856,True,
2025-12-17 08:00:00,86983.26,BEARISH_SINGULARITY,short,0.7,0.7686188245448297,-0.0600539048854115,0.6479183683454266,-1.0650847533414431,-0.2736567836378168,87045.59,87137.42,86238.91,1681.2327,-1.0650847533414431,True,
2025-12-17 12:00:00,87233.44,BEARISH_SINGULARITY,short,0.7,0.8483079204773677,-0.1071641305279508,2.740960963709343,-0.7067187721685918,-0.2736567836378168,86983.26,90365.85,86817.27,8132.27731,-0.7067187721685918,True,
2025-12-17 16:00:00,86018.53,BEARISH_SINGULARITY,short,0.7,0.877733276592403,-0.1362253378775445,1.6185240460773425,-1.89434912188375,-0.2736567836378168,87233.44,87769.23,85314.0,5045.61646,-1.89434912188375,True,
2025-12-17 20:00:00,86243.22,BEARISH_SINGULARITY,short,0.7,0.7914212833911312,-0.151425886035994,0.5457479749113118,-1.4843937786224215,-0.2736567836378168,86018.53,86431.14,85644.09,1700.52853,-1.4843937786224217,True,
2025-12-18 00:00:00,86618.34,BEARISH_SINGULARITY,short,0.7,0.6160732662596499,-0.1516059318696819,0.5504415373062349,-0.9562946072659873,0.3043434558389345,86243.23,86863.75,85863.93,1716.00096,-0.9562946072659873,True,
2025-12-18 04:00:00,86833.84,BEARISH_SINGULARITY,short,0.7,0.4026997411669509,-0.1378230145404558,0.5058042305226685,-0.6427080055759964,0.3043434558389345,86618.35,86901.4,86384.61,1551.20199,-0.6427080055759964,True,
2025-12-19 08:00:00,88198.7,BULLISH_SINGULARITY,long,0.6,-0.5951645034984615,0.0408420174649066,0.5118658957012466,1.1197625820069306,-0.1829195305042029,87953.39,88385.06,87742.6,1797.82182,1.1197625820069306,True,
2025-12-21 20:00:00,88658.86,BEARISH_SINGULARITY,short,0.7,1.0260393742294935,-0.0304959010709577,0.3441315064046015,0.6828666587578752,-0.1829195305042029,88484.01,88823.52,88091.96,799.08995,0.6828666587578752,True,
2025-12-22 00:00:00,88774.12,BEARISH_SINGULARITY,short,0.7,1.138156834489289,-0.0608310619181946,1.3189311505630081,0.7356873818305063,-0.1829195305042029,88658.87,89627.24,87900.0,2619.97992,0.7356873818305063,True,
2025-12-22 04:00:00,89170.1,BEARISH_SINGULARITY,short,0.7,1.2035499414532884,-0.0863605079163631,0.6897853010594227,1.0709544184664257,-0.1829195305042029,88774.13,89200.0,88712.11,1290.70342,1.0709544184664255,True,
2025-12-22 08:00:00,89945.43,BEARISH_SINGULARITY,short,0.7,1.277975366360037,-0.1101671158000092,1.428029198200341,1.7608005513824476,-0.1829195305042029,89170.1,90118.0,89093.44,2622.90199,1.7608005513824476,True,
2025-12-22 12:00:00,89726.92,BEARISH_SINGULARITY,short,0.7,1.3980942257420417,-0.1364436501486532,2.1332942322668305,1.3674644070566426,-0.1829195305042029,89945.43,90588.23,89196.42,3942.72215,1.3674644070566426,True,
2025-12-22 16:00:00,88052.43,BEARISH_SINGULARITY,short,0.7,1.4027349731194343,-0.1490549417903666,1.3816121412370719,-0.4745694536602525,-0.1829195305042029,89726.93,90127.0,87965.76,2609.5493,-0.47456945366025255,True,
2025-12-22 20:00:00,88620.79,BEARISH_SINGULARITY,short,0.7,1.3549890777868685,-0.1502642518585448,0.9512552312578003,0.1518367232098692,-0.1829195305042029,88052.42,88833.33,87911.79,1587.36292,0.15183672320986927,True,
2025-12-23 00:00:00,88170.0,BEARISH_SINGULARITY,short,0.7,1.2572365833417385,-0.1400116559006363,0.9940232216758469,-0.3236608649948191,-0.1829195305042029,88620.79,88940.0,87800.0,1505.70483,-0.3236608649948191,True,
2025-12-23 04:00:00,87574.79,BEARISH_SINGULARITY,short,0.7,1.080178620322963,-0.1156680373000302,1.3120876895738125,-0.9024941406161434,-0.1829195305042029,88170.0,88368.1,87051.52,1996.43062,-0.9024941406161434,True,
2025-12-23 08:00:00,87856.65,BEARISH_SINGULARITY,short,0.7,0.9044514997655164,-0.0843769166797691,0.9277276007928297,-0.5282657779939187,-0.1829195305042029,87574.78,87890.0,87297.69,1432.37853,-0.5282657779939187,True,
2025-12-23 12:00:00,87443.45,BEARISH_SINGULARITY,short,0.7,0.7281320277069203,-0.0491472058235664,2.035266008587535,-0.9020826468146526,-0.1829195305042029,87856.66,87963.03,86601.9,3407.99312,-0.9020826468146526,True,
2025-12-23 16:00:00,87752.87,BEARISH_SINGULARITY,short,0.7,0.5894716502382605,-0.0212516680905539,1.7949081649775216,-0.4991687908505276,-0.1829195305042029,87443.45,88275.4,87162.39,3220.82979,-0.4991687908505276,True,
2025-12-24 04:00:00,86911.53,HIGH_OSCILLATION,short,0.6,0.593275339497311,-0.0078903739916148,0.6981193581133937,-1.1718580900869555,-0.1829195305042029,87336.23,87458.54,86796.65,1349.63742,-1.1718580900869557,True,
2025-12-24 08:00:00,87203.94,BEARISH_SINGULARITY,short,0.7,0.6057722959349148,-0.0308591516329772,0.6115861685342917,-0.7600241405532258,-0.1829195305042029,86911.53,87359.59,86724.05,1188.37005,-0.7600241405532258,True,
2025-12-24 12:00:00,87049.99,BEARISH_SINGULARITY,short,0.7,0.5919194872762799,-0.0500721328171796,1.1302906509664423,-0.8469080947304277,-0.1829195305042029,87203.94,87478.59,86420.0,2300.52897,-0.8469080947304277,True,
2025-12-24 16:00:00,87566.06,BEARISH_SINGULARITY,short,0.7,0.5250242034206984,-0.0690923606131794,0.8516462700161755,-0.2344686996005645,-0.1829195305042029,87050.0,87670.0,86917.25,1746.44928,-0.23446869960056452,True,
2025-12-24 20:00:00,87669.45,BEARISH_SINGULARITY,short,0.7,0.3799860617703186,-0.0808409053456462,0.48132473239026535,-0.1055745360613,-0.1829195305042029,87566.07,88049.89,87516.77,956.96862,-0.1055745360613,True,
2025-12-27 12:00:00,87551.25,LOW_OSCILLATION,long,0.6,-0.6388146087695296,0.0081604712231261,0.4325316358304378,-0.1998827715537962,-0.1829195305042029,87475.99,87589.99,87308.05,749.39054,-0.19988277155379625,True,
2025-12-27 16:00:00,87569.39,BULLISH_SINGULARITY,long,0.6,-0.8236851223555107,0.040041140741222,0.33299920103196906,-0.1621654372017655,-0.1829195305042029,87551.26,87591.0,87442.08,566.59122,-0.16216543720176554,True,
2025-12-27 20:00:00,87877.01,BULLISH_SINGULARITY,long,0.6,-0.9418746099195164,0.0662259458485815,0.542777305211837,0.1705640650779619,-0.1829195305042029,87569.39,87984.0,87499.99,885.11148,0.17056406507796196,True,
2025-12-28 00:00:00,87740.01,BULLISH_SINGULARITY,long,0.6,-0.9787440488501126,0.085800444257466,0.4261830718136315,0.0130269908325455,-0.1829195305042029,87877.0,87961.37,87705.97,672.08653,0.013026990832545583,True,
2025-12-28 04:00:00,87730.85,BULLISH_SINGULARITY,long,0.6,-0.913040790509427,0.0965527891336343,0.2850793124073612,0.002339433330501,-0.1829195305042029,87740.0,87837.99,87614.79,442.23022,0.0023394333305010897,True,
2025-12-28 08:00:00,87883.25,BULLISH_SINGULARITY,long,0.6,-0.8009436893212487,0.0940841761161692,0.4882678430689913,0.1592626196816033,-0.1829195305042029,87730.86,88010.0,87720.0,760.04376,0.15926261968160335,True,
2025-12-28 12:00:00,87836.27,BULLISH_SINGULARITY,long,0.6,-0.7186512457680017,0.0802407578275878,0.5233464013527908,0.0956419766017739,-0.1829195305042029,87883.25,88088.75,87794.86,821.25662,0.09564197660177391,True,
2025-12-28 16:00:00,87520.75,BULLISH_SINGULARITY,long,0.6,-0.6688837698761436,0.0658295014271757,0.5677749940297195,-0.2388406129957392,-0.1829195305042029,87836.27,87931.59,87500.26,881.83702,-0.23884061299573922,True,
2025-12-28 20:00:00,87952.71,BULLISH_SINGULARITY,long,0.6,-0.7494570627054944,0.0602798484129285,0.579259191396088,0.2293308250004243,-0.1829195305042029,87520.75,88049.53,87435.0,868.8387,0.2293308250004243,True,
2025-12-29 12:00:00,87691.62,LOW_OSCILLATION,long,0.6,-0.5112771210180045,0.0075590976350478,2.309085583226397,-0.3988101556837581,-0.1829195305042029,87567.65,88190.71,86806.5,4178.35066,-0.3988101556837581,True,
2025-12-29 16:00:00,87366.23,LOW_OSCILLATION,long,0.6,-0.5194242125678443,0.0081376119114235,0.8009715543845642,-0.6957209447306768,-0.1829195305042029,87691.62,87996.22,87312.34,1457.68333,-0.6957209447306768,True,
2025-12-29 20:00:00,87237.13,BULLISH_SINGULARITY,long,0.6,-0.6059058556652802,0.0228261306335689,0.8715723582003595,-0.7628392692513712,-0.1829195305042029,87366.23,87597.59,87071.49,1388.13776,-0.7628392692513712,True,
2025-12-30 04:00:00,87502.85,BULLISH_SINGULARITY,long,0.6,-0.9203790012917707,0.088672428462601,0.6861674417373956,-0.3652276750014777,-0.1829195305042029,87378.99,87600.0,87157.07,1077.59137,-0.36522767500147774,True,
2025-12-30 20:00:00,88485.49,BULLISH_SINGULARITY,long,0.6,-1.0983446783264832,0.1952385835405146,0.6399498690493653,0.5288677435955692,-0.1829195305042029,88226.15,88573.65,87886.46,1244.66702,0.5288677435955692,True,
2025-12-31 00:00:00,88453.04,BULLISH_SINGULARITY,long,0.6,-0.8582166200367302,0.1836169745443004,0.5736735583500931,0.444935380835615,-0.1829195305042029,88485.5,88819.8,88172.15,1131.98072,0.44493538083561507,True,
2025-12-31 04:00:00,88613.12,BULLISH_SINGULARITY,long,0.6,-0.5173352220537775,0.1512492896428625,0.49171832857089415,0.5666923270594127,-0.1829195305042029,88453.04,88638.76,88325.06,972.41187,0.5666923270594127,True,
2025-12-31 16:00:00,87541.85,BEARISH_SINGULARITY,short,0.7,0.9899209200003392,-0.0607860377543374,1.289198865251905,-0.6510582078963066,-0.1829195305042029,87953.97,88053.49,87400.41,2936.14316,-0.6510582078963066,True,
2025-12-31 20:00:00,87648.22,BEARISH_SINGULARITY,short,0.7,1.0657187844069942,-0.1183983908898427,0.6830293995358833,-0.4800754414005563,-0.1829195305042029,87541.85,87879.04,87250.0,1581.56113,-0.48007544140055636,True,
2026-01-01 00:00:00,87846.02,BEARISH_SINGULARITY,short,0.7,0.8148950877483465,-0.1359903866766432,0.3604437053748428,-0.2312084372268015,-0.1829195305042029,87648.21,88088.1,87632.74,833.74412,-0.23120843722680157,True,
2026-01-01 04:00:00,87631.88,BEARISH_SINGULARITY,short,0.7,0.5080758454894962,-0.1088330921585194,0.47676657798505334,-0.4294241747527675,-0.1829195305042029,87846.01,87854.81,87550.43,1108.52485,-0.4294241747527675,True,
2026-01-02 16:00:00,89897.23,BEARISH_SINGULARITY,short,0.7,0.8447019415440786,-0.0262516833373402,2.469867595464185,1.4450651684974902,-0.1829195305042029,89418.1,90961.81,89205.92,5155.47201,1.4450651684974902,True,
2026-01-02 20:00:00,89995.13,BEARISH_SINGULARITY,short,0.7,1.1119364017236613,-0.0765105328005303,0.7756418071828831,1.405312319890401,-0.1829195305042029,89897.23,90400.0,89636.77,1527.71253,1.405312319890401,True,
2026-01-03 00:00:00,90321.22,BEARISH_SINGULARITY,short,0.7,1.4148781430233477,-0.1331921099025411,0.5472155819381462,1.6012098432343258,-0.1829195305042029,89995.14,90418.32,89966.48,1026.19409,1.6012098432343258,True,
2026-01-03 04:00:00,89577.13,BEARISH_SINGULARITY,short,0.7,1.570365553370893,-0.1781450455828428,0.934528920708665,0.6909092500417018,-0.1829195305042029,90321.23,90480.62,89314.01,1777.4168,0.6909092500417018,True,
2026-01-03 08:00:00,89752.74,BEARISH_SINGULARITY,short,0.7,1.6478113905974383,-0.1993192150450773,0.6810680815521245,0.803027034357455,-0.1829195305042029,89577.13,89982.11,89420.75,1301.1092,0.803027034357455,True,
2026-01-03 12:00:00,89969.31,BEARISH_SINGULARITY,short,0.7,1.6207328991944798,-0.2066392164367501,0.5815553842648471,0.9456747546259294,-0.1829195305042029,89752.75,90249.99,89664.93,1115.15116,0.9456747546259294,True,
2026-01-03 16:00:00,90123.77,BEARISH_SINGULARITY,short,0.7,1.4522876293033289,-0.1961911772104749,0.27752071226675956,1.0113318565634066,-0.1829195305042029,89969.31,90219.67,89918.59,516.07827,1.0113318565634066,True,
2026-01-03 20:00:00,90628.01,BEARISH_SINGULARITY,short,0.7,1.1677979863690937,-0.1679808918709474,0.749760748028543,1.4242074719407614,-0.1829195305042029,90123.76,90741.16,90017.23,1321.51764,1.4242074719407614,True,
2026-01-04 00:00:00,91236.78,BEARISH_SINGULARITY,short,0.7,0.8246072056341867,-0.1310808038822998,1.55240967684002,1.9011622012637588,-0.1829195305042029,90628.01,91610.17,90628.0,2719.43418,1.9011622012637588,True,
2026-01-04 04:00:00,91532.0,BEARISH_SINGULARITY,short,0.7,0.4427773207694374,-0.0972463711285967,1.0392826901340613,2.014144508251912,-0.1829195305042029,91236.78,91810.0,91183.15,1833.66412,2.0141445082519116,True,
2026-01-05 00:00:00,92878.22,BEARISH_SINGULARITY,short,0.7,0.4134190958105024,-0.0276295027286284,2.6547648828503587,2.622264099932882,-0.1829195305042029,91529.74,93388.0,91514.81,5548.56251,2.622264099932882,True,
2026-01-05 04:00:00,92520.63,BEARISH_SINGULARITY,short,0.7,0.4520178541877093,-0.0385505595091215,0.8700906262471553,2.010783179276663,-0.1829195305042029,92878.22,92947.87,92155.0,1838.8669,2.010783179276663,True,
2026-01-05 08:00:00,93134.26,BEARISH_SINGULARITY,short,0.7,0.4672063434655171,-0.0469694549516354,1.1578679456205134,2.425209633226909,-0.1829195305042029,92520.63,93151.0,92320.17,2498.18846,2.425209633226909,True,
2026-01-05 12:00:00,93957.73,BEARISH_SINGULARITY,short,0.7,0.4815884726983904,-0.056756809288386,1.8291948928720538,3.004076614689779,-0.1829195305042029,93134.25,94000.0,92407.13,4224.09624,3.004076614689779,True,
2026-01-05 16:00:00,94303.4,BEARISH_SINGULARITY,short,0.7,0.5247281106882097,-0.0692073851285894,1.7815825781425056,3.051004798189489,-0.1829195305042029,93957.74,94500.0,93250.0,4190.38211,3.0510047981894886,True,
2026-01-05 20:00:00,93859.71,BEARISH_SINGULARITY,short,0.7,0.5454938822554722,-0.078172901543952,1.058634468932769,2.3161015522174577,-0.1829195305042029,94303.4,94789.08,93800.0,2373.49962,2.3161015522174577,True,
2026-01-06 00:00:00,93769.24,BEARISH_SINGULARITY,short,0.7,0.5528723702570535,-0.0837834529465884,0.7414834027915579,2.002063804434407,-0.1829195305042029,93859.71,94161.86,93529.18,1527.94713,2.002063804434407,True,
2026-01-06 04:00:00,93255.08,BEARISH_SINGULARITY,short,0.7,0.4818963782342878,-0.0773622816007612,0.9766304629026348,1.3035641888317722,-0.1829195305042029,93769.25,94000.0,93137.98,2037.39443,1.3035641888317722,True,
2026-01-06 08:00:00,93840.0,BEARISH_SINGULARITY,short,0.7,0.3900302593928939,-0.0658596569459518,0.6468585424585515,1.751069316369294,-0.1829195305042029,93255.08,93895.0,93167.29,1360.24604,1.7510693163692939,True,
2026-01-08 00:00:00,90813.4,BULLISH_SINGULARITY,long,0.6,-0.4243077455671395,0.0870802629087014,0.6397392506798598,-1.3492573743101688,-0.1829195305042029,91364.16,91687.99,90616.36,1794.84191,-1.3492573743101688,True,
2026-01-08 08:00:00,90226.77,BULLISH_SINGULARITY,long,0.6,-0.6636241697919323,0.1053999983498396,0.8795947191555351,-1.6617079432431154,-0.1829195305042029,90548.02,90917.22,89777.25,2431.28077,-1.6617079432431154,True,
2026-01-08 16:00:00,90937.41,BULLISH_SINGULARITY,long,0.6,-0.8746872688453149,0.1176689707967701,0.9162922359195567,-0.7128565743317926,-0.1829195305042029,90781.57,91469.0,90312.89,2656.5893,-0.7128565743317926,True,
2026-01-08 20:00:00,91099.99,BULLISH_SINGULARITY,long,0.6,-0.9097258886874426,0.1169572269677671,0.6333059019545807,-0.4846102164688911,-0.1829195305042029,90937.42,91493.0,90568.11,1758.04393,-0.4846102164688911,True,
2026-01-09 00:00:00,91220.23,BULLISH_SINGULARITY,long,0.6,-0.8877764653601333,0.1046267612645607,0.5950008218209611,-0.3197264702562941,-0.1829195305042029,91100.0,91632.1,90850.0,1573.86844,-0.3197264702562941,True,
2026-01-09 04:00:00,90741.84,BULLISH_SINGULARITY,long,0.6,-0.8261197656569522,0.0871150223262596,0.5741893209828938,-0.7628593615131528,-0.1829195305042029,91220.24,91236.72,90738.34,1493.55612,-0.7628593615131528,True,
2026-01-09 20:00:00,90641.28,BULLISH_SINGULARITY,long,0.6,-0.7607198633484068,0.0303985586288368,0.4580695202874993,-0.5893189330865223,-0.1829195305042029,90332.14,90732.01,90113.87,1279.68005,-0.5893189330865223,True,
2026-01-10 00:00:00,90626.14,BULLISH_SINGULARITY,long,0.6,-0.7939581127616211,0.0290378182451124,0.21055476526587974,-0.5485332269635006,-0.1829195305042029,90641.27,90782.23,90527.99,528.98968,-0.5485332269635006,True,
2026-01-10 04:00:00,90678.5,BULLISH_SINGULARITY,long,0.6,-0.8373474657006037,0.0345417215967693,0.20911298582039342,-0.4445132329236769,-0.1829195305042029,90626.15,90682.7,90408.23,491.62648,-0.4445132329236769,True,
2026-01-10 08:00:00,90723.86,BULLISH_SINGULARITY,long,0.6,-0.8932012504861063,0.0434526223209161,0.2877677806600527,-0.3572553200186499,-0.1829195305042029,90678.5,90832.0,90618.28,647.39632,-0.35725532001864996,True,
2026-01-10 12:00:00,90665.75,BULLISH_SINGULARITY,long,0.6,-0.9476032817594764,0.0561229442656315,0.1868496082071065,-0.3811281759940994,-0.1829195305042029,90723.87,90788.78,90538.46,414.48163,-0.3811281759940994,True,
2026-01-10 16:00:00,90626.54,BULLISH_SINGULARITY,long,0.6,-0.9869791781062708,0.0696945800796728,0.25069864255107516,-0.3839642734658289,-0.1829195305042029,90665.76,90746.0,90504.55,530.14761,-0.38396427346582895,True,
2026-01-10 20:00:00,90504.7,BULLISH_SINGULARITY,long,0.6,-1.0142847990554562,0.0839899868234428,0.25099763094047856,-0.4687982934576684,-0.1829195305042029,90626.54,90659.03,90404.0,491.4755,-0.46879829345766844,True,
2026-01-11 00:00:00,90733.5,BULLISH_SINGULARITY,long,0.6,-0.9885367210842492,0.0947960190001033,0.2509371722347084,-0.1965358338171464,-0.1829195305042029,90504.7,90737.95,90451.1,463.88039,-0.19653583381714643,True,
2026-01-11 04:00:00,90710.79,BULLISH_SINGULARITY,long,0.6,-0.9430270924590995,0.0971788369450226,0.30517594119663377,-0.2004615166452246,-0.1829195305042029,90733.49,90850.0,90585.34,546.84342,-0.20046151664522466,True,
2026-01-11 08:00:00,90754.99,BULLISH_SINGULARITY,long,0.6,-0.864825191426599,0.0942492137495538,0.3997853918209131,-0.137392497444006,-0.1829195305042029,90710.8,90816.0,90610.27,694.37617,-0.13739249744400606,True,
2026-01-11 12:00:00,90875.79,BULLISH_SINGULARITY,long,0.6,-0.7132243301852078,0.0847651103700204,0.6981379678650685,-0.004044073037881,-0.1829195305042029,90754.99,91191.5,90708.25,1144.02813,-0.004044073037881022,True,
2026-01-11 16:00:00,90690.8,BULLISH_SINGULARITY,long,0.6,-0.6014928423374261,0.0660575711623103,0.6142427495851903,-0.1878651794681128,-0.1829195305042029,90875.79,91283.89,90673.3,961.40735,-0.1878651794681128,True,
2026-01-14 08:00:00,94792.99,BEARISH_SINGULARITY,short,0.7,0.5066322999646634,-0.03589659429531,0.6854902660115006,2.017474099899004,-0.1829195305042029,95205.11,95315.15,94737.95,1756.03488,2.0174740998990033,True,
2026-01-14 12:00:00,96764.57,BEARISH_SINGULARITY,short,0.7,0.7051656234660029,-0.0628276595687931,2.1268370599222237,3.730388268617317,-0.1829195305042029,94793.0,97084.68,94680.67,6031.62524,3.730388268617317,True,
2026-01-14 16:00:00,97267.42,BEARISH_SINGULARITY,short,0.7,0.8418041007441175,-0.0934970917357007,2.1307974518489834,3.847180878517893,-0.1829195305042029,96764.57,97777.0,96246.56,6680.63165,3.8471808785178934,True,
2026-01-14 20:00:00,96951.78,BEARISH_SINGULARITY,short,0.7,0.9381985491287244,-0.1164637628549302,0.9671023609267333,3.165303617595667,-0.1829195305042029,97267.42,97924.49,96772.02,3128.06839,3.165303617595667,True,
2026-01-15 00:00:00,95985.1,BEARISH_SINGULARITY,short,0.7,0.9573596628235106,-0.1181037766175876,0.8479914535547804,1.9292519663901868,-0.1829195305042029,96951.78,97000.0,95777.0,2821.68199,1.9292519663901868,True,
2026-01-15 04:00:00,96630.48,BEARISH_SINGULARITY,short,0.7,0.9300324665338516,-0.1106964166606869,0.6143737537024371,2.3597136345198404,-0.1829195305042029,95985.11,96760.15,95952.89,2056.29256,2.3597136345198404,True,
2026-01-15 08:00:00,96581.08,BEARISH_SINGULARITY,short,0.7,0.8715254430456708,-0.0938815562213012,0.8471565866057532,2.083056242787346,-0.1829195305042029,96630.47,97193.34,96289.98,2793.34386,2.083056242787346,True,
2026-01-15 12:00:00,96737.04,BEARISH_SINGULARITY,short,0.7,0.852945302695775,-0.0771441058027058,1.3953955986503066,2.029470277604943,-0.1829195305042029,96581.07,97165.03,95435.91,4818.18164,2.029470277604943,True,
2026-01-15 16:00:00,95516.01,BEARISH_SINGULARITY,short,0.7,0.8158382319176508,-0.0568169054289936,2.121965969853812,0.6705325571352233,-0.1829195305042029,96737.04,97163.0,95183.13,7868.89039,0.6705325571352233,True,
2026-01-15 20:00:00,95604.8,BEARISH_SINGULARITY,short,0.7,0.7905859812152878,-0.0376768840420687,0.3765481808388319,0.6908385956604618,-0.1829195305042029,95516.01,95871.0,95134.48,1367.42325,0.6908385956604618,True,
2026-01-16 00:00:00,95354.69,BEARISH_SINGULARITY,short,0.7,0.75879858614332,-0.0207480998201717,0.3438827147151022,0.3865587830675078,-0.1829195305042029,95604.81,95855.12,95321.58,1207.1411,0.38655878306750785,True,
2026-01-16 08:00:00,95429.09,HIGH_OSCILLATION,short,0.6,0.7408723407236502,-0.0075491158437466,0.45218954515788423,0.3598489178155405,-0.1829195305042029,95653.16,95871.47,95261.43,1614.38797,0.35984891781554057,True,
2026-01-16 12:00:00,94585.98,HIGH_OSCILLATION,short,0.6,0.7332121739034722,-0.006966025156434,0.8390222700322975,-0.4768895830848899,-0.1829195305042029,95429.09,95809.08,94293.46,3014.1328,-0.4768895830848899,True,
2026-01-16 16:00:00,95002.09,HIGH_OSCILLATION,short,0.6,0.7075211374314502,-0.0085782570562054,0.5212604337025379,-0.0353411110657348,-0.1829195305042029,94585.99,95215.74,94508.0,1854.59442,-0.03534111106573486,True,
2026-01-17 00:00:00,95372.95,BEARISH_SINGULARITY,short,0.7,0.6499008605455918,-0.0249749610935299,0.16338850706460756,0.2741530168171882,-0.1829195305042029,95550.94,95578.2,95200.0,520.98136,0.27415301681718823,True,
2026-01-17 04:00:00,95101.67,BEARISH_SINGULARITY,short,0.7,0.6071357478471037,-0.0308401929722461,0.19658124477238778,-0.0100140336048198,-0.1829195305042029,95372.94,95373.64,95041.7,558.53587,-0.010014033604819894,True,
2026-01-17 08:00:00,95323.86,BEARISH_SINGULARITY,short,0.7,0.5610553359647535,-0.0344568603462207,0.22334140199380667,0.2022587442106324,-0.1829195305042029,95101.67,95323.86,95021.67,614.83515,0.20225874421063245,True,
2026-01-17 12:00:00,95573.64,BEARISH_SINGULARITY,short,0.7,0.5235515766750116,-0.0384397574801854,0.5410604142922241,0.4203669301056817,-0.1829195305042029,95323.85,95639.45,95198.81,1450.99515,0.42036693010568177,True,
2026-01-17 16:00:00,95291.38,BEARISH_SINGULARITY,short,0.7,0.479219503145168,-0.0407755497555419,0.24240016994250113,0.1119899611338772,-0.1829195305042029,95573.65,95576.14,95212.25,636.49063,0.11198996113387727,True,
2026-01-17 20:00:00,95147.77,BEARISH_SINGULARITY,short,0.7,0.4312245490379096,-0.0392740149558371,0.21240146205386157,-0.0351829660430847,-0.1829195305042029,95291.37,95412.86,95050.0,498.96321,-0.03518296604308473,True,
2026-01-18 00:00:00,95200.29,BEARISH_SINGULARITY,short,0.7,0.378483714623691,-0.0362932192126813,0.3515232178584764,0.0180912423883848,-0.1829195305042029,95147.77,95250.0,94876.33,721.03445,0.01809124238838487,True,
2026-01-20 00:00:00,92434.92,BULLISH_SINGULARITY,long,0.6,-0.4516799524876185,0.025807521982369,0.9028679116266018,-1.5885957141790463,-0.1829195305042029,92630.99,92870.0,92264.7,1260.14088,-1.5885957141790463,True,
