时间,收盘价,持仓状态,最优动作
2025-08-19 20:00:00,112872.94,LONG,开多
2025-08-20 00:00:00,113525.91,LONG,继续持多 (+0.58%)
2025-08-20 04:00:00,113490.13,LONG,继续持多 (+0.55%)
2025-08-20 08:00:00,113666.68,LONG,继续持多 (+0.70%)
2025-08-20 12:00:00,113353.94,LONG,继续持多 (+0.43%)
2025-08-20 16:00:00,114276.66,SHORT,"平多/反空 (局部高点,盈利1.24%)"
2025-08-20 20:00:00,114271.24,SHORT,继续持空 (+0.00%)
2025-08-21 00:00:00,113954.62,SHORT,继续持空 (+0.28%)
2025-08-21 04:00:00,113896.03,SHORT,继续持空 (+0.33%)
2025-08-21 08:00:00,113148.66,SHORT,继续持空 (+0.99%)
2025-08-21 12:00:00,112792.08,SHORT,继续持空 (+1.30%)
2025-08-21 16:00:00,112193.71,LONG,"平空/反多 (局部低点,盈利1.82%)"
2025-08-21 20:00:00,112500.0,LONG,继续持多 (+0.27%)
2025-08-22 00:00:00,112929.24,LONG,继续持多 (+0.66%)
2025-08-22 04:00:00,113094.83,LONG,继续持多 (+0.80%)
2025-08-22 08:00:00,112320.0,LONG,继续持多 (+0.11%)
2025-08-22 16:00:00,116655.79,LONG,继续持多 (+3.98%)
2025-08-22 20:00:00,116935.99,SHORT,"平多/反空 (局部高点,盈利4.23%)"
2025-08-23 00:00:00,115568.77,SHORT,继续持空 (+1.17%)
2025-08-23 04:00:00,115799.47,SHORT,继续持空 (+0.97%)
2025-08-23 08:00:00,115310.13,SHORT,继续持空 (+1.39%)
2025-08-23 12:00:00,114812.87,LONG,"平空/反多 (局部低点,盈利1.82%)"
2025-08-23 16:00:00,115133.91,LONG,继续持多 (+0.28%)
2025-08-23 20:00:00,115438.05,SHORT,"平多/反空 (局部高点,盈利0.54%)"
2025-08-24 00:00:00,115036.0,SHORT,继续持空 (+0.35%)
2025-08-24 04:00:00,114888.19,SHORT,继续持空 (+0.48%)
2025-08-24 08:00:00,114730.22,SHORT,继续持空 (+0.61%)
2025-08-24 12:00:00,114400.0,SHORT,继续持空 (+0.90%)
2025-08-24 16:00:00,112600.0,LONG,"平空/反多 (局部低点,盈利2.46%)"
2025-08-24 20:00:00,113493.59,LONG,继续持多 (+0.79%)
2025-08-25 00:00:00,112916.84,LONG,继续持多 (+0.28%)
2025-08-25 04:00:00,111511.55,LONG,继续持多 (-0.97%)
2025-08-25 08:00:00,111214.97,LONG,继续持多 (-1.23%)
2025-08-25 12:00:00,112200.64,SHORT,"平多/反空 (局部高点,盈利-0.35%)"
2025-08-25 16:00:00,110716.13,SHORT,继续持空 (+1.32%)
2025-08-25 20:00:00,110111.98,SHORT,继续持空 (+1.86%)
2025-08-26 00:00:00,109879.56,LONG,"平空/反多 (局部低点,盈利2.07%)"
2025-08-26 04:00:00,110303.2,LONG,继续持多 (+0.39%)
2025-08-26 20:00:00,111763.22,SHORT,"平多/反空 (局部高点,盈利1.71%)"
2025-08-27 00:00:00,111418.15,SHORT,继续持空 (+0.31%)
2025-08-27 04:00:00,110725.18,LONG,"平空/反多 (局部低点,盈利0.93%)"
2025-08-27 08:00:00,111322.07,LONG,继续持多 (+0.54%)
2025-08-27 20:00:00,111262.01,LONG,继续持多 (+0.48%)
2025-08-28 00:00:00,112000.01,LONG,继续持多 (+1.15%)
2025-08-28 04:00:00,113114.11,SHORT,"平多/反空 (局部高点,盈利2.16%)"
2025-08-28 08:00:00,112909.18,SHORT,继续持空 (+0.18%)
2025-08-28 12:00:00,112678.53,SHORT,继续持空 (+0.39%)
2025-08-28 16:00:00,111901.36,SHORT,继续持空 (+1.07%)
2025-08-28 20:00:00,112566.9,SHORT,继续持空 (+0.48%)
2025-08-29 16:00:00,108212.01,LONG,"平空/反多 (局部低点,盈利4.33%)"
2025-08-29 20:00:00,108377.4,LONG,继续持多 (+0.15%)
2025-08-30 00:00:00,108436.2,LONG,继续持多 (+0.21%)
2025-08-30 04:00:00,108524.26,LONG,继续持多 (+0.29%)
2025-08-30 08:00:00,108680.01,LONG,继续持多 (+0.43%)
2025-08-30 12:00:00,108869.98,SHORT,"平多/反空 (局部高点,盈利0.61%)"
2025-08-30 16:00:00,108828.33,SHORT,继续持空 (+0.04%)
2025-08-30 20:00:00,108816.33,SHORT,继续持空 (+0.05%)
2025-08-31 00:00:00,109223.84,SHORT,继续持空 (-0.33%)
2025-08-31 04:00:00,108708.26,SHORT,继续持空 (+0.15%)
2025-08-31 08:00:00,108389.76,LONG,"平空/反多 (局部低点,盈利0.44%)"
2025-08-31 12:00:00,108818.69,LONG,继续持多 (+0.40%)
2025-08-31 16:00:00,108930.0,SHORT,"平多/反空 (局部高点,盈利0.50%)"
2025-08-31 20:00:00,108246.35,LONG,"平空/反多 (局部低点,盈利0.63%)"
2025-09-01 12:00:00,108784.33,LONG,继续持多 (+0.50%)
2025-09-01 16:00:00,109217.64,LONG,继续持多 (+0.90%)
2025-09-01 20:00:00,109237.42,LONG,继续持多 (+0.92%)
2025-09-02 00:00:00,110322.18,SHORT,"平多/反空 (局部高点,盈利1.92%)"
2025-09-02 04:00:00,110233.92,SHORT,继续持空 (+0.08%)
2025-09-02 08:00:00,109733.34,LONG,"平空/反多 (局部低点,盈利0.53%)"
2025-09-02 20:00:00,111240.01,SHORT,"平多/反空 (局部高点,盈利1.37%)"
2025-09-03 00:00:00,111054.01,SHORT,继续持空 (+0.17%)
2025-09-03 04:00:00,111099.88,SHORT,继续持空 (+0.13%)
2025-09-03 12:00:00,112222.74,SHORT,继续持空 (-0.88%)
2025-09-03 16:00:00,112193.74,SHORT,继续持空 (-0.86%)
2025-09-03 20:00:00,111705.71,SHORT,继续持空 (-0.42%)
2025-09-04 00:00:00,111148.97,SHORT,继续持空 (+0.08%)
2025-09-04 04:00:00,110463.36,SHORT,继续持空 (+0.70%)
2025-09-04 08:00:00,110810.0,SHORT,继续持空 (+0.39%)
2025-09-04 12:00:00,109510.31,LONG,"平空/反多 (局部低点,盈利1.55%)"
2025-09-04 16:00:00,109799.99,LONG,继续持多 (+0.26%)
2025-09-04 20:00:00,110730.87,LONG,继续持多 (+1.11%)
2025-09-05 00:00:00,111311.77,LONG,继续持多 (+1.65%)
2025-09-05 04:00:00,112954.32,SHORT,"平多/反空 (局部高点,盈利3.14%)"
2025-09-05 08:00:00,112354.0,SHORT,继续持空 (+0.53%)
2025-09-05 12:00:00,110716.82,SHORT,继续持空 (+1.98%)
2025-09-05 16:00:00,111614.54,SHORT,继续持空 (+1.19%)
2025-09-05 20:00:00,110659.99,LONG,"平空/反多 (局部低点,盈利2.03%)"
2025-09-06 04:00:00,110825.6,LONG,继续持多 (+0.15%)
2025-09-06 08:00:00,110781.02,LONG,继续持多 (+0.11%)
2025-09-06 12:00:00,110384.15,LONG,继续持多 (-0.25%)
2025-09-06 16:00:00,110038.41,LONG,继续持多 (-0.56%)
2025-09-06 20:00:00,110187.97,LONG,继续持多 (-0.43%)
2025-09-07 00:00:00,110629.15,LONG,继续持多 (-0.03%)
2025-09-07 12:00:00,111329.99,SHORT,"平多/反空 (局部高点,盈利0.61%)"
2025-09-07 16:00:00,111259.99,SHORT,继续持空 (+0.06%)
2025-09-07 20:00:00,111137.34,SHORT,继续持空 (+0.17%)
2025-09-08 00:00:00,111052.11,LONG,"平空/反多 (局部低点,盈利0.25%)"
2025-09-08 04:00:00,111280.39,LONG,继续持多 (+0.21%)
2025-09-08 08:00:00,112052.43,LONG,继续持多 (+0.90%)
2025-09-08 12:00:00,112631.75,SHORT,"平多/反空 (局部高点,盈利1.42%)"
2025-09-08 16:00:00,112097.31,SHORT,继续持空 (+0.47%)
2025-09-08 20:00:00,112065.23,SHORT,继续持空 (+0.50%)
2025-09-09 00:00:00,111708.0,LONG,"平空/反多 (局部低点,盈利0.82%)"
2025-09-09 04:00:00,112991.11,SHORT,"平多/反空 (局部高点,盈利1.15%)"
2025-09-09 08:00:00,112433.59,SHORT,继续持空 (+0.49%)
2025-09-09 12:00:00,110880.76,LONG,"平空/反多 (局部低点,盈利1.87%)"
2025-09-09 16:00:00,111301.53,LONG,继续持多 (+0.38%)
2025-09-11 04:00:00,114083.58,LONG,继续持多 (+2.89%)
2025-09-11 08:00:00,113999.99,LONG,继续持多 (+2.81%)
2025-09-12 20:00:00,116029.42,SHORT,"平多/反空 (局部高点,盈利4.64%)"
2025-09-13 00:00:00,115957.0,SHORT,继续持空 (+0.06%)
2025-09-13 04:00:00,115778.71,SHORT,继续持空 (+0.22%)
2025-09-13 08:00:00,115974.11,SHORT,继续持空 (+0.05%)
2025-09-13 12:00:00,115768.68,LONG,"平空/反多 (局部低点,盈利0.22%)"
2025-09-13 16:00:00,115797.12,LONG,继续持多 (+0.02%)
2025-09-13 20:00:00,115918.29,LONG,继续持多 (+0.13%)
2025-09-17 08:00:00,116258.13,LONG,继续持多 (+0.42%)
2025-09-18 16:00:00,117450.21,SHORT,"平多/反空 (局部高点,盈利1.45%)"
2025-09-18 20:00:00,117073.53,SHORT,继续持空 (+0.32%)
2025-09-19 00:00:00,116977.58,SHORT,继续持空 (+0.40%)
2025-09-19 04:00:00,116909.97,SHORT,继续持空 (+0.46%)
2025-09-19 08:00:00,116394.72,SHORT,继续持空 (+0.90%)
2025-09-19 12:00:00,115884.03,SHORT,继续持空 (+1.33%)
2025-09-19 16:00:00,115125.12,LONG,"平空/反多 (局部低点,盈利1.98%)"
2025-09-19 20:00:00,115632.38,LONG,继续持多 (+0.44%)
2025-09-20 00:00:00,115445.0,LONG,继续持多 (+0.28%)
2025-09-20 04:00:00,115968.56,LONG,继续持多 (+0.73%)
2025-09-20 08:00:00,115894.06,LONG,继续持多 (+0.67%)
2025-09-20 12:00:00,115986.69,SHORT,"平多/反空 (局部高点,盈利0.75%)"
2025-09-20 16:00:00,115702.0,SHORT,继续持空 (+0.25%)
2025-09-20 20:00:00,115685.63,SHORT,继续持空 (+0.26%)
2025-09-21 00:00:00,115669.41,SHORT,继续持空 (+0.27%)
2025-09-21 04:00:00,115815.97,SHORT,继续持空 (+0.15%)
2025-09-21 08:00:00,115603.45,SHORT,继续持空 (+0.33%)
2025-09-21 12:00:00,115531.61,SHORT,继续持空 (+0.39%)
2025-09-21 16:00:00,115480.05,SHORT,继续持空 (+0.44%)
2025-09-21 20:00:00,115232.29,SHORT,继续持空 (+0.65%)
2025-09-22 00:00:00,114649.89,SHORT,继续持空 (+1.15%)
2025-09-22 12:00:00,112815.5,SHORT,继续持空 (+2.73%)
2025-09-22 16:00:00,112122.9,LONG,"平空/反多 (局部低点,盈利3.33%)"
2025-09-22 20:00:00,112650.99,LONG,继续持多 (+0.47%)
2025-09-23 08:00:00,112975.99,SHORT,"平多/反空 (局部高点,盈利0.76%)"
2025-09-23 12:00:00,112882.19,SHORT,继续持空 (+0.08%)
2025-09-23 16:00:00,111655.29,LONG,"平空/反多 (局部低点,盈利1.17%)"
2025-09-23 20:00:00,111998.8,LONG,继续持多 (+0.31%)
2025-09-24 12:00:00,113346.41,LONG,继续持多 (+1.51%)
2025-09-24 16:00:00,113420.01,SHORT,"平多/反空 (局部高点,盈利1.58%)"
2025-09-24 20:00:00,113307.0,SHORT,继续持空 (+0.10%)
2025-09-25 00:00:00,112546.21,SHORT,继续持空 (+0.77%)
2025-09-25 04:00:00,111766.72,SHORT,继续持空 (+1.46%)
2025-09-25 12:00:00,111580.77,SHORT,继续持空 (+1.62%)
2025-09-25 16:00:00,109360.0,SHORT,继续持空 (+3.58%)
2025-09-25 20:00:00,108994.49,LONG,"平空/反多 (局部低点,盈利3.90%)"
2025-09-26 00:00:00,109580.01,SHORT,"平多/反空 (局部高点,盈利0.54%)"
2025-09-26 04:00:00,109320.02,SHORT,继续持空 (+0.24%)
2025-09-26 16:00:00,109172.2,LONG,"平空/反多 (局部低点,盈利0.37%)"
2025-09-26 20:00:00,109643.46,SHORT,"平多/反空 (局部高点,盈利0.43%)"
2025-09-27 00:00:00,109553.77,SHORT,继续持空 (+0.08%)
2025-09-27 04:00:00,109411.2,SHORT,继续持空 (+0.21%)
2025-09-27 08:00:00,109310.21,LONG,"平空/反多 (局部低点,盈利0.30%)"
2025-09-27 12:00:00,109402.24,LONG,继续持多 (+0.08%)
2025-09-27 16:00:00,109424.2,LONG,继续持多 (+0.10%)
2025-09-27 20:00:00,109635.85,LONG,继续持多 (+0.30%)
2025-09-29 08:00:00,112100.0,LONG,继续持多 (+2.55%)
2025-09-29 12:00:00,113815.57,LONG,继续持多 (+4.12%)
2025-09-29 16:00:00,114265.55,LONG,继续持多 (+4.53%)
2025-09-29 20:00:00,114311.96,LONG,继续持多 (+4.58%)
2025-09-30 00:00:00,114376.39,SHORT,"平多/反空 (局部高点,盈利4.63%)"
2025-09-30 04:00:00,113699.23,SHORT,继续持空 (+0.59%)
2025-09-30 08:00:00,113055.01,LONG,"平空/反多 (局部低点,盈利1.16%)"
2025-09-30 12:00:00,113106.16,LONG,继续持多 (+0.05%)
2025-09-30 16:00:00,114359.99,SHORT,"平多/反空 (局部高点,盈利1.15%)"
2025-09-30 20:00:00,114048.93,SHORT,继续持空 (+0.27%)
2025-10-01 00:00:00,114176.92,SHORT,继续持空 (+0.16%)
2025-10-01 04:00:00,114539.02,SHORT,继续持空 (-0.16%)
2025-10-01 08:00:00,116789.58,SHORT,继续持空 (-2.12%)
2025-10-01 12:00:00,117423.73,SHORT,继续持空 (-2.68%)
2025-10-01 16:00:00,117439.53,SHORT,继续持空 (-2.69%)
2025-10-01 20:00:00,118594.99,SHORT,继续持空 (-3.70%)
2025-10-02 00:00:00,118733.99,SHORT,继续持空 (-3.82%)
2025-10-02 04:00:00,118489.76,LONG,"平空/反多 (局部低点,盈利-3.61%)"
2025-10-02 08:00:00,118765.73,LONG,继续持多 (+0.23%)
2025-10-02 12:00:00,119910.78,LONG,继续持多 (+1.20%)
2025-10-02 16:00:00,120836.49,SHORT,"平多/反空 (局部高点,盈利1.98%)"
2025-10-02 20:00:00,120529.35,SHORT,继续持空 (+0.25%)
2025-10-03 00:00:00,120225.89,SHORT,继续持空 (+0.51%)
2025-10-03 04:00:00,119640.21,LONG,"平空/反多 (局部低点,盈利0.99%)"
2025-10-03 08:00:00,120334.5,LONG,继续持多 (+0.58%)
2025-10-03 12:00:00,122258.05,LONG,继续持多 (+2.19%)
2025-10-03 16:00:00,122660.99,SHORT,"平多/反空 (局部高点,盈利2.52%)"
2025-10-03 20:00:00,122232.0,SHORT,继续持空 (+0.35%)
2025-10-04 04:00:00,122324.08,SHORT,继续持空 (+0.27%)
2025-10-04 08:00:00,121973.26,SHORT,继续持空 (+0.56%)
2025-10-04 12:00:00,121791.31,LONG,"平空/反多 (局部低点,盈利0.71%)"
2025-10-04 16:00:00,121959.25,LONG,继续持多 (+0.14%)
2025-10-04 20:00:00,122391.0,LONG,继续持多 (+0.49%)
2025-10-05 00:00:00,123776.22,LONG,继续持多 (+1.63%)
2025-10-05 04:00:00,124713.63,SHORT,"平多/反空 (局部高点,盈利2.40%)"
2025-10-05 08:00:00,123464.64,SHORT,继续持空 (+1.00%)
2025-10-05 12:00:00,122803.17,SHORT,继续持空 (+1.53%)
2025-10-05 16:00:00,122591.79,LONG,"平空/反多 (局部低点,盈利1.70%)"
2025-10-05 20:00:00,123482.31,LONG,继续持多 (+0.73%)
2025-10-06 00:00:00,123839.09,LONG,继续持多 (+1.02%)
2025-10-06 04:00:00,123390.47,LONG,继续持多 (+0.65%)
2025-10-06 08:00:00,124215.0,LONG,继续持多 (+1.32%)
2025-10-06 16:00:00,125410.81,SHORT,"平多/反空 (局部高点,盈利2.30%)"
2025-10-06 20:00:00,124658.54,SHORT,继续持空 (+0.60%)
2025-10-07 00:00:00,124329.74,SHORT,继续持空 (+0.86%)
2025-10-07 04:00:00,123667.99,SHORT,继续持空 (+1.39%)
2025-10-07 08:00:00,124453.38,SHORT,继续持空 (+0.76%)
2025-10-07 12:00:00,121846.01,SHORT,继续持空 (+2.84%)
2025-10-07 16:00:00,121637.17,SHORT,继续持空 (+3.01%)
2025-10-07 20:00:00,121332.95,LONG,"平空/反多 (局部低点,盈利3.25%)"
2025-10-08 00:00:00,121374.75,LONG,继续持多 (+0.03%)
2025-10-08 04:00:00,121597.06,LONG,继续持多 (+0.22%)
2025-10-08 08:00:00,122884.14,LONG,继续持多 (+1.28%)
2025-10-08 12:00:00,122189.72,LONG,继续持多 (+0.71%)
2025-10-08 16:00:00,123450.0,SHORT,"平多/反空 (局部高点,盈利1.74%)"
2025-10-08 20:00:00,123306.0,SHORT,继续持空 (+0.12%)
2025-10-09 00:00:00,122038.01,SHORT,继续持空 (+1.14%)
2025-10-09 04:00:00,121906.1,SHORT,继续持空 (+1.25%)
2025-10-09 08:00:00,122737.57,SHORT,继续持空 (+0.58%)
2025-10-09 12:00:00,121147.14,SHORT,继续持空 (+1.87%)
2025-10-09 16:00:00,120951.72,LONG,"平空/反多 (局部低点,盈利2.02%)"
2025-10-09 20:00:00,121662.4,SHORT,"平多/反空 (局部高点,盈利0.59%)"
2025-10-10 00:00:00,121026.01,SHORT,继续持空 (+0.52%)
2025-10-10 04:00:00,120932.05,SHORT,继续持空 (+0.60%)
2025-10-10 08:00:00,121554.55,SHORT,继续持空 (+0.09%)
2025-10-10 12:00:00,119018.98,SHORT,继续持空 (+2.17%)
2025-10-10 16:00:00,116661.5,SHORT,继续持空 (+4.11%)
2025-10-10 20:00:00,112774.5,SHORT,继续持空 (+7.31%)
2025-10-11 00:00:00,112300.01,SHORT,继续持空 (+7.70%)
2025-10-11 04:00:00,110384.61,LONG,"平空/反多 (局部低点,盈利9.27%)"
2025-10-11 08:00:00,112280.0,LONG,继续持多 (+1.72%)
2025-10-11 12:00:00,111793.2,LONG,继续持多 (+1.28%)
2025-10-11 16:00:00,111178.31,LONG,继续持多 (+0.72%)
2025-10-11 20:00:00,110644.4,LONG,继续持多 (+0.24%)
2025-10-12 00:00:00,110676.0,LONG,继续持多 (+0.26%)
2025-10-12 04:00:00,111525.2,LONG,继续持多 (+1.03%)
2025-10-12 08:00:00,111848.36,LONG,继续持多 (+1.33%)
2025-10-12 12:00:00,113198.2,LONG,继续持多 (+2.55%)
2025-10-12 16:00:00,114342.28,LONG,继续持多 (+3.59%)
2025-10-12 20:00:00,114958.8,LONG,继续持多 (+4.14%)
2025-10-13 00:00:00,114821.12,LONG,继续持多 (+4.02%)
2025-10-13 04:00:00,115399.67,LONG,继续持多 (+4.54%)
2025-10-13 12:00:00,114312.1,LONG,继续持多 (+3.56%)
2025-10-13 16:00:00,115792.84,SHORT,"平多/反空 (局部高点,盈利4.90%)"
2025-10-14 08:00:00,111313.98,LONG,"平空/反多 (局部低点,盈利3.87%)"
2025-10-14 12:00:00,112900.43,LONG,继续持多 (+1.43%)
2025-10-14 16:00:00,112613.7,LONG,继续持多 (+1.17%)
2025-10-15 04:00:00,112584.5,LONG,继续持多 (+1.14%)
2025-10-15 08:00:00,111905.73,LONG,继续持多 (+0.53%)
2025-10-15 12:00:00,110798.01,LONG,继续持多 (-0.46%)
2025-10-15 16:00:00,111271.73,LONG,继续持多 (-0.04%)
2025-10-15 20:00:00,110763.28,LONG,继续持多 (-0.49%)
2025-10-16 00:00:00,111329.48,LONG,继续持多 (+0.01%)
2025-10-16 04:00:00,110584.2,LONG,继续持多 (-0.66%)
2025-10-16 08:00:00,111404.72,SHORT,"平多/反空 (局部高点,盈利0.08%)"
2025-10-16 12:00:00,108549.21,SHORT,继续持空 (+2.56%)
2025-10-16 16:00:00,108197.66,SHORT,继续持空 (+2.88%)
2025-10-16 20:00:00,108194.28,SHORT,继续持空 (+2.88%)
2025-10-17 00:00:00,109176.74,SHORT,继续持空 (+2.00%)
2025-10-17 04:00:00,105633.75,LONG,"平空/反多 (局部低点,盈利5.18%)"
2025-10-17 08:00:00,105683.72,LONG,继续持多 (+0.05%)
2025-10-17 12:00:00,106803.53,SHORT,"平多/反空 (局部高点,盈利1.11%)"
2025-10-17 16:00:00,106454.72,SHORT,继续持空 (+0.33%)
2025-10-17 20:00:00,106431.68,LONG,"平空/反多 (局部低点,盈利0.35%)"
2025-10-18 00:00:00,107070.4,LONG,继续持多 (+0.60%)
2025-10-18 04:00:00,106665.0,LONG,继续持多 (+0.22%)
2025-10-18 08:00:00,107208.6,SHORT,"平多/反空 (局部高点,盈利0.73%)"
2025-10-18 12:00:00,106948.75,SHORT,继续持空 (+0.24%)
2025-10-18 16:00:00,107080.14,SHORT,继续持空 (+0.12%)
2025-10-18 20:00:00,107185.01,SHORT,继续持空 (+0.02%)
2025-10-19 00:00:00,107275.78,SHORT,继续持空 (-0.06%)
2025-10-19 04:00:00,106786.0,LONG,"平空/反多 (局部低点,盈利0.39%)"
2025-10-19 08:00:00,107783.47,LONG,继续持多 (+0.93%)
2025-10-19 12:00:00,108486.7,LONG,继续持多 (+1.59%)
2025-10-19 16:00:00,108908.43,LONG,继续持多 (+1.99%)
2025-10-19 20:00:00,108642.78,LONG,继续持多 (+1.74%)
2025-10-20 00:00:00,110145.44,LONG,继续持多 (+3.15%)
2025-10-20 04:00:00,111169.92,SHORT,"平多/反空 (局部高点,盈利4.11%)"
2025-10-20 08:00:00,111016.75,SHORT,继续持空 (+0.14%)
2025-10-20 12:00:00,111144.55,SHORT,继续持空 (+0.02%)
2025-10-20 16:00:00,110803.22,SHORT,继续持空 (+0.33%)
2025-10-20 20:00:00,110532.09,SHORT,继续持空 (+0.57%)
2025-10-21 00:00:00,109059.22,SHORT,继续持空 (+1.90%)
2025-10-21 04:00:00,108086.37,LONG,"平空/反多 (局部低点,盈利2.77%)"
2025-10-21 08:00:00,108580.01,LONG,继续持多 (+0.46%)
2025-10-21 12:00:00,113422.61,SHORT,"平多/反空 (局部高点,盈利4.94%)"
2025-10-21 16:00:00,111780.39,SHORT,继续持空 (+1.45%)
2025-10-21 20:00:00,108297.67,SHORT,继续持空 (+4.52%)
2025-10-22 00:00:00,108216.02,SHORT,继续持空 (+4.59%)
2025-10-22 04:00:00,108321.63,SHORT,继续持空 (+4.50%)
2025-10-22 16:00:00,107870.35,SHORT,继续持空 (+4.90%)
2025-10-22 20:00:00,107567.44,LONG,"平空/反多 (局部低点,盈利5.16%)"
2025-10-23 00:00:00,108377.96,LONG,继续持多 (+0.75%)
2025-10-23 04:00:00,109269.9,LONG,继续持多 (+1.58%)
2025-10-23 08:00:00,109253.89,LONG,继续持多 (+1.57%)
2025-10-23 12:00:00,109908.28,LONG,继续持多 (+2.18%)
2025-10-23 16:00:00,110200.0,LONG,继续持多 (+2.45%)
2025-10-23 20:00:00,110078.18,LONG,继续持多 (+2.33%)
2025-10-24 00:00:00,110441.46,LONG,继续持多 (+2.67%)
2025-10-24 04:00:00,111054.61,LONG,继续持多 (+3.24%)
2025-10-24 08:00:00,111066.29,SHORT,"平多/反空 (局部高点,盈利3.25%)"
2025-10-24 12:00:00,110046.91,LONG,"平空/反多 (局部低点,盈利0.92%)"
2025-10-24 16:00:00,110615.07,LONG,继续持多 (+0.52%)
2025-10-24 20:00:00,111004.89,LONG,继续持多 (+0.87%)
2025-10-25 00:00:00,111029.99,LONG,继续持多 (+0.89%)
2025-10-25 04:00:00,111489.6,LONG,继续持多 (+1.31%)
2025-10-25 08:00:00,111563.81,LONG,继续持多 (+1.38%)
2025-10-25 12:00:00,111385.18,LONG,继续持多 (+1.22%)
2025-10-25 16:00:00,111623.45,LONG,继续持多 (+1.43%)
2025-10-25 20:00:00,111646.27,LONG,继续持多 (+1.45%)
2025-10-26 00:00:00,111260.46,LONG,继续持多 (+1.10%)
2025-10-26 04:00:00,111723.98,LONG,继续持多 (+1.52%)
2025-10-26 08:00:00,113286.09,LONG,继续持多 (+2.94%)
2025-10-27 04:00:00,115554.6,SHORT,"平多/反空 (局部高点,盈利5.00%)"
2025-10-27 12:00:00,114969.68,SHORT,继续持空 (+0.51%)
2025-10-27 16:00:00,114942.64,SHORT,继续持空 (+0.53%)
2025-10-27 20:00:00,114107.65,SHORT,继续持空 (+1.25%)
2025-10-28 00:00:00,113908.24,LONG,"平空/反多 (局部低点,盈利1.42%)"
2025-10-28 04:00:00,114188.37,LONG,继续持多 (+0.25%)
2025-10-28 08:00:00,114357.73,SHORT,"平多/反空 (局部高点,盈利0.39%)"
2025-10-28 20:00:00,112898.45,SHORT,继续持空 (+1.28%)
2025-10-29 00:00:00,112523.49,LONG,"平空/反多 (局部低点,盈利1.60%)"
2025-10-29 04:00:00,113577.9,SHORT,"平多/反空 (局部高点,盈利0.94%)"
2025-10-29 08:00:00,113132.36,SHORT,继续持空 (+0.39%)
2025-10-29 12:00:00,111509.74,SHORT,继续持空 (+1.82%)
2025-10-29 16:00:00,110640.0,SHORT,继续持空 (+2.59%)
2025-10-29 20:00:00,110021.29,LONG,"平空/反多 (局部低点,盈利3.13%)"
2025-10-30 00:00:00,110751.47,LONG,继续持多 (+0.66%)
2025-10-30 04:00:00,111366.72,SHORT,"平多/反空 (局部高点,盈利1.22%)"
2025-10-30 08:00:00,109717.29,SHORT,继续持空 (+1.48%)
2025-10-30 12:00:00,107711.56,SHORT,继续持空 (+3.28%)
2025-10-30 16:00:00,106536.39,LONG,"平空/反多 (局部低点,盈利4.34%)"
2025-10-30 20:00:00,108322.88,LONG,继续持多 (+1.68%)
2025-10-31 00:00:00,109227.86,LONG,继续持多 (+2.53%)
2025-10-31 04:00:00,109449.31,LONG,继续持多 (+2.73%)
2025-10-31 08:00:00,110415.61,SHORT,"平多/反空 (局部高点,盈利3.64%)"
2025-10-31 12:00:00,110202.9,SHORT,继续持空 (+0.19%)
2025-10-31 16:00:00,109828.78,SHORT,继续持空 (+0.53%)
2025-10-31 20:00:00,109608.01,LONG,"平空/反多 (局部低点,盈利0.73%)"
2025-11-01 00:00:00,110226.37,SHORT,"平多/反空 (局部高点,盈利0.56%)"
2025-11-01 04:00:00,110071.4,SHORT,继续持空 (+0.14%)
2025-11-01 08:00:00,110137.59,SHORT,继续持空 (+0.08%)
2025-11-01 12:00:00,110310.65,SHORT,继续持空 (-0.08%)
2025-11-01 16:00:00,110299.99,SHORT,继续持空 (-0.07%)
2025-11-01 20:00:00,110098.1,LONG,"平空/反多 (局部低点,盈利0.12%)"
2025-11-02 04:00:00,110895.53,LONG,继续持多 (+0.72%)
2025-11-02 08:00:00,111196.99,SHORT,"平多/反空 (局部高点,盈利1.00%)"
2025-11-02 12:00:00,110117.48,LONG,"平空/反多 (局部低点,盈利0.97%)"
2025-11-02 16:00:00,110180.84,LONG,继续持多 (+0.06%)
2025-11-02 20:00:00,110540.68,SHORT,"平多/反空 (局部高点,盈利0.38%)"
2025-11-03 00:00:00,107937.45,SHORT,继续持空 (+2.35%)
2025-11-03 04:00:00,107468.23,SHORT,继续持空 (+2.78%)
2025-11-03 08:00:00,107787.42,SHORT,继续持空 (+2.49%)
2025-11-04 08:00:00,104584.76,SHORT,继续持空 (+5.39%)
2025-11-04 12:00:00,103197.01,SHORT,继续持空 (+6.64%)
2025-11-04 16:00:00,100542.64,LONG,"平空/反多 (局部低点,盈利9.04%)"
2025-11-04 20:00:00,101497.22,LONG,继续持多 (+0.95%)
2025-11-05 00:00:00,102130.0,SHORT,"平多/反空 (局部高点,盈利1.58%)"
2025-11-05 04:00:00,101993.02,SHORT,继续持空 (+0.13%)
2025-11-05 08:00:00,102070.61,SHORT,继续持空 (+0.06%)
2025-11-05 12:00:00,103728.3,SHORT,继续持空 (-1.56%)
2025-11-05 16:00:00,104008.09,SHORT,继续持空 (-1.84%)
2025-11-05 20:00:00,103885.16,SHORT,继续持空 (-1.72%)
2025-11-06 00:00:00,103636.03,SHORT,继续持空 (-1.47%)
2025-11-06 04:00:00,103185.48,SHORT,继续持空 (-1.03%)
2025-11-06 16:00:00,101388.81,SHORT,继续持空 (+0.73%)
2025-11-06 20:00:00,101346.04,LONG,"平空/反多 (局部低点,盈利0.77%)"
2025-11-07 00:00:00,101916.29,LONG,继续持多 (+0.56%)
2025-11-07 04:00:00,102010.0,SHORT,"平多/反空 (局部高点,盈利0.66%)"
2025-11-07 08:00:00,100411.89,LONG,"平空/反多 (局部低点,盈利1.57%)"
2025-11-07 12:00:00,100797.95,LONG,继续持多 (+0.38%)
2025-11-07 16:00:00,103395.25,SHORT,"平多/反空 (局部高点,盈利2.97%)"
2025-11-07 20:00:00,103339.08,SHORT,继续持空 (+0.05%)
2025-11-08 00:00:00,102592.76,SHORT,继续持空 (+0.78%)
2025-11-08 04:00:00,102352.96,SHORT,继续持空 (+1.01%)
2025-11-08 08:00:00,101857.1,SHORT,继续持空 (+1.49%)
2025-11-08 12:00:00,101711.45,LONG,"平空/反多 (局部低点,盈利1.63%)"
2025-11-08 16:00:00,101989.65,LONG,继续持多 (+0.27%)
2025-11-08 20:00:00,102312.94,SHORT,"平多/反空 (局部高点,盈利0.59%)"
2025-11-09 00:00:00,101662.05,LONG,"平空/反多 (局部低点,盈利0.64%)"
2025-11-09 04:00:00,101944.59,LONG,继续持多 (+0.28%)
2025-11-09 08:00:00,102239.41,LONG,继续持多 (+0.57%)
2025-11-09 12:00:00,103762.17,LONG,继续持多 (+2.07%)
2025-11-09 16:00:00,104805.57,LONG,继续持多 (+3.09%)
2025-11-09 20:00:00,104722.96,LONG,继续持多 (+3.01%)
2025-11-10 00:00:00,106027.97,LONG,继续持多 (+4.29%)
2025-11-10 04:00:00,106461.45,SHORT,"平多/反空 (局部高点,盈利4.72%)"
2025-11-10 08:00:00,106176.5,SHORT,继续持空 (+0.27%)
2025-11-10 12:00:00,105079.99,LONG,"平空/反多 (局部低点,盈利1.30%)"
2025-11-10 16:00:00,105817.99,LONG,继续持多 (+0.70%)
2025-11-10 20:00:00,106011.13,LONG,继续持多 (+0.89%)
2025-11-11 00:00:00,106456.0,SHORT,"平多/反空 (局部高点,盈利1.31%)"
2025-11-11 04:00:00,104783.98,SHORT,继续持空 (+1.57%)
2025-11-11 08:00:00,105311.9,SHORT,继续持空 (+1.07%)
2025-11-11 12:00:00,103455.99,SHORT,继续持空 (+2.82%)
2025-11-11 16:00:00,103126.39,SHORT,继续持空 (+3.13%)
2025-11-11 20:00:00,103058.99,LONG,"平空/反多 (局部低点,盈利3.19%)"
2025-11-12 00:00:00,103310.0,LONG,继续持多 (+0.24%)
2025-11-12 04:00:00,103112.66,LONG,继续持多 (+0.05%)
2025-11-12 08:00:00,105020.83,SHORT,"平多/反空 (局部高点,盈利1.90%)"
2025-11-13 12:00:00,101382.64,SHORT,继续持空 (+3.46%)
2025-11-13 16:00:00,98682.14,LONG,"平空/反多 (局部低点,盈利6.04%)"
2025-11-13 20:00:00,99692.02,LONG,继续持多 (+1.02%)
2025-11-14 00:00:00,99139.38,LONG,继续持多 (+0.46%)
2025-11-14 20:00:00,94594.0,LONG,继续持多 (-4.14%)
2025-11-15 00:00:00,96417.12,LONG,继续持多 (-2.30%)
2025-11-15 04:00:00,96333.86,LONG,继续持多 (-2.38%)
2025-11-15 08:00:00,95696.87,LONG,继续持多 (-3.03%)
2025-11-15 12:00:00,96260.0,LONG,继续持多 (-2.45%)
2025-11-15 16:00:00,96012.01,LONG,继续持多 (-2.71%)
2025-11-15 20:00:00,95596.24,LONG,继续持多 (-3.13%)
2025-11-16 00:00:00,95825.02,LONG,继续持多 (-2.90%)
2025-11-16 04:00:00,96099.99,SHORT,"平多/反空 (局部高点,盈利-2.62%)"
2025-11-16 08:00:00,95627.13,SHORT,继续持空 (+0.49%)
2025-11-16 12:00:00,94573.46,SHORT,继续持空 (+1.59%)
2025-11-16 16:00:00,94020.0,LONG,"平空/反多 (局部低点,盈利2.16%)"
2025-11-16 20:00:00,94261.44,LONG,继续持多 (+0.26%)
2025-11-17 00:00:00,95496.77,LONG,继续持多 (+1.57%)
2025-11-17 04:00:00,95653.77,SHORT,"平多/反空 (局部高点,盈利1.74%)"
2025-11-17 08:00:00,95565.38,SHORT,继续持空 (+0.09%)
2025-11-17 12:00:00,93959.67,SHORT,继续持空 (+1.77%)
2025-11-17 16:00:00,91678.93,SHORT,继续持空 (+4.16%)
2025-11-17 20:00:00,92215.14,SHORT,继续持空 (+3.59%)
2025-11-18 00:00:00,90842.72,SHORT,继续持空 (+5.03%)
2025-11-18 04:00:00,90512.1,LONG,"平空/反多 (局部低点,盈利5.38%)"
2025-11-18 08:00:00,91517.82,LONG,继续持多 (+1.11%)
2025-11-18 12:00:00,92910.1,LONG,继续持多 (+2.65%)
2025-11-18 16:00:00,93195.61,SHORT,"平多/反空 (局部高点,盈利2.96%)"
2025-11-18 20:00:00,92960.83,SHORT,继续持空 (+0.25%)
2025-11-19 00:00:00,91874.52,SHORT,继续持空 (+1.42%)
2025-11-19 04:00:00,91863.64,SHORT,继续持空 (+1.43%)
2025-11-19 08:00:00,91410.22,SHORT,继续持空 (+1.92%)
2025-11-19 12:00:00,89951.7,SHORT,继续持空 (+3.48%)
2025-11-19 16:00:00,88884.56,SHORT,继续持空 (+4.63%)
2025-11-20 12:00:00,89869.88,SHORT,继续持空 (+3.57%)
2025-11-20 16:00:00,86921.28,SHORT,继续持空 (+6.73%)
2025-11-20 20:00:00,86637.23,SHORT,继续持空 (+7.04%)
2025-11-21 00:00:00,85821.34,SHORT,继续持空 (+7.91%)
2025-11-21 04:00:00,84049.39,SHORT,继续持空 (+9.81%)
2025-11-21 08:00:00,82309.66,LONG,"平空/反多 (局部低点,盈利11.68%)"
2025-11-21 16:00:00,84209.3,LONG,继续持多 (+2.31%)
2025-11-22 20:00:00,84739.74,LONG,继续持多 (+2.95%)
2025-11-23 00:00:00,86308.54,LONG,继续持多 (+4.86%)
2025-11-23 04:00:00,85782.19,LONG,继续持多 (+4.22%)
2025-11-23 08:00:00,86331.28,LONG,继续持多 (+4.89%)
2025-11-23 12:00:00,87087.44,LONG,继续持多 (+5.80%)
2025-11-23 16:00:00,87325.01,LONG,继续持多 (+6.09%)
2025-11-23 20:00:00,86830.0,LONG,继续持多 (+5.49%)
2025-11-24 00:00:00,87460.02,SHORT,"平多/反空 (局部高点,盈利6.26%)"
2025-11-24 04:00:00,87050.39,SHORT,继续持空 (+0.47%)
2025-11-24 08:00:00,86264.72,LONG,"平空/反多 (局部低点,盈利1.37%)"
2025-11-24 12:00:00,86616.44,LONG,继续持多 (+0.41%)
2025-11-24 16:00:00,88327.29,SHORT,"平多/反空 (局部高点,盈利2.39%)"
2025-11-24 20:00:00,88300.01,SHORT,继续持空 (+0.03%)
2025-11-25 00:00:00,87822.12,SHORT,继续持空 (+0.57%)
2025-11-25 04:00:00,87384.81,SHORT,继续持空 (+1.07%)
2025-11-25 08:00:00,87361.71,SHORT,继续持空 (+1.09%)
2025-11-25 12:00:00,86988.94,SHORT,继续持空 (+1.52%)
2025-11-25 16:00:00,86882.85,LONG,"平空/反多 (局部低点,盈利1.64%)"
2025-11-25 20:00:00,87369.96,LONG,继续持多 (+0.56%)
2025-11-26 00:00:00,87119.92,LONG,继续持多 (+0.27%)
2025-11-26 04:00:00,87935.05,LONG,继续持多 (+1.21%)
2025-11-26 08:00:00,87095.79,LONG,继续持多 (+0.25%)
2025-11-26 20:00:00,90484.02,LONG,继续持多 (+4.14%)
2025-11-27 00:00:00,91091.68,LONG,继续持多 (+4.84%)
2025-11-27 04:00:00,91408.34,SHORT,"平多/反空 (局部高点,盈利5.21%)"
2025-11-27 08:00:00,91371.88,SHORT,继续持空 (+0.04%)
2025-11-27 12:00:00,90958.3,LONG,"平空/反多 (局部低点,盈利0.49%)"
2025-11-27 16:00:00,91528.21,SHORT,"平多/反空 (局部高点,盈利0.63%)"
2025-11-27 20:00:00,91333.95,SHORT,继续持空 (+0.21%)
2025-11-28 00:00:00,91208.85,SHORT,继续持空 (+0.35%)
2025-11-28 04:00:00,90910.87,SHORT,继续持空 (+0.67%)
2025-11-28 08:00:00,91437.64,SHORT,继续持空 (+0.10%)
2025-11-29 00:00:00,90680.26,SHORT,继续持空 (+0.93%)
2025-11-29 04:00:00,90567.67,LONG,"平空/反多 (局部低点,盈利1.05%)"
2025-11-30 04:00:00,90968.16,LONG,继续持多 (+0.44%)
2025-11-30 08:00:00,91048.78,LONG,继续持多 (+0.53%)
2025-11-30 12:00:00,91435.31,LONG,继续持多 (+0.96%)
2025-11-30 16:00:00,91460.79,SHORT,"平多/反空 (局部高点,盈利0.99%)"
2025-11-30 20:00:00,90360.0,SHORT,继续持空 (+1.20%)
2025-12-01 00:00:00,86346.13,SHORT,继续持空 (+5.59%)
2025-12-01 04:00:00,86550.3,SHORT,继续持空 (+5.37%)
2025-12-01 08:00:00,86149.15,SHORT,继续持空 (+5.81%)
2025-12-01 12:00:00,84677.87,LONG,"平空/反多 (局部低点,盈利7.42%)"
2025-12-01 16:00:00,85024.5,LONG,继续持多 (+0.41%)
2025-12-01 20:00:00,86286.01,LONG,继续持多 (+1.90%)
2025-12-02 00:00:00,86976.99,LONG,继续持多 (+2.72%)
2025-12-02 04:00:00,87012.65,LONG,继续持多 (+2.76%)
2025-12-02 08:00:00,87368.92,LONG,继续持多 (+3.18%)
2025-12-02 12:00:00,90850.01,LONG,继续持多 (+7.29%)
2025-12-02 16:00:00,91903.39,LONG,继续持多 (+8.53%)
2025-12-02 20:00:00,91277.88,LONG,继续持多 (+7.79%)
2025-12-03 00:00:00,92628.91,LONG,继续持多 (+9.39%)
2025-12-03 04:00:00,92999.99,LONG,继续持多 (+9.83%)
2025-12-03 08:00:00,93005.68,LONG,继续持多 (+9.83%)
2025-12-03 12:00:00,92373.3,LONG,继续持多 (+9.09%)
2025-12-03 16:00:00,93024.99,LONG,继续持多 (+9.86%)
2025-12-03 20:00:00,93429.95,SHORT,"平多/反空 (局部高点,盈利10.34%)"
2025-12-04 12:00:00,92971.49,SHORT,继续持空 (+0.49%)
2025-12-04 16:00:00,91975.44,LONG,"平空/反多 (局部低点,盈利1.56%)"
2025-12-04 20:00:00,92078.06,LONG,继续持多 (+0.11%)
2025-12-05 00:00:00,92142.75,LONG,继续持多 (+0.18%)
2025-12-05 04:00:00,92258.65,SHORT,"平多/反空 (局部高点,盈利0.31%)"
2025-12-05 08:00:00,91351.43,SHORT,继续持空 (+0.98%)
2025-12-05 12:00:00,90459.35,SHORT,继续持空 (+1.95%)
2025-12-05 16:00:00,89629.26,SHORT,继续持空 (+2.85%)
2025-12-05 20:00:00,89330.04,LONG,"平空/反多 (局部低点,盈利3.17%)"
2025-12-06 00:00:00,89688.35,SHORT,"平多/反空 (局部高点,盈利0.40%)"
2025-12-06 04:00:00,89597.13,SHORT,继续持空 (+0.10%)
2025-12-06 08:00:00,89631.28,SHORT,继续持空 (+0.06%)
2025-12-06 12:00:00,89758.77,SHORT,继续持空 (-0.08%)
2025-12-06 16:00:00,89405.64,SHORT,继续持空 (+0.32%)
2025-12-06 20:00:00,89236.79,LONG,"平空/反多 (局部低点,盈利0.50%)"
2025-12-07 20:00:00,90395.31,LONG,继续持多 (+1.30%)
2025-12-08 00:00:00,91068.29,LONG,继续持多 (+2.05%)
2025-12-08 04:00:00,91565.46,LONG,继续持多 (+2.61%)
2025-12-08 20:00:00,90634.34,LONG,继续持多 (+1.57%)
2025-12-09 16:00:00,93800.83,SHORT,"平多/反空 (局部高点,盈利5.11%)"
2025-12-09 20:00:00,92678.8,SHORT,继续持空 (+1.20%)
2025-12-10 00:00:00,92410.62,SHORT,继续持空 (+1.48%)
2025-12-10 04:00:00,92782.91,SHORT,继续持空 (+1.09%)
2025-12-10 12:00:00,92063.69,SHORT,继续持空 (+1.85%)
2025-12-10 16:00:00,92957.67,SHORT,继续持空 (+0.90%)
2025-12-10 20:00:00,92015.37,SHORT,继续持空 (+1.90%)
2025-12-11 00:00:00,89880.01,LONG,"平空/反多 (局部低点,盈利4.18%)"
2025-12-11 04:00:00,90272.75,LONG,继续持多 (+0.44%)
2025-12-11 08:00:00,90242.35,LONG,继续持多 (+0.40%)
2025-12-11 12:00:00,89872.51,LONG,继续持多 (-0.01%)
2025-12-11 16:00:00,90839.81,LONG,继续持多 (+1.07%)
2025-12-11 20:00:00,92513.38,SHORT,"平多/反空 (局部高点,盈利2.93%)"
2025-12-12 00:00:00,92283.4,SHORT,继续持空 (+0.25%)
2025-12-12 04:00:00,92425.34,SHORT,继续持空 (+0.10%)
2025-12-12 08:00:00,92418.19,SHORT,继续持空 (+0.10%)
2025-12-12 12:00:00,89935.14,LONG,"平空/反多 (局部低点,盈利2.79%)"
2025-12-13 16:00:00,90178.16,LONG,继续持多 (+0.27%)
2025-12-13 20:00:00,90240.01,LONG,继续持多 (+0.34%)
2025-12-14 00:00:00,90258.98,SHORT,"平多/反空 (局部高点,盈利0.36%)"
2025-12-14 04:00:00,90245.6,SHORT,继续持空 (+0.01%)
2025-12-14 08:00:00,89360.0,SHORT,继续持空 (+1.00%)
2025-12-14 12:00:00,89022.91,SHORT,继续持空 (+1.37%)
2025-12-14 16:00:00,88644.88,SHORT,继续持空 (+1.79%)
2025-12-14 20:00:00,88172.17,LONG,"平空/反多 (局部低点,盈利2.31%)"
2025-12-15 04:00:00,89753.42,SHORT,"平多/反空 (局部高点,盈利1.79%)"
2025-12-15 08:00:00,89641.28,SHORT,继续持空 (+0.12%)
2025-12-15 12:00:00,87033.22,SHORT,继续持空 (+3.03%)
2025-12-15 16:00:00,86149.96,SHORT,继续持空 (+4.01%)
2025-12-15 20:00:00,86432.08,SHORT,继续持空 (+3.70%)
2025-12-16 00:00:00,85875.92,LONG,"平空/反多 (局部低点,盈利4.32%)"
2025-12-16 04:00:00,86021.51,LONG,继续持多 (+0.17%)
2025-12-16 08:00:00,87261.45,LONG,继续持多 (+1.61%)
2025-12-16 12:00:00,87977.43,SHORT,"平多/反空 (局部高点,盈利2.45%)"
2025-12-16 16:00:00,87585.77,SHORT,继续持空 (+0.45%)
2025-12-16 20:00:00,87863.42,SHORT,继续持空 (+0.13%)
2025-12-17 08:00:00,86983.26,SHORT,继续持空 (+1.13%)
2025-12-17 12:00:00,87233.44,SHORT,继续持空 (+0.85%)
2025-12-17 16:00:00,86018.53,LONG,"平空/反多 (局部低点,盈利2.23%)"
2025-12-17 20:00:00,86243.22,LONG,继续持多 (+0.26%)
2025-12-18 00:00:00,86618.34,LONG,继续持多 (+0.70%)
2025-12-18 04:00:00,86833.84,LONG,继续持多 (+0.95%)
2025-12-18 08:00:00,87300.74,LONG,继续持多 (+1.49%)
2025-12-19 04:00:00,87953.4,LONG,继续持多 (+2.25%)
2025-12-19 08:00:00,88198.7,SHORT,"平多/反空 (局部高点,盈利2.53%)"
2025-12-19 12:00:00,87951.87,SHORT,继续持空 (+0.28%)
2025-12-19 16:00:00,87845.92,LONG,"平空/反多 (局部低点,盈利0.40%)"
2025-12-19 20:00:00,88136.94,LONG,继续持多 (+0.33%)
2025-12-20 00:00:00,88214.98,LONG,继续持多 (+0.42%)
2025-12-20 04:00:00,88275.41,LONG,继续持多 (+0.49%)
2025-12-20 20:00:00,88360.9,SHORT,"平多/反空 (局部高点,盈利0.59%)"
2025-12-21 00:00:00,88070.64,LONG,"平空/反多 (局部低点,盈利0.33%)"
2025-12-21 04:00:00,88174.79,LONG,继续持多 (+0.12%)
2025-12-21 20:00:00,88658.86,LONG,继续持多 (+0.67%)
2025-12-22 00:00:00,88774.12,LONG,继续持多 (+0.80%)
2025-12-22 04:00:00,89170.1,LONG,继续持多 (+1.25%)
2025-12-22 08:00:00,89945.43,SHORT,"平多/反空 (局部高点,盈利2.13%)"
2025-12-22 12:00:00,89726.92,SHORT,继续持空 (+0.24%)
2025-12-22 16:00:00,88052.43,LONG,"平空/反多 (局部低点,盈利2.10%)"
2025-12-22 20:00:00,88620.79,LONG,继续持多 (+0.65%)
2025-12-23 00:00:00,88170.0,LONG,继续持多 (+0.13%)
2025-12-23 04:00:00,87574.79,LONG,继续持多 (-0.54%)
2025-12-23 08:00:00,87856.65,LONG,继续持多 (-0.22%)
2025-12-23 12:00:00,87443.45,LONG,继续持多 (-0.69%)
2025-12-23 16:00:00,87752.87,LONG,继续持多 (-0.34%)
2025-12-23 20:00:00,87486.0,LONG,继续持多 (-0.64%)
2025-12-24 04:00:00,86911.53,LONG,继续持多 (-1.30%)
2025-12-24 12:00:00,87049.99,LONG,继续持多 (-1.14%)
2025-12-24 16:00:00,87566.06,LONG,继续持多 (-0.55%)
2025-12-24 20:00:00,87669.45,LONG,继续持多 (-0.43%)
2025-12-25 00:00:00,87840.42,LONG,继续持多 (-0.24%)
2025-12-25 16:00:00,88151.18,LONG,继续持多 (+0.11%)
2025-12-25 20:00:00,87225.27,LONG,继续持多 (-0.94%)
2025-12-26 00:00:00,88844.87,SHORT,"平多/反空 (局部高点,盈利0.90%)"
2025-12-26 04:00:00,88470.75,SHORT,继续持空 (+0.42%)
2025-12-26 08:00:00,88533.42,SHORT,继续持空 (+0.35%)
2025-12-26 20:00:00,87369.56,LONG,"平空/反多 (局部低点,盈利1.66%)"
2025-12-27 00:00:00,87514.22,LONG,继续持多 (+0.17%)
2025-12-27 12:00:00,87551.25,LONG,继续持多 (+0.21%)
2025-12-27 16:00:00,87569.39,LONG,继续持多 (+0.23%)
2025-12-27 20:00:00,87877.01,SHORT,"平多/反空 (局部高点,盈利0.58%)"
2025-12-28 00:00:00,87740.01,SHORT,继续持空 (+0.16%)
2025-12-28 04:00:00,87730.85,LONG,"平空/反多 (局部低点,盈利0.17%)"
2025-12-28 08:00:00,87883.25,SHORT,"平多/反空 (局部高点,盈利0.17%)"
2025-12-28 12:00:00,87836.27,SHORT,继续持空 (+0.05%)
2025-12-28 16:00:00,87520.75,LONG,"平空/反多 (局部低点,盈利0.41%)"
2025-12-28 20:00:00,87952.71,LONG,继续持多 (+0.49%)
2025-12-29 00:00:00,90123.55,SHORT,"平多/反空 (局部高点,盈利2.97%)"
2025-12-29 04:00:00,89617.71,SHORT,继续持空 (+0.56%)
2025-12-29 08:00:00,87567.66,SHORT,继续持空 (+2.84%)
2025-12-29 12:00:00,87691.62,SHORT,继续持空 (+2.70%)
2025-12-30 04:00:00,87502.85,LONG,"平空/反多 (局部低点,盈利2.91%)"
2025-12-30 08:00:00,87903.89,LONG,继续持多 (+0.46%)
2025-12-30 12:00:00,89016.35,SHORT,"平多/反空 (局部高点,盈利1.73%)"
2025-12-30 16:00:00,88226.16,SHORT,继续持空 (+0.89%)
2025-12-30 20:00:00,88485.49,SHORT,继续持空 (+0.60%)
2025-12-31 00:00:00,88453.04,SHORT,继续持空 (+0.63%)
2025-12-31 04:00:00,88613.12,SHORT,继续持空 (+0.45%)
2025-12-31 08:00:00,89011.52,SHORT,继续持空 (+0.01%)
2025-12-31 20:00:00,87648.22,SHORT,继续持空 (+1.54%)
2026-01-01 00:00:00,87846.02,SHORT,继续持空 (+1.31%)
2026-01-01 04:00:00,87631.88,LONG,"平空/反多 (局部低点,盈利1.56%)"
2026-01-01 08:00:00,88024.64,LONG,继续持多 (+0.45%)
2026-01-01 12:00:00,88032.18,LONG,继续持多 (+0.46%)
2026-01-02 20:00:00,89995.13,LONG,继续持多 (+2.70%)
2026-01-03 00:00:00,90321.22,SHORT,"平多/反空 (局部高点,盈利3.07%)"
2026-01-03 04:00:00,89577.13,LONG,"平空/反多 (局部低点,盈利0.82%)"
2026-01-03 08:00:00,89752.74,LONG,继续持多 (+0.20%)
2026-01-03 12:00:00,89969.31,LONG,继续持多 (+0.44%)
2026-01-03 16:00:00,90123.77,LONG,继续持多 (+0.61%)
2026-01-03 20:00:00,90628.01,LONG,继续持多 (+1.17%)
2026-01-04 00:00:00,91236.78,LONG,继续持多 (+1.85%)
2026-01-04 04:00:00,91532.0,SHORT,"平多/反空 (局部高点,盈利2.18%)"
2026-01-04 08:00:00,91300.0,SHORT,继续持空 (+0.25%)
2026-01-04 16:00:00,91138.07,LONG,"平空/反多 (局部低点,盈利0.43%)"
2026-01-04 20:00:00,91529.73,LONG,继续持多 (+0.43%)
2026-01-05 00:00:00,92878.22,LONG,继续持多 (+1.91%)
2026-01-05 04:00:00,92520.63,LONG,继续持多 (+1.52%)
2026-01-05 08:00:00,93134.26,LONG,继续持多 (+2.19%)
2026-01-05 12:00:00,93957.73,LONG,继续持多 (+3.09%)
2026-01-05 16:00:00,94303.4,SHORT,"平多/反空 (局部高点,盈利3.47%)"
2026-01-05 20:00:00,93859.71,SHORT,继续持空 (+0.47%)
2026-01-06 00:00:00,93769.24,SHORT,继续持空 (+0.57%)
2026-01-06 04:00:00,93255.08,LONG,"平空/反多 (局部低点,盈利1.11%)"
2026-01-06 08:00:00,93840.0,SHORT,"平多/反空 (局部高点,盈利0.63%)"
2026-01-06 12:00:00,93648.99,SHORT,继续持空 (+0.20%)
2026-01-07 00:00:00,92815.83,SHORT,继续持空 (+1.09%)
2026-01-07 04:00:00,92879.13,SHORT,继续持空 (+1.02%)
2026-01-08 08:00:00,90226.77,LONG,"平空/反多 (局部低点,盈利3.85%)"
2026-01-08 12:00:00,90781.57,LONG,继续持多 (+0.61%)
2026-01-08 16:00:00,90937.41,LONG,继续持多 (+0.79%)
2026-01-08 20:00:00,91099.99,LONG,继续持多 (+0.97%)
2026-01-09 00:00:00,91220.23,SHORT,"平多/反空 (局部高点,盈利1.10%)"
2026-01-09 04:00:00,90741.84,SHORT,继续持空 (+0.52%)
2026-01-09 08:00:00,90463.11,SHORT,继续持空 (+0.83%)
2026-01-09 12:00:00,91176.47,SHORT,继续持空 (+0.05%)
2026-01-09 16:00:00,90332.15,LONG,"平空/反多 (局部低点,盈利0.97%)"
2026-01-09 20:00:00,90641.28,LONG,继续持多 (+0.34%)
2026-01-10 00:00:00,90626.14,LONG,继续持多 (+0.33%)
2026-01-10 04:00:00,90678.5,LONG,继续持多 (+0.38%)
2026-01-10 08:00:00,90723.86,SHORT,"平多/反空 (局部高点,盈利0.43%)"
2026-01-10 12:00:00,90665.75,SHORT,继续持空 (+0.06%)
2026-01-10 16:00:00,90626.54,SHORT,继续持空 (+0.11%)
2026-01-10 20:00:00,90504.7,LONG,"平空/反多 (局部低点,盈利0.24%)"
2026-01-11 00:00:00,90733.5,LONG,继续持多 (+0.25%)
2026-01-11 04:00:00,90710.79,LONG,继续持多 (+0.23%)
2026-01-11 08:00:00,90754.99,LONG,继续持多 (+0.28%)
2026-01-11 12:00:00,90875.79,LONG,继续持多 (+0.41%)
2026-01-11 16:00:00,90690.8,LONG,继续持多 (+0.21%)
2026-01-11 20:00:00,91013.65,LONG,继续持多 (+0.56%)
2026-01-12 00:00:00,91808.12,SHORT,"平多/反空 (局部高点,盈利1.44%)"
2026-01-12 04:00:00,91408.09,SHORT,继续持空 (+0.44%)
2026-01-12 08:00:00,90620.96,LONG,"平空/反多 (局部低点,盈利1.29%)"
2026-01-12 12:00:00,91665.0,LONG,继续持多 (+1.15%)
2026-01-12 16:00:00,91861.27,SHORT,"平多/反空 (局部高点,盈利1.37%)"
2026-01-12 20:00:00,91296.2,LONG,"平空/反多 (局部低点,盈利0.62%)"
2026-01-13 00:00:00,91408.91,LONG,继续持多 (+0.12%)
2026-01-13 04:00:00,91942.0,LONG,继续持多 (+0.71%)
2026-01-13 08:00:00,92000.74,LONG,继续持多 (+0.77%)
2026-01-13 12:00:00,93449.99,LONG,继续持多 (+2.36%)
2026-01-13 16:00:00,94226.84,LONG,继续持多 (+3.21%)
2026-01-13 20:00:00,95414.0,LONG,继续持多 (+4.51%)
2026-01-14 08:00:00,94792.99,LONG,继续持多 (+3.83%)
2026-01-14 12:00:00,96764.57,LONG,继续持多 (+5.99%)
2026-01-14 16:00:00,97267.42,SHORT,"平多/反空 (局部高点,盈利6.54%)"
2026-01-14 20:00:00,96951.78,SHORT,继续持空 (+0.32%)
2026-01-15 00:00:00,95985.1,LONG,"平空/反多 (局部低点,盈利1.32%)"
2026-01-15 04:00:00,96630.48,LONG,继续持多 (+0.67%)
2026-01-15 08:00:00,96581.08,LONG,继续持多 (+0.62%)
2026-01-15 12:00:00,96737.04,SHORT,"平多/反空 (局部高点,盈利0.78%)"
2026-01-15 16:00:00,95516.01,SHORT,继续持空 (+1.26%)
2026-01-15 20:00:00,95604.8,SHORT,继续持空 (+1.17%)
2026-01-16 00:00:00,95354.69,LONG,"平空/反多 (局部低点,盈利1.43%)"
2026-01-16 04:00:00,95653.16,SHORT,"平多/反空 (局部高点,盈利0.31%)"
2026-01-16 08:00:00,95429.09,SHORT,继续持空 (+0.23%)
2026-01-17 04:00:00,95101.67,LONG,"平空/反多 (局部低点,盈利0.58%)"
2026-01-17 08:00:00,95323.86,LONG,继续持多 (+0.23%)
2026-01-17 12:00:00,95573.64,SHORT,"平多/反空 (局部高点,盈利0.50%)"
2026-01-17 16:00:00,95291.38,SHORT,继续持空 (+0.30%)
2026-01-17 20:00:00,95147.77,SHORT,继续持空 (+0.45%)
2026-01-18 00:00:00,95200.29,SHORT,继续持空 (+0.39%)
2026-01-18 04:00:00,95028.27,SHORT,继续持空 (+0.57%)
2026-01-18 20:00:00,93673.14,SHORT,继续持空 (+1.99%)
2026-01-19 00:00:00,92690.09,LONG,"平空/反多 (局部低点,盈利3.02%)"
2026-01-19 04:00:00,92841.62,LONG,继续持多 (+0.16%)
2026-01-19 08:00:00,93191.96,SHORT,"平多/反空 (局部高点,盈利0.54%)"
2026-01-19 12:00:00,93068.62,SHORT,继续持空 (+0.13%)
2026-01-19 16:00:00,93105.85,SHORT,继续持空 (+0.09%)
2026-01-19 20:00:00,92631.0,SHORT,继续持空 (+0.60%)
2026-01-20 00:00:00,92434.92,SHORT,继续持空 (+0.81%)
