时间,收盘价,最高价,最低价,信号类型,量能比率,价格vsEMA%,张力,加速度,后验最优动作
2025/8/19 20:00,112872.94,113589.48,112732.58,BEARISH_SINGULARITY,1.211057214393044,-2.443886686,0.776455353,-0.24964201,开多
2025/8/20 0:00,113525.91,113636.13,112566.01,BEARISH_SINGULARITY,1.3651891070313045,-1.703571631,0.5888154581342092,-0.185379137,持多
2025/8/20 4:00,113490.13,113837.93,113432,BEARISH_SINGULARITY,0.5920290954909955,-1.571953139,0.4618125735896692,-0.132965752,持多
2025/8/20 8:00,113666.68,114016.77,113060.08,BEARISH_SINGULARITY,0.984803652,-1.285444249,0.410808012,-0.107443675,持多
2025/8/20 12:00,113353.94,114326.35,112380,BEARISH_SINGULARITY,1.796474068828177,-1.410847421,0.4610508304582983,-0.123174889,持多
2025/8/20 16:00,114276.66,114444,113264.01,BEARISH_SINGULARITY,0.992283571,-0.550699516,0.507319939,-0.145980311,平多
2025/8/20 20:00,114271.24,114615.38,114000,BEARISH_SINGULARITY,0.5871923921938002,-0.502785443,0.6087008170529308,-0.188962472,空仓
2025/8/21 0:00,113954.62,114821.76,113906.01,BEARISH_SINGULARITY,0.604902571,-0.704852513,0.7375359013352162,-0.240481606,空仓
2025/8/21 4:00,113896.03,114033.84,113582.43,BEARISH_SINGULARITY,0.5896713034729272,-0.684407044,0.833616106,-0.279155746,空仓
2025/8/21 8:00,113148.66,113990,113000,BEARISH_SINGULARITY,0.599126429,-1.210394602,0.9081441169611252,-0.304239846,空仓
2025/8/21 12:00,112792.08,113995.11,112608.64,BEARISH_SINGULARITY,1.018985291684699,-1.378795284,0.9120268408725936,-0.301923889,空仓
2025/8/21 16:00,112193.71,112969.47,112015.67,BEARISH_SINGULARITY,1.004445054882292,-1.723968917,0.8620255740514035,-0.276584284,开多
2025/8/21 20:00,112500,112870.94,112067.46,BEARISH_SINGULARITY,0.463726493,-1.318867095,0.7364675051680669,-0.225722071,持多
2025/8/22 0:00,112929.24,113525,112335.6,BEARISH_SINGULARITY,0.6799056727198388,-0.853370545,0.5865217625946999,-0.163794531,持多
2025/8/22 4:00,113094.83,113394.76,112708.81,BEARISH_SINGULARITY,0.692879247,-0.640994781,0.4762606350537448,-0.109605024,平多
2025/8/22 8:00,112320,113319.3,112177.27,BEARISH_SINGULARITY,0.8162433694198452,-1.197347783,0.4755127301481178,-0.084750895,开多
2025/8/22 16:00,116655.79,117429.05,116116,BEARISH_SINGULARITY,1.4555707085402383,2.153816431827924,0.3753939233172562,-0.029390683,持多
2025/8/22 20:00,116935.99,117174.43,116550.96,BEARISH_SINGULARITY,0.7555224549369257,2.165741330382413,0.5752278625736287,-0.068340234,平多
2025/8/23 0:00,115568.77,117030,115458.2,BEARISH_SINGULARITY,0.9649104102932008,0.8779068720239656,0.9268175501566248,-0.14684561,空仓
2025/8/23 4:00,115799.47,116034.53,115551.2,BEARISH_SINGULARITY,0.8285408455879127,0.9754894283090476,1.2125810926356646,-0.217149298,空仓
2025/8/23 8:00,115310.13,115861.8,115223.43,BEARISH_SINGULARITY,0.4985644792101938,0.4962666393018118,1.4427621705787668,-0.275433675,空仓
2025/8/23 12:00,114812.87,115486.97,114560,BEARISH_SINGULARITY,1.1137451002913437,0.056896622,1.5877212929742175,-0.313017459,开多
2025/8/23 16:00,115133.91,115190.74,114684.11,BEARISH_SINGULARITY,0.4162443582562181,0.3045139210257884,1.6046830697486965,-0.320504798,持多
2025/8/23 20:00,115438.05,115454.12,115001.88,BEARISH_SINGULARITY,0.3946493228285967,0.5149647806521009,1.5274223807982203,-0.303531215,平多
2025/8/24 0:00,115036,115666.68,114934.21,BEARISH_SINGULARITY,0.8169413274942211,0.1491620488708169,1.4171949325607345,-0.273951723,空仓
2025/8/24 4:00,114888.19,115283.21,114846.14,BEARISH_SINGULARITY,0.7001554125542437,0.018529324,1.280175098027036,-0.235591205,空仓
2025/8/24 8:00,114730.22,115060.99,114600,BEARISH_SINGULARITY,0.8964646670920398,-0.107674396,1.139269864959213,-0.19501333,空仓
2025/8/24 12:00,114400,114869.41,114350.57,BEARISH_SINGULARITY,1.051035614462017,-0.357685233,1.0192522022452877,-0.158851272,空仓
2025/8/24 16:00,112600,114917.1,110680,BEARISH_SINGULARITY,2.8962509888814183,-1.745305004,0.9794101648156004,-0.138467135,开多
2025/8/24 20:00,113493.59,113692.97,111632.85,BEARISH_SINGULARITY,1.4380470235102416,-0.874404982,0.8821901327914369,-0.114528374,持多
2025/8/25 0:00,112916.84,113667.28,112159,BEARISH_SINGULARITY,0.8068319560739156,-1.248527212,0.8172971586939266,-0.099729402,持多
2025/8/25 4:00,111511.55,113059.52,111284.05,BEARISH_SINGULARITY,1.3062239963449849,-2.24687112,0.8016967615958734,-0.096340341,持多
2025/8/25 8:00,111214.97,111850.13,110929.48,BEARISH_SINGULARITY,1.2492562543830392,-2.27353833,0.7620401801966074,-0.093315902,持多
2025/8/25 12:00,112200.64,112580,110588,BEARISH_SINGULARITY,1.3624460161588137,-1.275083277,0.6609391580152648,-0.084267998,平多
2025/8/25 16:00,110716.13,112937.26,110655.01,BEARISH_SINGULARITY,0.906471959,-2.341215677,0.6142846639661592,-0.083364458,空仓
2025/8/25 20:00,110111.98,111092.54,109274.1,BEARISH_SINGULARITY,2.187672884390929,-2.607527253,0.5609428581367973,-0.082151648,空仓
2025/8/26 0:00,109879.56,110111.98,108666.66,BEARISH_SINGULARITY,1.2993817374062877,-2.552022422,0.4846749760223121,-0.077905282,开多
2025/8/26 4:00,110303.2,110547.31,109765.93,BEARISH_SINGULARITY,0.5991984065493355,-1.973134149,0.3730260532710244,-0.068863556,持多
2025/8/26 20:00,111763.22,112371,110918.26,OSCILLATION,0.7255420339035564,-0.140363354,-0.126149885,-0.014206893,平多
2025/8/27 0:00,111418.15,111825.16,110918.26,BULLISH_SINGULARITY,0.6392791728839068,-0.406122953,-0.377406648,0.029888342,开空
2025/8/27 4:00,110725.18,111737.26,110622.5,BULLISH_SINGULARITY,0.5261567965420816,-0.928786978,-0.488870085,0.062807507,平空
2025/8/27 8:00,111322.07,111374.45,110345.42,BULLISH_SINGULARITY,0.4662171027785079,-0.357262298,-0.435686124,0.076525069,开空
2025/8/27 20:00,111262.01,112452.05,110921.79,OSCILLATION,0.7481286805715702,-0.419023243,0.1882723634003226,0.016726879,持空
2025/8/28 0:00,112000.01,112042.04,110862.42,BEARISH_SINGULARITY,0.3852799545579685,0.2184466446915304,0.425120726,-0.033073307,平空
2025/8/28 4:00,113114.11,113360,111945.07,BEARISH_SINGULARITY,0.817583265,1.0983325850712489,0.5769941844199195,-0.075712694,空仓
2025/8/28 8:00,112909.18,113351.51,112826.22,BEARISH_SINGULARITY,0.4750126080402641,0.8272914234575367,0.6100033265702685,-0.107878538,空仓
2025/8/28 12:00,112678.53,113485.9,112391.56,BEARISH_SINGULARITY,1.0509701468803228,0.5618162214638037,0.6199666327898934,-0.131311209,空仓
2025/8/28 16:00,111901.36,113186.56,111901.35,BEARISH_SINGULARITY,0.6411084836338397,-0.119246289,0.5885869345919705,-0.14521652,空仓
2025/8/28 20:00,112566.9,112575.98,111872.06,BEARISH_SINGULARITY,0.4135199790094058,0.4293871849204796,0.5175099800723081,-0.150363827,空仓
2025/8/29 16:00,108212.01,108832,107934.24,OSCILLATION,0.9544664611055004,-2.575736121,-0.375919005,-0.004285346,空仓
2025/8/29 20:00,108377.4,108549.99,107463.9,BULLISH_SINGULARITY,1.1358943829325332,-2.200793571,-0.519345795,0.042386301,空仓
2025/8/30 0:00,108436.2,108436.21,107350.1,BULLISH_SINGULARITY,1.2300505987398176,-1.947169635,-0.620997869,0.086513447,空仓
2025/8/30 4:00,108524.26,108697.28,108120,BULLISH_SINGULARITY,1.1437571543846348,-1.69269138,-0.677178801,0.1196821754601336,空仓
2025/8/30 8:00,108680.01,108777.43,108400,BULLISH_SINGULARITY,0.5385779558990268,-1.405910065,-0.669621958,0.1402095949328787,空仓
2025/8/30 12:00,108869.98,108926.15,108190.52,BULLISH_SINGULARITY,0.5885642363758226,-1.117399902,-0.667535753,0.145401167,开空
2025/8/30 16:00,108828.33,108900,108625.46,BULLISH_SINGULARITY,0.2634861872117263,-1.046358472,-0.6745287,0.139263894,持空
2025/8/30 20:00,108816.33,108838.27,108468.77,BULLISH_SINGULARITY,0.3177352509579297,-0.95754146,-0.690023379,0.1234412142753026,持空
2025/8/31 0:00,109223.84,109480.02,108801.35,BULLISH_SINGULARITY,0.7206988869860957,-0.531060768,-0.674153464,0.1044918461340289,持空
2025/8/31 4:00,108708.26,109231.41,108523.49,BULLISH_SINGULARITY,0.4974993314729847,-0.906162635,-0.664589578,0.084417833,持空
2025/8/31 8:00,108389.76,109100,108303.21,BULLISH_SINGULARITY,0.6668434354753796,-1.083776921,-0.537035293,0.063466738,平空
2025/8/31 12:00,108818.69,108858.43,108191.29,BULLISH_SINGULARITY,1.0244078469761382,-0.626812972,-0.361532149,0.036585045,空仓
2025/8/31 16:00,108930,109237.51,108555,OSCILLATION,0.5190840144753737,-0.475386802,-0.223513464,0.010220745,"平多/反空 (高点,盈利0.50%)"
2025/8/31 20:00,108246.35,109230,108076.93,OSCILLATION,0.5647501203015255,-0.996289195,-0.145518828,-0.014036307,"平空/反多 (低点,盈利0.63%)"
2025/9/1 12:00,108784.33,109520,108566,OSCILLATION,0.9466299085628728,-0.312098242,-0.334250039,-0.013298438,继续持多 (+0.50%)
2025/9/1 16:00,109217.64,109329.65,108391.3,OSCILLATION,0.6667709059605984,0.076879398,-0.405472376,0.002114269,继续持多 (+0.90%)
2025/9/1 20:00,109237.42,109442.95,107459.49,OSCILLATION,1.4388743514287827,0.085948177,-0.473714232,0.018542745,继续持多 (+0.92%)
2025/9/2 0:00,110322.18,110623.97,108883.8,BULLISH_SINGULARITY,1.4923277651309663,0.9759865503915492,-0.504395381,0.030635924,"平多/反空 (高点,盈利1.92%)"
2025/9/2 4:00,110233.92,110610.5,110000,BULLISH_SINGULARITY,0.9440195664875176,0.8092562497844566,-0.52071396,0.042667572,继续持空 (+0.08%)
2025/9/2 8:00,109733.34,110711.1,109563.87,BULLISH_SINGULARITY,1.2131705730985065,0.3178941570357698,-0.464000571,0.044121167,"平空/反多 (低点,盈利0.53%)"
2025/9/2 20:00,111240.01,111538.17,110716.77,OSCILLATION,0.692369452,1.3141115415745417,-0.038003586,0.01411472,"平多/反空 (高点,盈利1.37%)"
2025/9/3 0:00,111054.01,111782.21,110892.14,OSCILLATION,0.9613212279414344,1.0345605332022083,0.1075443643192074,-0.000660111,继续持空 (+0.17%)
2025/9/3 4:00,111099.88,111151.99,110528.71,OSCILLATION,0.6434622572335598,0.9727909200673256,0.244915276,-0.016785434,继续持空 (+0.13%)
2025/9/3 12:00,112222.74,112500,111031.61,BEARISH_SINGULARITY,1.420357788248189,1.6881099113734306,0.4126614456767331,-0.034197824,继续持空 (-0.88%)
2025/9/3 16:00,112193.74,112575.27,111686.24,BEARISH_SINGULARITY,0.7774210970317674,1.5011865554574395,0.4229221088423481,-0.032713744,继续持空 (-0.86%)
2025/9/3 20:00,111705.71,112250,111613.98,BEARISH_SINGULARITY,0.3881492455163882,0.9577805898184903,0.4916138912599515,-0.028086657,继续持空 (-0.42%)
2025/9/4 0:00,111148.97,112180,111136,BEARISH_SINGULARITY,0.6046358005979585,0.4111341300250389,0.6135450319471839,-0.031218798,继续持空 (+0.08%)
2025/9/4 4:00,110463.36,111318.84,110279.68,BEARISH_SINGULARITY,0.9153657794991216,-0.188445652,0.7725714818745884,-0.040579118,继续持空 (+0.70%)
2025/9/4 8:00,110810,111154.93,110415.72,BEARISH_SINGULARITY,0.5195106195374984,0.1128722876514683,0.9156161548144712,-0.057164286,继续持空 (+0.39%)
2025/9/4 12:00,109510.31,111123.99,109329.12,BEARISH_SINGULARITY,1.2658511858862884,-0.96124172,0.9709678580906872,-0.068477121,"平空/反多 (低点,盈利1.55%)"
2025/9/4 16:00,109799.99,110218.39,109363.26,BEARISH_SINGULARITY,0.8978365284025687,-0.633086677,1.0023477315365754,-0.07910106,继续持多 (+0.26%)
2025/9/4 20:00,110730.87,111765.31,109755.59,BEARISH_SINGULARITY,0.8463131209436908,0.1893670105250857,0.9577506340761792,-0.075789291,继续持多 (+1.11%)
2025/9/5 0:00,111311.77,111482.09,110435.75,BEARISH_SINGULARITY,0.7062758632570026,0.646433585,0.8178938861902962,-0.062401897,继续持多 (+1.65%)
2025/9/5 4:00,112954.32,112999,111144.51,BEARISH_SINGULARITY,1.461637902800368,1.924685590872036,0.6150884416309799,-0.043785791,"平多/反空 (高点,盈利3.14%)"
2025/9/5 8:00,112354,112985,112131.02,OSCILLATION,0.8430118824648704,1.2496261815658796,0.4045588393517467,-0.015138164,继续持空 (+0.53%)
2025/9/5 12:00,110716.82,113384.62,110286.91,OSCILLATION,3.613217884009143,-0.204289472,0.3206184238860197,0.002559868,继续持空 (+1.98%)
2025/9/5 16:00,111614.54,111627.51,110206.96,OSCILLATION,0.8028808952378277,0.5469567570060887,0.387234569,0.002997831,继续持空 (+1.19%)
2025/9/5 20:00,110659.99,111700,110375.6,OSCILLATION,1.0098942366255668,-0.283221547,0.44791101,-0.002499275,"平空/反多 (低点,盈利2.03%)"
2025/9/6 4:00,110825.6,111082.23,110687.69,BEARISH_SINGULARITY,0.2924329479686491,-0.129613788,0.6753725573005069,-0.037341714,继续持多 (+0.15%)
2025/9/6 8:00,110781.02,110968,110675.58,BEARISH_SINGULARITY,0.2739010339112355,-0.153641666,0.7691169237974358,-0.057096075,继续持多 (+0.11%)
2025/9/6 12:00,110384.15,110999.83,110358.11,BEARISH_SINGULARITY,0.3959197004013461,-0.462865039,0.7987782100722204,-0.076453902,继续持多 (-0.25%)
2025/9/6 16:00,110038.41,110402,109977,BEARISH_SINGULARITY,0.6235897639813041,-0.70137363,0.7653844551175243,-0.09046517,继续持多 (-0.56%)
2025/9/6 20:00,110187.97,110282.82,110034.44,BEARISH_SINGULARITY,0.293819385,-0.512743448,0.6608895870753241,-0.095325326,继续持多 (-0.43%)
2025/9/7 0:00,110629.15,110733.12,110180,BEARISH_SINGULARITY,0.4663016649251086,-0.103523169,0.4664956719057319,-0.088454518,继续持多 (-0.03%)
2025/9/7 12:00,111329.99,111412,111042.6,OSCILLATION,0.4307621167242868,0.4351625538272183,-0.288604153,-0.012424641,"平多/反空 (高点,盈利0.61%)"
2025/9/7 16:00,111259.99,111371.35,110861.2,OSCILLATION,0.4876118254795937,0.3364638017806783,-0.466289822,0.013381366,继续持空 (+0.06%)
2025/9/7 20:00,111137.34,111600,111001.45,BULLISH_SINGULARITY,0.4768444713210623,0.2043015985945931,-0.570164875,0.031621944,继续持空 (+0.17%)
2025/9/8 0:00,111052.11,111372,110621.78,BULLISH_SINGULARITY,0.9462725283319072,0.1153033597798491,-0.594495652,0.041910813,"平空/反多 (低点,盈利0.25%)"
2025/9/8 4:00,111280.39,111609.04,110899.69,BULLISH_SINGULARITY,0.7535990928123307,0.2904316180976915,-0.516491429,0.045350841,继续持多 (+0.21%)
2025/9/8 8:00,112052.43,112186.98,111252.9,BULLISH_SINGULARITY,1.4982310762518352,0.891462029,-0.499950993,0.038563244,继续持多 (+0.90%)
2025/9/8 12:00,112631.75,112924.37,111877.64,BULLISH_SINGULARITY,1.681659998679231,1.2767817086824036,-0.52264909,0.035380593,"平多/反空 (高点,盈利1.42%)"
2025/9/8 16:00,112097.31,112670.06,111978.67,BULLISH_SINGULARITY,0.9442892785149064,0.7198448100239001,-0.579691599,0.036211675,继续持空 (+0.47%)
2025/9/8 20:00,112065.23,112512.71,111896,BULLISH_SINGULARITY,0.8366734,0.6247981172101297,-0.583688939,0.039569011,继续持空 (+0.50%)
2025/9/9 0:00,111708,112104.41,111111,BULLISH_SINGULARITY,1.5571521161483448,0.2750012380802761,-0.588157018,0.044257435,"平空/反多 (低点,盈利0.82%)"
2025/9/9 4:00,112991.11,113293.29,111624.12,BULLISH_SINGULARITY,2.1323127087582527,1.2891521649922688,-0.564660308,0.050152504,"平多/反空 (高点,盈利1.15%)"
2025/9/9 8:00,112433.59,113176.51,112403.91,BULLISH_SINGULARITY,1.3061449409410406,0.7136570989633144,-0.551101864,0.061189191,继续持空 (+0.49%)
2025/9/9 12:00,110880.76,112950,110766.66,BULLISH_SINGULARITY,2.888088006725402,-0.61319793,-0.492662818,0.066092968,"平空/反多 (低点,盈利1.87%)"
2025/9/9 16:00,111301.53,111388.04,110788,BULLISH_SINGULARITY,1.2558857555327798,-0.213612699,-0.382301168,0.062842435,继续持多 (+0.38%)
2025/9/11 4:00,114083.58,114459.65,113957.2,OSCILLATION,0.8137197408781234,1.3123113003164404,-0.062333138,0.014891443,继续持多 (+2.89%)
2025/9/11 8:00,113999.99,114200,113776,OSCILLATION,0.6323459420062114,1.11884738,0.00857843,-0.012760096,继续持多 (+2.81%)
2025/9/12 20:00,116029.42,116632.51,115752.68,OSCILLATION,0.8438159030817044,1.5105457756564442,-0.452534358,-0.005292771,"平多/反空 (高点,盈利4.64%)"
2025/9/13 0:00,115957,116298.78,115576.26,BULLISH_SINGULARITY,0.89242691,1.3075581814193478,-0.571423693,0.024772714,继续持空 (+0.06%)
2025/9/13 4:00,115778.71,115957.01,115657.81,BULLISH_SINGULARITY,0.4262905693784213,1.040956077661537,-0.642571742,0.050435215,继续持空 (+0.22%)
2025/9/13 8:00,115974.11,116166.71,115767.33,BULLISH_SINGULARITY,0.4975662848722725,1.0948405696898211,-0.673801528,0.070882154,继续持空 (+0.05%)
2025/9/13 12:00,115768.68,116060,115603.98,BULLISH_SINGULARITY,0.568754823,0.8278289780013954,-0.662722397,0.087941842,"平空/反多 (低点,盈利0.22%)"
2025/9/13 16:00,115797.12,115817.37,115127.27,BULLISH_SINGULARITY,0.6722445669006868,0.7707728434888934,-0.548883544,0.098247627,继续持多 (+0.02%)
2025/9/13 20:00,115918.29,115991.29,115797.11,BULLISH_SINGULARITY,0.3671873554312763,0.7921088211607067,-0.396073201,0.099761065,继续持多 (+0.13%)
2025/9/17 8:00,116258.13,117189.86,116253.27,OSCILLATION,0.925528475,0.3241969582681166,-0.13201881,0.004944907,继续持多 (+0.42%)
2025/9/18 16:00,117450.21,117900,117196.33,LOW_OSCILLATION,0.8361055147219159,0.8294793318271914,-0.744095242,0.00229098,"平多/反空 (高点,盈利1.45%)"
2025/9/18 20:00,117073.53,117657.17,116612.03,BULLISH_SINGULARITY,0.6529802063964203,0.4576834170294723,-0.92558794,0.030791024,继续持空 (+0.32%)
2025/9/19 0:00,116977.58,117459.99,116871.61,BULLISH_SINGULARITY,0.6380706630574847,0.3394821755861466,-1.029625249,0.058001318,继续持空 (+0.40%)
2025/9/19 4:00,116909.97,117100,116633.86,BULLISH_SINGULARITY,0.7289035824244772,0.254611871,-1.032276495,0.083507985,继续持空 (+0.46%)
2025/9/19 8:00,116394.72,117090.36,116300,BULLISH_SINGULARITY,0.5842007910564682,-0.169432413,-1.013481732,0.098583683,继续持空 (+0.90%)
2025/9/19 12:00,115884.03,116529.08,115464.19,BULLISH_SINGULARITY,1.2265204390978877,-0.549912164,-0.910434495,0.1041085864983177,继续持空 (+1.33%)
2025/9/19 16:00,115125.12,116136,115112.58,BULLISH_SINGULARITY,0.6513305603654788,-1.088043213,-0.772570866,0.098967297,"平空/反多 (低点,盈利1.98%)"
2025/9/19 20:00,115632.38,115657.28,115100,BULLISH_SINGULARITY,0.3905267074593596,-0.590471536,-0.580003196,0.084864449,继续持多 (+0.44%)
2025/9/20 0:00,115445,115730.41,115408.47,BULLISH_SINGULARITY,0.3643659414484349,-0.680472386,-0.474755233,0.074635705,继续持多 (+0.28%)
2025/9/20 4:00,115968.56,115985.2,115409.08,BULLISH_SINGULARITY,0.3906684285135758,-0.208180447,-0.420528467,0.06198185,继续持多 (+0.73%)
2025/9/20 8:00,115894.06,115968.57,115664.11,BULLISH_SINGULARITY,0.4172236173545329,-0.246419945,-0.521042231,0.055762708,继续持多 (+0.67%)
2025/9/20 12:00,115986.69,116121.81,115804.47,BULLISH_SINGULARITY,0.4602568676654739,-0.150839121,-0.677411422,0.055896325,"平多/反空 (高点,盈利0.75%)"
2025/9/20 16:00,115702,116079.46,115698.08,BULLISH_SINGULARITY,0.50446407,-0.358347968,-0.861647236,0.065550861,继续持空 (+0.25%)
2025/9/20 20:00,115685.63,115944.7,115603.42,BULLISH_SINGULARITY,0.4009507412673723,-0.337094237,-1.007143874,0.078641142,继续持空 (+0.26%)
2025/9/21 0:00,115669.41,115732.94,115441.83,BULLISH_SINGULARITY,0.6424170944329632,-0.317738944,-1.108519833,0.09530128,继续持空 (+0.27%)
2025/9/21 4:00,115815.97,115815.98,115487.56,BULLISH_SINGULARITY,0.5966227853286702,-0.173235231,-1.168729043,0.1076480962902882,继续持空 (+0.15%)
2025/9/21 8:00,115603.45,115819.06,115329.03,BULLISH_SINGULARITY,0.6357014781627034,-0.322580535,-1.134883401,0.1219642257576847,继续持空 (+0.33%)
2025/9/21 12:00,115531.61,115747.23,115473.19,BULLISH_SINGULARITY,0.5680222694109844,-0.34802971,-0.985699175,0.1231190556132652,继续持空 (+0.39%)
2025/9/21 16:00,115480.05,115665.52,115209.02,BULLISH_SINGULARITY,0.6718564819010923,-0.355254441,-0.785071502,0.1114042973207993,继续持空 (+0.44%)
2025/9/21 20:00,115232.29,115545.43,115188,BULLISH_SINGULARITY,0.510919113,-0.515125001,-0.568116645,0.092081444,继续持空 (+0.65%)
2025/9/22 0:00,114649.89,115379.25,114150,BULLISH_SINGULARITY,2.720522422999454,-0.921882882,-0.414954191,0.065143861,继续持空 (+1.15%)
2025/9/22 12:00,112815.5,113432.76,112380,OSCILLATION,2.0677606388937946,-1.853866734,-0.022389056,0.010957569,继续持空 (+2.73%)
2025/9/22 16:00,112122.9,112888,111936.4,OSCILLATION,1.6289635615146874,-2.22767603,-0.030529794,0.012210381,"平空/反多 (低点,盈利3.33%)"
2025/9/22 20:00,112650.99,112977.41,111975.28,OSCILLATION,0.816963911,-1.601569103,-0.074120397,0.014426183,继续持多 (+0.47%)
2025/9/23 8:00,112975.99,113281.5,112683.33,BULLISH_SINGULARITY,1.0089783330540525,-0.944760467,-0.39203277,0.046539844,"平多/反空 (高点,盈利0.76%)"
2025/9/23 12:00,112882.19,113290.5,112496.61,BULLISH_SINGULARITY,1.0489449086748217,-0.93010252,-0.454778021,0.054793513,继续持空 (+0.08%)
2025/9/23 16:00,111655.29,112958.58,111540.2,BULLISH_SINGULARITY,1.2354167920151993,-1.819224534,-0.467732076,0.056394146,"平空/反多 (低点,盈利1.17%)"
2025/9/23 20:00,111998.8,112220.54,111458.73,BULLISH_SINGULARITY,0.6336681073442904,-1.374663159,-0.402133297,0.046775731,继续持多 (+0.31%)
2025/9/24 12:00,113346.41,113890,112808,OSCILLATION,1.1088233476032336,0.053911756,-0.236348703,0.019122287,继续持多 (+1.51%)
2025/9/24 16:00,113420.01,113940,113163.21,OSCILLATION,0.5701617640986058,0.1075463235240209,-0.192203296,0.017336952,"平多/反空 (高点,盈利1.58%)"
2025/9/24 20:00,113307,113647.58,113204.71,OSCILLATION,0.5105047385958748,0.00705769,-0.109572426,0.013636151,继续持空 (+0.10%)
2025/9/25 0:00,112546.21,113510.23,112214.74,OSCILLATION,1.2435187607406708,-0.601532505,0.011121088,0.005764864,继续持空 (+0.77%)
2025/9/25 4:00,111766.72,112614.43,111450.42,OSCILLATION,1.1394473566140793,-1.16854392,0.1587724740651353,-0.008806618,继续持空 (+1.46%)
2025/9/25 12:00,111580.77,111729.52,110629.99,BEARISH_SINGULARITY,1.9693185870677123,-1.076221234,0.4059379795181171,-0.039630951,继续持空 (+1.62%)
2025/9/25 16:00,109360,111672.58,108631.51,BEARISH_SINGULARITY,2.396064240912296,-2.763087033,0.4615645605911289,-0.048110291,继续持空 (+3.58%)
2025/9/25 20:00,108994.49,109685.72,108765,BEARISH_SINGULARITY,0.8406212402499301,-2.802217159,0.5396007818039177,-0.05855174,"平空/反多 (低点,盈利3.90%)"
2025/9/26 0:00,109580.01,109798.84,108809.24,BEARISH_SINGULARITY,0.9379071356260548,-2.067409159,0.5048503110150431,-0.062429701,"平多/反空 (高点,盈利0.54%)"
2025/9/26 4:00,109320.02,109625.94,108913,BEARISH_SINGULARITY,1.191828774249875,-2.085306604,0.3868373516747267,-0.054331631,继续持空 (+0.24%)
2025/9/26 16:00,109172.2,110300,109027.78,OSCILLATION,0.7963718266804782,-1.63830672,0.059947363,-0.009818452,"平空/反多 (低点,盈利0.37%)"
2025/9/26 20:00,109643.46,109687.69,109087.57,OSCILLATION,0.3314425460487944,-1.099391252,-0.022741245,0.003730937,"平多/反空 (高点,盈利0.43%)"
2025/9/27 0:00,109553.77,109743.91,109324.42,OSCILLATION,0.415617139,-1.069086288,-0.100574789,0.013341534,继续持空 (+0.08%)
2025/9/27 4:00,109411.2,109742.27,109332.02,OSCILLATION,0.3650409767352044,-1.084990529,-0.118771548,0.017887139,继续持空 (+0.21%)
2025/9/27 8:00,109310.21,109477.69,109064.4,OSCILLATION,0.5615855078118447,-1.065457993,-0.116537265,0.013173578,"平空/反多 (低点,盈利0.30%)"
2025/9/27 12:00,109402.24,109477.59,109193,OSCILLATION,0.4947093280160473,-0.889456049,-0.078867171,0.005493187,继续持多 (+0.08%)
2025/9/27 16:00,109424.2,109440,109243.89,OSCILLATION,0.2592960562586834,-0.787398543,-0.030273984,-0.005032743,继续持多 (+0.10%)
2025/9/27 20:00,109635.85,109699.98,109362.72,OSCILLATION,0.2082350927001208,-0.539091435,0.018069763,-0.017032932,继续持多 (+0.30%)
2025/9/29 8:00,112100,112421.99,111865.95,BEARISH_SINGULARITY,1.3621454891352491,1.2689325061637795,0.3882324472848067,-0.036449271,继续持多 (+2.55%)
2025/9/29 12:00,113815.57,114231.56,111901.26,BEARISH_SINGULARITY,3.0485202637188324,2.543464809475803,0.4835409556775858,-0.044801766,继续持多 (+4.12%)
2025/9/29 16:00,114265.55,114390.93,113449.74,BEARISH_SINGULARITY,1.6330018236225865,2.660561794171433,0.5455670499158408,-0.046740474,继续持多 (+4.53%)
2025/9/29 20:00,114311.96,114400,114020,BEARISH_SINGULARITY,0.954491533,2.4386243930813967,0.6448678605747943,-0.053243038,继续持多 (+4.58%)
2025/9/30 0:00,114376.39,114792,114040.35,BEARISH_SINGULARITY,1.5622726100430362,2.253256319309817,0.7896974645012426,-0.065330666,"平多/反空 (高点,盈利4.63%)"
2025/9/30 4:00,113699.23,114376.4,113585,BEARISH_SINGULARITY,1.3930374742413103,1.4885944846419727,0.9465351554662738,-0.08143995,继续持空 (+0.59%)
2025/9/30 8:00,113055.01,113741.37,112656.27,BEARISH_SINGULARITY,1.6287028316353922,0.8258357279552061,1.1312299800976773,-0.101074851,"平空/反多 (低点,盈利1.16%)"
2025/9/30 12:00,113106.16,113677.23,112866.11,BEARISH_SINGULARITY,1.5284525719064228,0.7878034774445656,1.3070235135414476,-0.120894701,继续持多 (+0.05%)
2025/9/30 16:00,114359.99,114563.46,112800,BEARISH_SINGULARITY,1.3226652530434286,1.720521478279649,1.4176301201576478,-0.134511458,"平多/反空 (高点,盈利1.15%)"
2025/9/30 20:00,114048.93,114754.87,113765.42,BEARISH_SINGULARITY,1.0096637392635288,1.3045384113659209,1.420421352419989,-0.134870072,继续持空 (+0.27%)
2025/10/1 0:00,114176.92,114551.76,113966.67,BEARISH_SINGULARITY,1.005623672,1.2814262044638058,1.3981802130971814,-0.132145525,继续持空 (+0.16%)
2025/10/1 4:00,114539.02,114740,114151,BEARISH_SINGULARITY,0.9469262567596732,1.447788351170229,1.3337389948439795,-0.124041303,继续持空 (-0.16%)
2025/10/1 8:00,116789.58,116795.85,114484.43,BEARISH_SINGULARITY,2.2412637385032337,3.103224857309015,1.2432699647979617,-0.110237642,继续持空 (-2.12%)
2025/10/1 12:00,117423.73,117649.99,116363.38,BEARISH_SINGULARITY,1.7890298226649457,3.302675326543381,1.0665806788532513,-0.088755498,继续持空 (-2.68%)
2025/10/1 16:00,117439.53,118199,116724.56,BEARISH_SINGULARITY,1.4268999300460412,2.9912626202935244,0.9213777941936632,-0.070144232,继续持空 (-2.69%)
2025/10/1 20:00,118594.99,118649.1,117163.25,BEARISH_SINGULARITY,0.8969065053352752,3.609416068955319,0.8350401681434115,-0.060398706,继续持空 (-3.70%)
2025/10/2 0:00,118733.99,119456.92,118368.05,BEARISH_SINGULARITY,1.4556526703061958,3.363581430149296,0.758034165,-0.055216729,继续持空 (-3.82%)
2025/10/2 4:00,118489.76,118930.29,118279.31,BEARISH_SINGULARITY,0.6264832229402423,2.8423457976991173,0.7421820649532164,-0.056198138,"平空/反多 (低点,盈利-3.61%)"
2025/10/2 8:00,118765.73,118926.49,118354.61,BEARISH_SINGULARITY,0.5238269893064658,2.780200170005313,0.7787053326831479,-0.063765136,继续持多 (+0.23%)
2025/10/2 12:00,119910.78,119910.79,118516.39,BEARISH_SINGULARITY,1.728187507,3.399764054661556,0.8188377680495513,-0.07406964,继续持多 (+1.20%)
2025/10/2 16:00,120836.49,121022.07,119359.63,BEARISH_SINGULARITY,1.5769228133114217,3.7830736598385326,0.8276487727060601,-0.081075123,"平多/反空 (高点,盈利1.98%)"
2025/10/2 20:00,120529.35,120914,120072.46,BEARISH_SINGULARITY,0.7742020968685157,3.173473711,0.81557094,-0.084710306,继续持空 (+0.25%)
2025/10/3 0:00,120225.89,120550.9,119820,BEARISH_SINGULARITY,0.7752788697193159,2.6289196226364537,0.80620496,-0.088555945,继续持空 (+0.51%)
2025/10/3 4:00,119640.21,120324.53,119610.59,BEARISH_SINGULARITY,0.773482447,1.922307162467383,0.7944862382611341,-0.089035688,"平空/反多 (低点,盈利0.99%)"
2025/10/3 8:00,120334.5,120515.89,119248.3,BEARISH_SINGULARITY,1.1502998488343943,2.2689381381843785,0.770006404,-0.087800495,继续持多 (+0.58%)
2025/10/3 12:00,122258.05,122366,119881.24,BEARISH_SINGULARITY,1.5676431566364253,3.5188453753540814,0.6906620363647622,-0.080717177,继续持多 (+2.19%)
2025/10/3 16:00,122660.99,123894.99,121466.25,BEARISH_SINGULARITY,2.720007810795217,3.479611243593237,0.5514164174918461,-0.064907801,"平多/反空 (高点,盈利2.52%)"
2025/10/3 20:00,122232,122734.92,121999.33,BEARISH_SINGULARITY,0.4487472114253196,2.8124303645573185,0.4194355133356947,-0.047209908,继续持空 (+0.35%)
2025/10/4 4:00,122324.08,122800,122219.3,OSCILLATION,0.4533318186545664,2.359213427,0.2269517151526755,-0.019297722,继续持空 (+0.27%)
2025/10/4 8:00,121973.26,122539.83,121962.81,OSCILLATION,0.3837882504489875,1.865253543028218,0.17737974,-0.009101982,继续持空 (+0.56%)
2025/10/4 12:00,121791.31,122509.52,121698.88,OSCILLATION,0.4464669591498293,1.547602483066689,0.1677596147333371,-0.003815075,"平空/反多 (低点,盈利0.71%)"
2025/10/4 16:00,121959.25,121964.95,121510,OSCILLATION,0.4669951709549891,1.524451424806195,0.1756349793554783,-0.003289433,继续持多 (+0.14%)
2025/10/4 20:00,122391,122410,121871.01,OSCILLATION,0.2704665053423146,1.701392069226518,0.1750330689567989,-0.005347199,继续持多 (+0.49%)
2025/10/5 0:00,123776.22,124362.28,122136,OSCILLATION,1.4406456119510238,2.573793653728224,0.1666044122185861,-0.006573017,继续持多 (+1.63%)
2025/10/5 4:00,124713.63,125708.42,123734,OSCILLATION,2.3173615880009613,3.021878123769868,0.1334952614213388,-0.005538498,"平多/反空 (高点,盈利2.40%)"
2025/10/5 8:00,123464.64,124838.37,122520.24,OSCILLATION,1.4002070925128438,1.797185741285653,0.083834573,-0.00382538,继续持空 (+1.00%)
2025/10/5 12:00,122803.17,123464.65,122675,OSCILLATION,0.6967672597738956,1.131232817964615,0.055260765,-0.004240954,继续持空 (+1.53%)
2025/10/5 16:00,122591.79,123464,122301.63,OSCILLATION,0.7339238342870849,0.8652100590202574,0.026784435,-0.004040986,"平空/反多 (低点,盈利1.70%)"
2025/10/5 20:00,123482.31,123548.83,122473.62,OSCILLATION,0.4610279137874591,1.4435275460867665,-0.017580204,-0.001933216,继续持多 (+0.73%)
2025/10/6 0:00,123839.09,124358.46,123084,OSCILLATION,1.0169755936496172,1.5686426290161783,-0.095361322,0.004091582,继续持多 (+1.02%)
2025/10/6 4:00,123390.47,124165.56,123280.49,OSCILLATION,0.744024892,1.0851064521109022,-0.181749297,0.012261615,继续持多 (+0.65%)
2025/10/6 8:00,124215,124531.66,123390.46,OSCILLATION,0.9239220199335616,1.5902444387512076,-0.254660374,0.019968848,继续持多 (+1.32%)
2025/10/6 16:00,125410.81,126199.63,124800,BULLISH_SINGULARITY,1.4884326734496307,2.1220310655648333,-0.390677685,0.035928778,"平多/反空 (高点,盈利2.30%)"
2025/10/6 20:00,124658.54,125534,124511.15,BULLISH_SINGULARITY,0.7248137989961472,1.363739209093396,-0.437789108,0.040986283,继续持空 (+0.60%)
2025/10/7 0:00,124329.74,125082.27,124101.26,BULLISH_SINGULARITY,0.6686714772110123,0.9909296880156406,-0.45986687,0.041719382,继续持空 (+0.86%)
2025/10/7 4:00,123667.99,124654.47,123567.6,BULLISH_SINGULARITY,0.9097686839223856,0.410043286,-0.471241692,0.041122091,继续持空 (+1.39%)
2025/10/7 8:00,124453.38,124509.6,123322.9,BULLISH_SINGULARITY,0.8940515484116474,0.9469983873452312,-0.478593248,0.039965076,继续持空 (+0.76%)
2025/10/7 12:00,121846.01,125126,121172.89,BULLISH_SINGULARITY,2.431747306690877,-1.057847493,-0.507004745,0.042520546,继续持空 (+2.84%)
2025/10/7 16:00,121637.17,122084.14,120574.94,BULLISH_SINGULARITY,1.7623689932981763,-1.111832562,-0.505776674,0.04273084,继续持空 (+3.01%)
2025/10/7 20:00,121332.95,122292.62,121258.08,BULLISH_SINGULARITY,0.5729369045228989,-1.23130668,-0.535466072,0.047500433,"平空/反多 (低点,盈利3.25%)"
2025/10/8 0:00,121374.75,122229.66,121200,BULLISH_SINGULARITY,0.725324812,-1.084490136,-0.597986028,0.056653737,继续持多 (+0.03%)
2025/10/8 4:00,121597.06,121910.24,121066.14,BULLISH_SINGULARITY,0.7826769111610912,-0.817990058,-0.691180582,0.07043968,继续持多 (+0.22%)
2025/10/8 8:00,122884.14,123200,121524.01,BULLISH_SINGULARITY,1.010804880083144,0.2097057577361085,-0.808628571,0.086928513,继续持多 (+1.28%)
2025/10/8 12:00,122189.72,123350,121649.68,BULLISH_SINGULARITY,1.0628651665983582,-0.322730229,-0.955811946,0.1054539530519329,继续持多 (+0.71%)
2025/10/8 16:00,123450,124197.25,122110.08,BULLISH_SINGULARITY,1.2084384978097278,0.6377486072358924,-1.070423782,0.1181824127412983,"平多/反空 (高点,盈利1.74%)"
2025/10/8 20:00,123306,123737,122794.4,BULLISH_SINGULARITY,0.4382697702109335,0.4705671459445507,-1.182053698,0.1280757260986059,继续持空 (+0.12%)
2025/10/9 0:00,122038.01,123348.32,121475.98,BULLISH_SINGULARITY,0.7496409177858124,-0.509291684,-1.211819867,0.1302992337869932,继续持空 (+1.14%)
2025/10/9 4:00,121906.1,122264,121724.71,BULLISH_SINGULARITY,0.4687808666094385,-0.558412754,-1.177529809,0.1194343633220897,继续持空 (+1.25%)
2025/10/9 8:00,122737.57,122833.02,121145.49,BULLISH_SINGULARITY,0.8735394094876858,0.1084109429318103,-1.126503661,0.1022262412636256,继续持空 (+0.58%)
2025/10/9 12:00,121147.14,123762.94,120673.99,BULLISH_SINGULARITY,1.991793342497357,-1.076791976,-1.083850225,0.085227382,继续持空 (+1.87%)
2025/10/9 16:00,120951.72,121481.9,119651.47,BULLISH_SINGULARITY,1.7808844445239271,-1.119932852,-1.027349638,0.064472581,"平空/反多 (低点,盈利2.02%)"
2025/10/9 20:00,121662.4,121900,120838,BULLISH_SINGULARITY,0.7029685281033357,-0.487862779,-1.006454235,0.050801425,"平多/反空 (高点,盈利0.59%)"
2025/10/10 0:00,121026.01,121874.13,120900,BULLISH_SINGULARITY,0.649500634,-0.913229436,-1.06642681,0.048676451,继续持空 (+0.52%)
2025/10/10 4:00,120932.05,121754.34,120855.41,BULLISH_SINGULARITY,0.7913243256902585,-0.896701606,-1.150533325,0.056367174,继续持空 (+0.60%)
2025/10/10 8:00,121554.55,121777.07,120916.44,BULLISH_SINGULARITY,0.4807111226382789,-0.349878562,-1.259380939,0.074242897,继续持空 (+0.09%)
2025/10/10 12:00,119018.98,122550,118500,BULLISH_SINGULARITY,2.220587500178642,-2.202337558,-1.36508711,0.1015107488727116,继续持空 (+2.17%)
2025/10/10 16:00,116661.5,119456.28,115952.47,BULLISH_SINGULARITY,2.225770172359241,-3.760062112,-1.373680971,0.1212508034475714,继续持空 (+4.11%)
2025/10/10 20:00,112774.5,117214.64,102000,BULLISH_SINGULARITY,7.564454920395598,-6.345254104,-1.293266126,0.133120237,继续持空 (+7.31%)
2025/10/11 0:00,112300.01,113322.39,111019.43,BULLISH_SINGULARITY,1.985954647165604,-6.13684983,-1.119613827,0.1298791320923117,继续持空 (+7.70%)
2025/10/11 4:00,110384.61,112991.16,110090.29,BULLISH_SINGULARITY,1.176536082615425,-7.052831248,-0.97951604,0.1244645073790988,"平空/反多 (低点,盈利9.27%)"
2025/10/11 8:00,112280,112359.67,110162.23,BULLISH_SINGULARITY,0.9490983771030372,-4.962947658,-0.846765629,0.1137433210108438,继续持多 (+1.72%)
2025/10/11 12:00,111793.2,112500,111793.2,BULLISH_SINGULARITY,0.5845425843928906,-4.888107977,-0.814689498,0.1098835188184194,继续持多 (+1.28%)
2025/10/11 16:00,111178.31,112185.53,110865.82,BULLISH_SINGULARITY,0.4994960738710856,-4.921251875,-0.796586483,0.1046848173917238,继续持多 (+0.72%)
2025/10/11 20:00,110644.4,111368.29,109561.59,BULLISH_SINGULARITY,0.636878998,-4.89072035,-0.780148348,0.098894859,继续持多 (+0.24%)
2025/10/12 0:00,110676,111368.14,109565.06,BULLISH_SINGULARITY,0.7517249172673295,-4.420838397,-0.76137749,0.092726141,继续持多 (+0.26%)
2025/10/12 4:00,111525.2,112125.51,110617.1,BULLISH_SINGULARITY,0.4244549640511518,-3.348044043,-0.746996654,0.086881661,继续持多 (+1.03%)
2025/10/12 8:00,111848.36,112133.33,111139.87,BULLISH_SINGULARITY,0.4351508726136527,-2.783926984,-0.746930066,0.081957497,继续持多 (+1.33%)
2025/10/12 12:00,113198.2,113745.84,111177.75,BULLISH_SINGULARITY,1.3191831453181384,-1.459517594,-0.725870892,0.078406463,继续持多 (+2.55%)
2025/10/12 16:00,114342.28,114700,113198.2,BULLISH_SINGULARITY,0.9431674584410836,-0.419615968,-0.693044977,0.074422502,继续持多 (+3.59%)
2025/10/12 20:00,114958.8,115770,114217.75,BULLISH_SINGULARITY,0.8933645906755225,0.1061254376625061,-0.642071521,0.067808184,继续持多 (+4.14%)
2025/10/13 0:00,114821.12,115963.81,114619.45,BULLISH_SINGULARITY,0.5960744735979285,-0.012455395,-0.560083937,0.058239034,继续持多 (+4.02%)
2025/10/13 4:00,115399.67,115554.83,114398.24,BULLISH_SINGULARITY,0.492986568,0.4443491445224154,-0.440890273,0.044680101,继续持多 (+4.54%)
2025/10/13 12:00,114312.1,115530,113800.01,OSCILLATION,0.7645434662320792,-0.401658558,-0.141207981,0.009692102,继续持多 (+3.56%)
2025/10/13 16:00,115792.84,115891.3,114215.79,OSCILLATION,0.4593279401818875,0.8031895492231926,0.006198056,-0.009039085,"平多/反空 (高点,盈利4.90%)"
2025/10/14 8:00,111313.98,112140,110012.24,BEARISH_SINGULARITY,1.1267612355125112,-2.505391613,0.3693179652819656,-0.05491968,"平空/反多 (低点,盈利3.87%)"
2025/10/14 12:00,112900.43,112943.82,109866,BEARISH_SINGULARITY,1.5324600014298515,-1.010694032,0.3891912048094917,-0.0560942,继续持多 (+1.43%)
2025/10/14 16:00,112613.7,113544.53,111692.31,BEARISH_SINGULARITY,1.5604890114646752,-1.143269089,0.3517483674698205,-0.049494507,继续持多 (+1.17%)
2025/10/15 4:00,112584.5,112680,111746.76,OSCILLATION,0.7351081662723918,-0.856412939,0.2311975600001379,-0.01681338,继续持多 (+1.14%)
2025/10/15 8:00,111905.73,113520.88,111693.26,OSCILLATION,0.7992390978763306,-1.317482215,0.2255034387778418,-0.008499121,继续持多 (+0.53%)
2025/10/15 12:00,110798.01,112238.41,110400,OSCILLATION,1.3669787593038742,-2.080349744,0.2613389385876997,-0.005383576,继续持多 (-0.46%)
2025/10/15 16:00,111271.73,111557.7,110164,OSCILLATION,0.6845568670096801,-1.505818249,0.3224437235277709,-0.009148142,继续持多 (-0.04%)
2025/10/15 20:00,110763.28,111556.27,110500,OSCILLATION,0.5337401703158565,-1.772909958,0.3946039514398194,-0.014883984,继续持多 (-0.49%)
2025/10/16 0:00,111329.48,111867.17,110361,BEARISH_SINGULARITY,0.6285609449878707,-1.15115785,0.4882893940587329,-0.024293145,继续持多 (+0.01%)
2025/10/16 4:00,110584.2,111773.7,110553.19,BEARISH_SINGULARITY,0.7442672541105334,-1.643068788,0.5812725142867247,-0.035076215,继续持多 (-0.66%)
2025/10/16 8:00,111404.72,111728.7,109635.15,BEARISH_SINGULARITY,1.2519072423131905,-0.827014386,0.6636048957447869,-0.048708736,"平多/反空 (高点,盈利0.08%)"
2025/10/16 12:00,108549.21,111982.45,108361.69,BEARISH_SINGULARITY,1.8503868433506048,-3.05795662,0.7098983739396124,-0.059605798,继续持空 (+2.56%)
2025/10/16 16:00,108197.66,109254,107577.57,BEARISH_SINGULARITY,1.7773268113938387,-3.060609263,0.7614065754335562,-0.071252742,继续持空 (+2.88%)
2025/10/16 20:00,108194.28,108500,107427,BEARISH_SINGULARITY,0.5031505085765907,-2.779973828,0.7691370742308379,-0.077500105,继续持空 (+2.88%)
2025/10/17 0:00,109176.74,109240,107934.4,BEARISH_SINGULARITY,0.5454268128901983,-1.719590274,0.7439557724201341,-0.077428337,继续持空 (+2.00%)
2025/10/17 4:00,105633.75,109236.01,105542.09,BEARISH_SINGULARITY,1.685740458102449,-4.462314866,0.6929519530737761,-0.071241643,"平空/反多 (低点,盈利5.18%)"
2025/10/17 8:00,105683.72,106651.22,103528.23,BEARISH_SINGULARITY,2.6340680275935764,-4.013325819,0.6793922902408688,-0.0673595,继续持多 (+0.05%)
2025/10/17 12:00,106803.53,106852.14,104533.21,BEARISH_SINGULARITY,1.4645416646776606,-2.718663795,0.6314275634713848,-0.06060798,"平多/反空 (高点,盈利1.11%)"
2025/10/17 16:00,106454.72,107575.6,106071.42,BEARISH_SINGULARITY,0.7403591429583637,-2.755163982,0.5681624670156491,-0.0500006,继续持空 (+0.33%)
2025/10/17 20:00,106431.68,107440.02,106342.47,BEARISH_SINGULARITY,0.3605870581070626,-2.518468525,0.5285702009918395,-0.040966343,"平空/反多 (低点,盈利0.35%)"
2025/10/18 0:00,107070.4,107306.06,106322.2,BEARISH_SINGULARITY,0.5579015895941808,-1.752548388,0.5169878196428109,-0.035017349,继续持多 (+0.60%)
2025/10/18 4:00,106665,107499,106439.38,BEARISH_SINGULARITY,0.6174394660159471,-1.926101992,0.4990512106337937,-0.033471335,继续持多 (+0.22%)
2025/10/18 8:00,107208.6,107222,106605.93,BEARISH_SINGULARITY,0.4908105721726823,-1.292203692,0.5060337711487006,-0.036735164,"平多/反空 (高点,盈利0.73%)"
2025/10/18 12:00,106948.75,107300,106739.33,BEARISH_SINGULARITY,0.305918337,-1.387621152,0.5278738653980685,-0.041999677,继续持空 (+0.24%)
2025/10/18 16:00,107080.14,107091.87,106484,BEARISH_SINGULARITY,0.2015730930897279,-1.147239971,0.5600933539253724,-0.05143159,继续持空 (+0.12%)
2025/10/18 20:00,107185.01,107339.03,106851.84,BEARISH_SINGULARITY,0.190228349,-0.951338545,0.5978282409416469,-0.061442714,继续持空 (+0.02%)
2025/10/19 0:00,107275.78,107367.16,106734.17,BEARISH_SINGULARITY,0.2569182839865265,-0.785492648,0.6475768495829208,-0.070912676,继续持空 (-0.06%)
2025/10/19 4:00,106786,107290,106558.61,BEARISH_SINGULARITY,0.307167136,-1.121841848,0.7023851147550395,-0.079709117,"平空/反多 (低点,盈利0.39%)"
2025/10/19 8:00,107783.47,108260.5,106103.36,BEARISH_SINGULARITY,1.2111382825971575,-0.179391755,0.7498260693889942,-0.08857411,继续持多 (+0.93%)
2025/10/19 12:00,108486.7,108621.68,107355.02,BEARISH_SINGULARITY,0.8649022915716255,0.4267515960774907,0.746844004,-0.092060384,继续持多 (+1.59%)
2025/10/19 16:00,108908.43,109450.07,108240,BEARISH_SINGULARITY,0.5983789883136338,0.7387507616874506,0.729705497,-0.090308475,继续持多 (+1.99%)
2025/10/19 20:00,108642.78,109370.99,108471.1,BEARISH_SINGULARITY,0.5460874204873566,0.445863855,0.7232380867973212,-0.08600281,继续持多 (+1.74%)
2025/10/20 0:00,110145.44,110427.86,107402.52,BEARISH_SINGULARITY,1.0455365694406515,1.6574775380648392,0.7656759179598064,-0.083030114,继续持多 (+3.15%)
2025/10/20 4:00,111169.92,111445.67,109951.96,BEARISH_SINGULARITY,1.0995272271616228,2.349279987581028,0.7955143517635929,-0.079860964,"平多/反空 (高点,盈利4.11%)"
2025/10/20 8:00,111016.75,111679.25,110608.27,BEARISH_SINGULARITY,0.9432642124307166,1.993759212975743,0.8037425379037733,-0.081025937,继续持空 (+0.14%)
2025/10/20 12:00,111144.55,111705.56,110588.23,BEARISH_SINGULARITY,0.8816218236144319,1.9062753,0.8326691247922094,-0.087144256,继续持空 (+0.02%)
2025/10/20 16:00,110803.22,111303.05,109855.83,BEARISH_SINGULARITY,1.281484694638985,1.439387848470714,0.8732451079309187,-0.094630782,继续持空 (+0.33%)
2025/10/20 20:00,110532.09,111272,110418.25,BEARISH_SINGULARITY,0.5303053419799716,1.0765046169710395,0.922972212,-0.104280077,继续持空 (+0.57%)
2025/10/21 0:00,109059.22,110532.09,109052.09,BEARISH_SINGULARITY,0.9620624732692544,-0.244680901,0.962199506,-0.113559119,继续持空 (+1.90%)
2025/10/21 4:00,108086.37,109059.23,107473.72,BEARISH_SINGULARITY,1.855828414,-1.027595772,1.0142265220976974,-0.123065,"平空/反多 (低点,盈利2.77%)"
2025/10/21 8:00,108580.01,108811.47,107484.22,BEARISH_SINGULARITY,1.118598662311113,-0.521048534,1.043412053555031,-0.128601172,继续持多 (+0.46%)
2025/10/21 12:00,113422.61,113557.62,107922.06,BEARISH_SINGULARITY,3.307540779786577,3.5295685121396034,1.0015631858489895,-0.12487947,"平多/反空 (高点,盈利4.94%)"
2025/10/21 16:00,111780.39,114000,111324.29,BEARISH_SINGULARITY,3.1162015490698027,1.8336522128381223,0.8038111949130666,-0.102044025,继续持空 (+1.45%)
2025/10/21 20:00,108297.67,111801.41,108045.81,BEARISH_SINGULARITY,1.675823047480676,-1.213167491,0.6539013585873622,-0.085595457,继续持空 (+4.52%)
2025/10/22 0:00,108216.02,108678.21,107841.2,BEARISH_SINGULARITY,1.2510702060105623,-1.166444295,0.5664555071556913,-0.077140575,继续持空 (+4.59%)
2025/10/22 4:00,108321.63,108638.99,107610,BEARISH_SINGULARITY,0.96312289,-0.969074451,0.4586276476556469,-0.06170338,继续持空 (+4.50%)
2025/10/22 16:00,107870.35,108796.42,107463.29,OSCILLATION,0.8984818916351501,-1.047383406,0.1765491873788494,-0.009971162,继续持空 (+4.90%)
2025/10/22 20:00,107567.44,108069.93,106666.69,OSCILLATION,0.8780256883803086,-1.200552414,0.1158227374693012,0.001102638,"平空/反多 (低点,盈利5.16%)"
2025/10/23 0:00,108377.96,108720.39,107500,OSCILLATION,0.5306615036517055,-0.412840495,0.088356722,0.008508452,继续持多 (+0.75%)
2025/10/23 4:00,109269.9,110298.29,108350.36,OSCILLATION,0.7307686115047828,0.3678712773217445,0.054277146,0.012993147,继续持多 (+1.58%)
2025/10/23 8:00,109253.89,109903.83,109100.4,OSCILLATION,0.4939459070422007,0.3194233291841079,0.009446214,0.014855248,继续持多 (+1.57%)
2025/10/23 12:00,109908.28,110109.99,108685.72,OSCILLATION,0.9568345271847232,0.8319225069279573,-0.029303803,0.013037598,继续持多 (+2.18%)
2025/10/23 16:00,110200,111293.61,109647.34,OSCILLATION,0.8112582238841877,0.9937919979078872,-0.06768169,0.011118312,继续持多 (+2.45%)
2025/10/23 20:00,110078.18,110200.01,109341.28,OSCILLATION,0.3968331029607496,0.7974647818770817,-0.099244013,0.007583591,继续持多 (+2.33%)
2025/10/24 0:00,110441.46,110829.67,109983.93,OSCILLATION,0.3565659560715067,1.021387097,-0.11479819,0.0024157,继续持多 (+2.67%)
2025/10/24 4:00,111054.61,111522.3,110332,OSCILLATION,0.6172299136215862,1.4293953003340445,-0.153384119,-0.003566154,继续持多 (+3.24%)
2025/10/24 8:00,111066.29,111482.99,110600,OSCILLATION,0.4543403762511734,1.3011296430540176,-0.174495023,-0.005444052,"平多/反空 (高点,盈利3.25%)"
2025/10/24 12:00,110046.91,112104.98,109700.01,OSCILLATION,1.2598958617286775,0.3358875860035754,-0.180606219,-0.008526364,"平空/反多 (低点,盈利0.92%)"
2025/10/24 16:00,110615.07,110945.39,109797.13,OSCILLATION,0.3406288105007591,0.7719580358761886,-0.160789065,-0.013640976,继续持多 (+0.52%)
2025/10/24 20:00,111004.89,111138.62,110478,OSCILLATION,0.454929951,1.0186544691942705,-0.162029,-0.015632457,继续持多 (+0.87%)
2025/10/25 0:00,111029.99,111226.67,110672.86,OSCILLATION,0.2432574,0.9413725359938248,-0.182328457,-0.014320812,继续持多 (+0.89%)
2025/10/25 4:00,111489.6,111820.87,111029.99,OSCILLATION,0.446781566,1.2281811263359168,-0.233526863,-0.010441666,继续持多 (+1.31%)
2025/10/25 8:00,111563.81,111850.13,111375.81,OSCILLATION,0.4596858206349965,1.170729616752798,-0.299657414,0.000183693,继续持多 (+1.38%)
2025/10/25 12:00,111385.18,111943.19,111311.19,OSCILLATION,0.4374737906767873,0.9117939753908286,-0.389534955,0.014002785,继续持多 (+1.22%)
2025/10/25 16:00,111623.45,111731.78,111164.39,BULLISH_SINGULARITY,0.3549927572383025,1.0191690753026583,-0.479364089,0.032042888,继续持多 (+1.43%)
2025/10/25 20:00,111646.27,111683.64,111342.25,BULLISH_SINGULARITY,0.2411298176031565,0.9398598286369134,-0.540838512,0.053935443,继续持多 (+1.45%)
2025/10/26 0:00,111260.46,111899.56,111260.45,BULLISH_SINGULARITY,0.4673277578538588,0.5344563188040257,-0.56209317,0.074551853,继续持多 (+1.10%)
2025/10/26 4:00,111723.98,111724.96,111260.46,BULLISH_SINGULARITY,0.3272045784490843,0.8617189637715246,-0.547615754,0.090591401,继续持多 (+1.52%)
2025/10/26 8:00,113286.09,113466.23,111708.63,BULLISH_SINGULARITY,1.447025760407173,2.0511394762448907,-0.468256772,0.1026332917326227,继续持多 (+2.94%)
2025/10/27 4:00,115554.6,116400,114938.01,OSCILLATION,2.5116524763777908,2.7953354212535064,0.4100986469062209,0.015974128,"平多/反空 (高点,盈利5.00%)"
2025/10/27 12:00,114969.68,115437.48,114503.99,BEARISH_SINGULARITY,1.888813296641448,1.8241513003147285,0.5961265916824819,-0.049897664,继续持空 (+0.51%)
2025/10/27 16:00,114942.64,115790,114790.81,BEARISH_SINGULARITY,0.9437499183136332,1.625967434634534,0.6591719209459737,-0.072967362,继续持空 (+0.53%)
2025/10/27 20:00,114107.65,114942.64,113830.01,BEARISH_SINGULARITY,1.003641973378769,0.8024923886922951,0.6714283784795345,-0.090884901,继续持空 (+1.25%)
2025/10/28 0:00,113908.24,114547.2,113569.91,BEARISH_SINGULARITY,0.9648749571734409,0.5663452714793538,0.669404739,-0.101325102,"平空/反多 (低点,盈利1.42%)"
2025/10/28 4:00,114188.37,114364.99,113483.3,BEARISH_SINGULARITY,0.9589838377304196,0.7356022321412874,0.5816143088874332,-0.106115815,继续持多 (+0.25%)
2025/10/28 8:00,114357.73,114673.68,114113.3,BEARISH_SINGULARITY,0.5366878896049646,0.8000486199417691,0.4149662677437958,-0.097092879,"平多/反空 (高点,盈利0.39%)"
2025/10/28 20:00,112898.45,113703.32,112211,OSCILLATION,1.2253731283745704,-0.539715923,-0.200967708,-0.015681789,继续持空 (+1.28%)
2025/10/29 0:00,112523.49,112975.75,112100,OSCILLATION,0.7824450007836176,-0.787836283,-0.345958433,0.01232217,"平空/反多 (低点,盈利1.60%)"
2025/10/29 4:00,113577.9,113577.9,112505.58,BULLISH_SINGULARITY,0.7468266972334671,0.1283131116713864,-0.45295841,0.037850748,"平多/反空 (高点,盈利0.94%)"
2025/10/29 8:00,113132.36,113624.12,112732.91,BULLISH_SINGULARITY,0.710457317,-0.239340176,-0.560605269,0.060837435,继续持空 (+0.39%)
2025/10/29 12:00,111509.74,113643.73,111401.5,BULLISH_SINGULARITY,1.5502943326842384,-1.513517551,-0.63304222,0.076311816,继续持空 (+1.82%)
2025/10/29 16:00,110640,112030.23,109200,BULLISH_SINGULARITY,2.412526157684436,-2.068873175,-0.657612524,0.082901683,继续持空 (+2.59%)
2025/10/29 20:00,110021.29,111800,109733.22,BULLISH_SINGULARITY,0.8362479646610524,-2.37323599,-0.660711411,0.084637975,"平空/反多 (低点,盈利3.13%)"
2025/10/30 0:00,110751.47,111011.99,109703.43,BULLISH_SINGULARITY,0.7284757617128346,-1.563568413,-0.679121582,0.082844883,继续持多 (+0.66%)
2025/10/30 4:00,111366.72,111592,107925.06,BULLISH_SINGULARITY,1.9653716394073664,-0.920791361,-0.719427254,0.084168603,"平多/反空 (高点,盈利1.22%)"
2025/10/30 8:00,109717.29,111467.01,109692.3,BULLISH_SINGULARITY,0.8911687385598726,-2.165708623,-0.791548191,0.086289983,继续持空 (+1.48%)
2025/10/30 12:00,107711.56,109777.93,107328,BULLISH_SINGULARITY,1.9323720528443569,-3.59113959,-0.880062235,0.082891613,继续持空 (+3.28%)
2025/10/30 16:00,106536.39,108214.85,106304.34,BULLISH_SINGULARITY,1.2770385558593946,-4.219461462,-0.964418354,0.079788873,"平空/反多 (低点,盈利4.34%)"
2025/10/30 20:00,108322.88,108334.53,106316.17,BULLISH_SINGULARITY,0.9489162882590424,-2.370344978,-1.048246179,0.083576645,继续持多 (+1.68%)
2025/10/31 0:00,109227.86,110042.16,108275.28,BULLISH_SINGULARITY,1.2098961013741778,-1.408720248,-1.191675565,0.1027626278690255,继续持多 (+2.53%)
2025/10/31 4:00,109449.31,110215,109114.88,BULLISH_SINGULARITY,1.022805026137814,-1.094968455,-1.331425678,0.1257860824159267,继续持多 (+2.73%)
2025/10/31 8:00,110415.61,110550,109214.13,BULLISH_SINGULARITY,0.6909683603076989,-0.200683466,-1.459125621,0.1437773748964095,"平多/反空 (高点,盈利3.64%)"
2025/10/31 12:00,110202.9,111190,109366.91,BULLISH_SINGULARITY,1.640211460790405,-0.355651797,-1.560663675,0.1607314255072542,继续持空 (+0.19%)
2025/10/31 16:00,109828.78,110300,108635,BULLISH_SINGULARITY,1.0015252159046524,-0.628254206,-1.598445727,0.1689594960943254,继续持空 (+0.53%)
2025/10/31 20:00,109608.01,109828.79,109329.15,BULLISH_SINGULARITY,0.3565324683151745,-0.7497379,-1.543703869,0.1692875886478078,"平空/反多 (低点,盈利0.73%)"
2025/11/1 0:00,110226.37,110315.54,109394.81,BULLISH_SINGULARITY,0.363758529,-0.171765482,-1.439026495,0.1599572622969343,"平多/反空 (高点,盈利0.56%)"
2025/11/1 4:00,110071.4,110564.49,109933.86,BULLISH_SINGULARITY,0.3578896858238109,-0.282475072,-1.297261661,0.1464261671722699,继续持空 (+0.14%)
2025/11/1 8:00,110137.59,110270.9,109854.72,BULLISH_SINGULARITY,0.3211719998604731,-0.201362365,-1.086120408,0.1268319081835456,继续持空 (+0.08%)
2025/11/1 12:00,110310.65,110348,109702.66,BULLISH_SINGULARITY,0.4379618913606324,-0.040307076,-0.862048363,0.1015125055159471,继续持空 (-0.08%)
2025/11/1 16:00,110299.99,110529.99,110192,BULLISH_SINGULARITY,0.361501137,-0.045210208,-0.634561681,0.07537497,继续持空 (-0.07%)
2025/11/1 20:00,110098.1,110516.17,109858.44,BULLISH_SINGULARITY,0.2674020709561994,-0.206479546,-0.443711863,0.049211127,"平空/反多 (低点,盈利0.12%)"
2025/11/2 4:00,110895.53,111045.09,110030.06,OSCILLATION,1.4722048956392404,0.4883027248230938,-0.209185992,0.012310853,继续持多 (+0.72%)
2025/11/2 8:00,111196.99,111229.78,110346.15,OSCILLATION,0.8059788294682005,0.6884511946759001,-0.17033268,0.011132456,"平多/反空 (高点,盈利1.00%)"
2025/11/2 12:00,110117.48,111250.01,110096.32,OSCILLATION,0.6102727114417454,-0.261585295,-0.147282376,0.012910477,"平空/反多 (低点,盈利0.97%)"
2025/11/2 16:00,110180.84,110331,109735.59,OSCILLATION,0.4425096180672989,-0.184785837,-0.099003847,0.010803569,继续持多 (+0.06%)
2025/11/2 20:00,110540.68,110742.26,109471.34,OSCILLATION,0.6254367641824289,0.1277361339260979,-0.098419233,0.008232618,"平多/反空 (高点,盈利0.38%)"
2025/11/3 0:00,107937.45,110750,107907.44,OSCILLATION,1.6474624674368918,-2.022157917,-0.056461204,0.011766245,继续持空 (+2.35%)
2025/11/3 4:00,107468.23,108075,107006.05,OSCILLATION,1.5823163317323476,-2.220107559,0.083455415,0.001630184,继续持空 (+2.78%)
2025/11/3 8:00,107787.42,107920.92,106726.63,OSCILLATION,1.4421609088513918,-1.749127052,0.1861458556735533,-0.011884115,继续持空 (+2.49%)
2025/11/4 8:00,104584.76,104699.07,103605,OSCILLATION,1.655675133963417,-3.121502703,-0.056696158,-0.014859696,继续持空 (+5.39%)
2025/11/4 12:00,103197.01,104842.63,102915.05,OSCILLATION,2.1079967312178853,-4.004088914,-0.170787088,-0.003032297,继续持空 (+6.64%)
2025/11/4 16:00,100542.64,103500.05,100010.73,OSCILLATION,3.251423858238802,-5.89306864,-0.261220038,0.008189778,"平空/反多 (低点,盈利9.04%)"
2025/11/4 20:00,101497.22,101893.09,98944.36,OSCILLATION,2.615300462547725,-4.545081004,-0.299093913,0.01541347,继续持多 (+0.95%)
2025/11/5 0:00,102130,102272.23,98966.8,BULLISH_SINGULARITY,2.134093529916885,-3.587278611,-0.374925616,0.029556793,"平多/反空 (高点,盈利1.58%)"
2025/11/5 4:00,101993.02,102370,101500,BULLISH_SINGULARITY,0.8713904498771712,-3.3745741,-0.46292152,0.043848557,继续持空 (+0.13%)
2025/11/5 8:00,102070.61,102203.48,101176.47,BULLISH_SINGULARITY,0.6521208305330114,-2.996099418,-0.52637952,0.05478307,继续持空 (+0.06%)
2025/11/5 12:00,103728.3,103798.37,101916.77,BULLISH_SINGULARITY,1.136897806313319,-1.287133095,-0.562987084,0.062501892,继续持空 (-1.56%)
2025/11/5 16:00,104008.09,104529.41,103057.56,BULLISH_SINGULARITY,0.9577618031042772,-0.924544448,-0.591028325,0.07080578,继续持空 (-1.84%)
2025/11/5 20:00,103885.16,104534.74,103305.05,BULLISH_SINGULARITY,0.4646376668442248,-0.94337607,-0.577140782,0.07099405,继续持空 (-1.72%)
2025/11/6 0:00,103636.03,103933.33,102716.26,BULLISH_SINGULARITY,0.6393836247605954,-1.069660455,-0.524048888,0.064131904,继续持空 (-1.47%)
2025/11/6 4:00,103185.48,104200,102910.66,BULLISH_SINGULARITY,0.496188328,-1.35886012,-0.432940134,0.053373767,继续持空 (-1.03%)
2025/11/6 16:00,101388.81,102393.51,100300.95,OSCILLATION,0.9785321227566908,-2.482188386,-0.044466775,0.010071323,继续持空 (+0.73%)
2025/11/6 20:00,101346.04,101643.28,100541.17,OSCILLATION,0.6040475822069921,-2.288508398,0.1159852714640563,-0.003101286,"平空/反多 (低点,盈利0.77%)"
2025/11/7 0:00,101916.29,102500,100749.94,OSCILLATION,0.6748723877459898,-1.575727057,0.2773770309121019,-0.013904446,继续持多 (+0.56%)
2025/11/7 4:00,102010,102527,101582.92,BEARISH_SINGULARITY,0.5228239330819034,-1.345681091,0.411682425,-0.02341008,"平多/反空 (高点,盈利0.66%)"
2025/11/7 8:00,100411.89,102050,99803.58,BEARISH_SINGULARITY,1.1031211520720758,-2.623088764,0.4388277035695657,-0.035153028,"平空/反多 (低点,盈利1.57%)"
2025/11/7 12:00,100797.95,101253.99,99260.86,BEARISH_SINGULARITY,1.4355931402027775,-2.038902417,0.4458438251622449,-0.042166756,继续持多 (+0.38%)
2025/11/7 16:00,103395.25,103395.25,100517.06,BEARISH_SINGULARITY,1.1227131983826366,0.4388774767772667,0.4455518677571425,-0.040603863,"平多/反空 (高点,盈利2.97%)"
2025/11/7 20:00,103339.08,104096.36,102958,BEARISH_SINGULARITY,0.5048012502792113,0.347585031,0.3937295623254374,-0.033605698,继续持空 (+0.05%)
2025/11/8 0:00,102592.76,103406.22,102539.49,BEARISH_SINGULARITY,0.4520034792430314,-0.341335675,0.3657145939320628,-0.030375573,继续持空 (+0.78%)
2025/11/8 4:00,102352.96,102836,101902.64,BEARISH_SINGULARITY,0.4249808848278083,-0.519868763,0.3951509257831169,-0.032691997,继续持空 (+1.01%)
2025/11/8 8:00,101857.1,102687.72,101715.76,BEARISH_SINGULARITY,0.4229561428328855,-0.907266086,0.4427776162982345,-0.04077884,继续持空 (+1.49%)
2025/11/8 12:00,101711.45,102186.99,101454,BEARISH_SINGULARITY,0.7180056095202474,-0.950011012,0.5261842408787128,-0.052175507,"平空/反多 (低点,盈利1.63%)"
2025/11/8 16:00,101989.65,102219.39,101522.08,BEARISH_SINGULARITY,0.5056640581704214,-0.614812946,0.6324270031995074,-0.065020881,继续持多 (+0.27%)
2025/11/8 20:00,102312.94,102482.2,101957.94,BEARISH_SINGULARITY,0.2358989710044194,-0.271305765,0.7264162565498344,-0.07764836,"平多/反空 (高点,盈利0.59%)"
2025/11/9 0:00,101662.05,102337.89,101400,BEARISH_SINGULARITY,0.5741873713393693,-0.820200527,0.7930335290379741,-0.087750469,"平空/反多 (低点,盈利0.64%)"
2025/11/9 4:00,101944.59,102130.61,101635.96,BEARISH_SINGULARITY,0.2996789214006263,-0.492952094,0.8643025877823345,-0.095207834,继续持多 (+0.28%)
2025/11/9 8:00,102239.41,102307.68,101500,BEARISH_SINGULARITY,0.5101730691411793,-0.185676576,0.8994173528967889,-0.097229825,继续持多 (+0.57%)
2025/11/9 12:00,103762.17,104168,102050.64,BEARISH_SINGULARITY,1.2793195830384492,1.1756061086734748,0.9087435088106128,-0.093871683,继续持多 (+2.07%)
2025/11/9 16:00,104805.57,104805.57,103316.23,BEARISH_SINGULARITY,0.7690908382758446,1.980004253006295,0.8878585245682347,-0.08365914,继续持多 (+3.09%)
2025/11/9 20:00,104722.96,105495.62,104058.59,BEARISH_SINGULARITY,1.0617095575204112,1.7156012955949076,0.8660894168404274,-0.072941109,继续持多 (+3.01%)
2025/11/10 0:00,106027.97,106670.11,104265.02,BEARISH_SINGULARITY,1.8325127151913247,2.6913804356280955,0.8802745154671436,-0.069372791,继续持多 (+4.29%)
2025/11/10 4:00,106461.45,106539.4,105846.26,BEARISH_SINGULARITY,0.7671736984164703,2.806596544315936,0.8985705989898339,-0.069438868,"平多/反空 (高点,盈利4.72%)"
2025/11/10 8:00,106176.5,106599.47,105836,BEARISH_SINGULARITY,0.6893652031060056,2.2848320238277453,0.9787793000660576,-0.077028735,继续持空 (+0.27%)
2025/11/10 12:00,105079.99,106589.89,104667,BEARISH_SINGULARITY,1.610948873066641,1.110212082270009,1.1014518018927857,-0.096683519,"平空/反多 (低点,盈利1.30%)"
2025/11/10 16:00,105817.99,106094.31,104784.36,BEARISH_SINGULARITY,0.8206073555022515,1.6441162334626762,1.2562166749855217,-0.125703433,继续持多 (+0.70%)
2025/11/10 20:00,106011.13,106299.22,105280,BEARISH_SINGULARITY,0.8701676886267541,1.652507283,1.3461346356126682,-0.150067567,继续持多 (+0.89%)
2025/11/11 0:00,106456,107500,105500,BEARISH_SINGULARITY,1.6641939269156418,1.8773609844497448,1.371925571487396,-0.168662612,"平多/反空 (高点,盈利1.31%)"
2025/11/11 4:00,104783.98,106546,104741.2,BEARISH_SINGULARITY,1.1116501905944831,0.2507826718053397,1.3215935923262927,-0.176177476,继续持空 (+1.57%)
2025/11/11 8:00,105311.9,105497.99,104762.23,BEARISH_SINGULARITY,0.6110541370051449,0.6833846708458835,1.266637869,-0.177878228,继续持空 (+1.07%)
2025/11/11 12:00,103455.99,105500,103170.33,BEARISH_SINGULARITY,2.687223482891502,-0.988083026,1.1237556387869123,-0.164481567,继续持空 (+2.82%)
2025/11/11 16:00,103126.39,103730,102840.22,BEARISH_SINGULARITY,0.7653258608764207,-1.180845428,0.9854208583202558,-0.145102572,继续持空 (+3.13%)
2025/11/11 20:00,103058.99,103224.29,102476.09,BEARISH_SINGULARITY,0.8274818654927114,-1.128156079,0.8191221574719922,-0.114987632,"平空/反多 (低点,盈利3.19%)"
2025/11/12 0:00,103310,103440.96,102687.72,BEARISH_SINGULARITY,0.799836422,-0.803514336,0.6360261941268754,-0.07931281,继续持多 (+0.24%)
2025/11/12 4:00,103112.66,103654.38,103011,BEARISH_SINGULARITY,0.6364297277180043,-0.899276142,0.4331973756468078,-0.04342589,继续持多 (+0.05%)
2025/11/12 8:00,105020.83,105200,103112.24,OSCILLATION,1.0206119680418837,0.8448838705125343,0.2566884900197162,-0.010915453,"平多/反空 (高点,盈利1.90%)"
2025/11/13 12:00,101382.64,103483.83,101184.14,OSCILLATION,1.6601936900748446,-1.718257243,-0.110383897,0.018460136,继续持空 (+3.46%)
2025/11/13 16:00,98682.14,101540.93,98147.4,OSCILLATION,3.003822293829009,-3.939460661,-0.099402154,0.013540069,"平空/反多 (低点,盈利6.04%)"
2025/11/13 20:00,99692.02,100501.31,98000.4,OSCILLATION,1.3821507645666644,-2.682399098,-0.040948084,0.006392715,继续持多 (+1.02%)
2025/11/14 0:00,99139.38,99866.02,98700,OSCILLATION,1.3070954498678244,-2.924003352,-0.067313222,0.010788333,继续持多 (+0.46%)
2025/11/14 20:00,94594,95940,94012.45,BULLISH_SINGULARITY,0.9443282652090031,-5.129130516,-0.362882739,0.083647508,继续持多 (-4.14%)
2025/11/15 0:00,96417.12,96846.68,94558.49,BULLISH_SINGULARITY,0.7881659511245503,-2.995741552,-0.397165529,0.087114746,继续持多 (-2.30%)
2025/11/15 4:00,96333.86,96570.65,95921.21,BULLISH_SINGULARITY,0.4589262660143857,-2.79441769,-0.489271576,0.091835676,继续持多 (-2.38%)
2025/11/15 8:00,95696.87,96350.52,95630,BULLISH_SINGULARITY,0.4227347070105922,-3.120035526,-0.535895638,0.090243924,继续持多 (-3.03%)
2025/11/15 12:00,96260,96471.22,95565.17,BULLISH_SINGULARITY,0.360175864,-2.312708267,-0.52686072,0.078853653,继续持多 (-2.45%)
2025/11/15 16:00,96012.01,96419.65,95731.32,BULLISH_SINGULARITY,0.3460650137606526,-2.325829394,-0.508456686,0.062970955,继续持多 (-2.71%)
2025/11/15 20:00,95596.24,96012.01,95119.94,BULLISH_SINGULARITY,0.3765569296285521,-2.493534827,-0.490002689,0.040875538,继续持多 (-3.13%)
2025/11/16 0:00,95825.02,95979.79,94841.62,OSCILLATION,0.3700487504918867,-2.049339059,-0.499226661,0.018286879,继续持多 (-2.90%)
2025/11/16 4:00,96099.99,96192,95650.72,LOW_OSCILLATION,0.2514089853337512,-1.602561728,-0.535688119,0.004584784,"平多/反空 (高点,盈利-2.62%)"
2025/11/16 8:00,95627.13,96635.11,95500,LOW_OSCILLATION,0.5131124979554361,-1.891750067,-0.571376026,-0.000195875,继续持空 (+0.49%)
2025/11/16 12:00,94573.46,95900,94368.24,LOW_OSCILLATION,0.5144444084564758,-2.697275029,-0.56834558,-0.001069484,继续持空 (+1.59%)
2025/11/16 16:00,94020,95567.79,93770.48,LOW_OSCILLATION,1.724554899295272,-2.964816173,-0.556632024,-0.003277003,"平空/反多 (低点,盈利2.16%)"
2025/11/16 20:00,94261.44,94739.74,93005.55,LOW_OSCILLATION,1.2430054621729203,-2.46337261,-0.566417149,-0.001595056,继续持多 (+0.26%)
2025/11/17 0:00,95496.77,95559.99,93767.27,LOW_OSCILLATION,0.8559347347418327,-1.073463125,-0.612408414,0.006935127,继续持多 (+1.57%)
2025/11/17 4:00,95653.77,95880,94849.37,BULLISH_SINGULARITY,0.8147971061565912,-0.824794752,-0.716510174,0.021536086,"平多/反空 (高点,盈利1.74%)"
2025/11/17 8:00,95565.38,96026.71,95309.68,BULLISH_SINGULARITY,0.743920035,-0.829883213,-0.812055724,0.037263085,继续持空 (+0.09%)
2025/11/17 12:00,93959.67,96043,93571.3,BULLISH_SINGULARITY,1.8211390192998689,-2.263812929,-0.872424971,0.050335064,继续持空 (+1.77%)
2025/11/17 16:00,91678.93,94419.88,91588,BULLISH_SINGULARITY,2.457005983877765,-4.213281138,-0.857000818,0.054535942,继续持空 (+4.16%)
2025/11/17 20:00,92215.14,92399.48,91220,BULLISH_SINGULARITY,1.8098777077763484,-3.316675493,-0.788102008,0.04888326,继续持空 (+3.59%)
2025/11/18 0:00,90842.72,92357.51,89700,BULLISH_SINGULARITY,2.2647967487065075,-4.322256938,-0.753335949,0.045681671,继续持空 (+5.03%)
2025/11/18 4:00,90512.1,90851.66,89253.78,BULLISH_SINGULARITY,1.844453981386705,-4.2445469,-0.706831415,0.040372522,"平空/反多 (低点,盈利5.38%)"
2025/11/18 8:00,91517.82,91617.17,90509.79,BULLISH_SINGULARITY,1.1636983634023337,-2.886397883,-0.691663549,0.038676444,继续持多 (+1.11%)
2025/11/18 12:00,92910.1,93049.91,90905.7,BULLISH_SINGULARITY,1.366898773704175,-1.276511666,-0.733604823,0.045373542,继续持多 (+2.65%)
2025/11/18 16:00,93195.61,93836.01,92579.23,BULLISH_SINGULARITY,0.9240605538533992,-0.881274316,-0.810871917,0.059688716,"平多/反空 (高点,盈利2.96%)"
2025/11/18 20:00,92960.83,93423.74,92462.72,BULLISH_SINGULARITY,0.4433106043970308,-1.024367305,-0.865702756,0.075073063,继续持空 (+0.25%)
2025/11/19 0:00,91874.52,92980.22,91660.49,BULLISH_SINGULARITY,0.5676510278135175,-1.977360636,-0.88816054,0.087017896,继续持空 (+1.42%)
2025/11/19 4:00,91863.64,92028.92,90025.06,BULLISH_SINGULARITY,1.0095056662547748,-1.802958384,-0.857682383,0.093401679,继续持空 (+1.43%)
2025/11/19 8:00,91410.22,91950,91072.41,BULLISH_SINGULARITY,0.4525627588735169,-2.07428765,-0.785020633,0.098009616,继续持空 (+1.92%)
2025/11/19 12:00,89951.7,92384.61,89880,BULLISH_SINGULARITY,1.0278523411592817,-3.301844753,-0.670501289,0.095938257,继续持空 (+3.48%)
2025/11/19 16:00,88884.56,90232.56,88630.71,BULLISH_SINGULARITY,1.4262113245711865,-4.042433322,-0.514295639,0.084409751,继续持空 (+4.63%)
2025/11/20 12:00,89869.88,92541.92,89835.34,OSCILLATION,1.0232145861052302,-2.52769709,0.3161234324474947,-0.006810833,继续持空 (+3.57%)
2025/11/20 16:00,86921.28,89911.73,86100,BEARISH_SINGULARITY,2.6137249049167908,-5.208826494,0.474296974,-0.036504413,继续持空 (+6.73%)
2025/11/20 20:00,86637.23,88250,86325.23,BEARISH_SINGULARITY,0.7678667812023796,-5.019395042,0.576935695,-0.063789132,继续持空 (+7.04%)
2025/11/21 0:00,85821.34,87498.94,85360,BEARISH_SINGULARITY,1.017687340359965,-5.380939496,0.5904948086517197,-0.072897309,继续持空 (+7.91%)
2025/11/21 4:00,84049.39,86459.53,82000,BEARISH_SINGULARITY,2.1444033134280263,-6.682688893,0.5121265265146925,-0.069218901,继续持空 (+9.81%)
2025/11/21 8:00,82309.66,84709.89,81648,BEARISH_SINGULARITY,2.345188179657952,-7.85831953,0.4035177885954292,-0.054696932,"平空/反多 (低点,盈利11.68%)"
2025/11/21 16:00,84209.3,85572.82,82333,OSCILLATION,1.0504036539642532,-4.622582581,0.191455138,-0.004650078,继续持多 (+2.31%)
2025/11/22 20:00,84739.74,85260,84237.7,OSCILLATION,0.2394108111931307,-1.924975752,0.2991334612846441,-0.004879031,继续持多 (+2.95%)
2025/11/23 0:00,86308.54,86349.84,84667.57,BEARISH_SINGULARITY,0.586983418,-0.098898562,0.4164884103071479,-0.031921403,继续持多 (+4.86%)
2025/11/23 4:00,85782.19,86860,85420,BEARISH_SINGULARITY,0.4377166771934445,-0.641132645,0.4857561273353562,-0.053934715,继续持多 (+4.22%)
2025/11/23 8:00,86331.28,86465.24,85768.22,BEARISH_SINGULARITY,0.3180593185749097,-0.004649249,0.576586713,-0.073191063,继续持多 (+4.89%)
2025/11/23 12:00,87087.44,87244.51,86271.1,BEARISH_SINGULARITY,0.5302296527157068,0.787567761,0.6600891322133048,-0.086448439,继续持多 (+5.80%)
2025/11/23 16:00,87325.01,87689.47,86502.47,BEARISH_SINGULARITY,0.5647737687815152,0.960347682,0.7320203804639963,-0.09382606,继续持多 (+6.09%)
2025/11/23 20:00,86830,88127.64,86701.54,BEARISH_SINGULARITY,0.5505684973105135,0.3509581723270096,0.7980913137163602,-0.097829396,继续持多 (+5.49%)
2025/11/24 0:00,87460.02,88059.44,85946.65,BEARISH_SINGULARITY,0.7473740379865549,0.9753111968722036,0.8820962859358058,-0.100751234,"平多/反空 (高点,盈利6.26%)"
2025/11/24 4:00,87050.39,87837.57,86450,BEARISH_SINGULARITY,0.5759127615593909,0.454317485,0.9970781931220488,-0.099821056,继续持空 (+0.47%)
2025/11/24 8:00,86264.72,87050.39,85696.56,BEARISH_SINGULARITY,0.6287741123801397,-0.409426565,1.147967448435183,-0.104351402,"平空/反多 (低点,盈利1.37%)"
2025/11/24 12:00,86616.44,86741.5,85272,BEARISH_SINGULARITY,0.9155202904784084,-0.003052826,1.2724778065310884,-0.118228904,继续持多 (+0.41%)
2025/11/24 16:00,88327.29,88834.62,86616.43,BEARISH_SINGULARITY,1.3183240146413455,1.7809263454650357,1.3482731674675132,-0.131328739,"平多/反空 (高点,盈利2.39%)"
2025/11/24 20:00,88300.01,89228,88252.5,BEARISH_SINGULARITY,0.8296394971472524,1.580239997718784,1.3547534931276766,-0.138827671,继续持空 (+0.03%)
2025/11/25 0:00,87822.12,88300.01,87457.53,BEARISH_SINGULARITY,0.7666442905798085,0.9314211791374196,1.345597361181592,-0.147860237,继续持空 (+0.57%)
2025/11/25 4:00,87384.81,88519.99,87300,BEARISH_SINGULARITY,0.9457601363491656,0.3878337734152082,1.3330705004952303,-0.157800364,继续持空 (+1.07%)
2025/11/25 8:00,87361.71,87606.57,86666,BEARISH_SINGULARITY,1.053131692561778,0.3267748237750891,1.3005679695484933,-0.166251303,继续持空 (+1.09%)
2025/11/25 12:00,86988.94,87792.2,86116,BEARISH_SINGULARITY,1.4557053445062424,-0.091676381,1.2192520463641598,-0.169205134,继续持空 (+1.52%)
2025/11/25 16:00,86882.85,88155.65,86182.49,BEARISH_SINGULARITY,0.9611819749803724,-0.193226414,1.0974407542597668,-0.165319886,"平空/反多 (低点,盈利1.64%)"
2025/11/25 20:00,87369.96,87889.38,86565.48,BEARISH_SINGULARITY,0.7461841484748045,0.3313364634925169,0.9522543259273684,-0.150740873,继续持多 (+0.56%)
2025/11/26 0:00,87119.92,88224,87069.97,BEARISH_SINGULARITY,0.6584954006199814,0.039991423,0.775934068,-0.126405861,继续持多 (+0.27%)
2025/11/26 4:00,87935.05,87970,86909.99,BEARISH_SINGULARITY,0.5376129497774514,0.8822338474226581,0.620244681,-0.098315217,继续持多 (+1.21%)
2025/11/26 8:00,87095.79,87941.58,86670.36,BEARISH_SINGULARITY,0.6642707791511383,-0.072925097,0.4524569245924135,-0.068357191,继续持多 (+0.25%)
2025/11/26 20:00,90484.02,90656.08,89508.85,OSCILLATION,1.0124223214326675,3.1710153846204383,0.1455356585194894,-0.000465427,继续持多 (+4.14%)
2025/11/27 0:00,91091.68,91950,90089.91,OSCILLATION,1.5276845203338374,3.483071369307087,0.085901935,0.011718367,继续持多 (+4.84%)
2025/11/27 4:00,91408.34,91554.49,90889.11,OSCILLATION,0.6596477282635257,3.4641474993468915,0.084923258,0.014514904,"平多/反空 (高点,盈利5.21%)"
2025/11/27 8:00,91371.88,91940.18,91221.17,OSCILLATION,0.6527132261863073,3.086827645809396,0.1512156863834767,0.008296402,继续持空 (+0.04%)
2025/11/27 12:00,90958.3,91457.36,90438.43,OSCILLATION,0.8140791561480606,2.364775720011847,0.2482771857558032,-0.007337146,"平空/反多 (低点,盈利0.49%)"
2025/11/27 16:00,91528.21,91843.59,90850.77,BEARISH_SINGULARITY,0.6460606991854743,2.712089208022792,0.3543433775852479,-0.027914432,"平多/反空 (高点,盈利0.63%)"
2025/11/27 20:00,91333.95,91600,91114.52,BEARISH_SINGULARITY,0.3254880852804345,2.251212497437288,0.415270975,-0.046842453,继续持空 (+0.21%)
2025/11/28 0:00,91208.85,91417.99,90652.55,BEARISH_SINGULARITY,0.6131912659024863,1.906263574973976,0.4555136257136957,-0.060028016,继续持空 (+0.35%)
2025/11/28 4:00,90910.87,91707.79,90867.43,BEARISH_SINGULARITY,0.6056603605363127,1.4213638195465412,0.4477209082067344,-0.067998928,继续持空 (+0.67%)
2025/11/28 8:00,91437.64,92030,90907.98,BEARISH_SINGULARITY,1.015301975,1.8142273841929064,0.4139690586377567,-0.066281176,继续持空 (+0.10%)
2025/11/29 0:00,90680.26,91119.99,90546.36,OSCILLATION,0.3095766301062779,0.454520158,0.086241181,-0.003302137,继续持空 (+0.93%)
2025/11/29 4:00,90567.67,90931.56,90311.92,OSCILLATION,0.4132206249481385,0.2982916165504234,0.002590092,0.01282161,"平空/反多 (低点,盈利1.05%)"
2025/11/30 4:00,90968.16,91037.72,90670.4,OSCILLATION,0.2457220327273998,0.4632424648229084,0.1162271288694388,0.018253968,继续持多 (+0.44%)
2025/11/30 8:00,91048.78,91632,90927.16,OSCILLATION,1.211470461005055,0.4994168934905846,0.1232946382738659,0.007245146,继续持多 (+0.53%)
2025/11/30 12:00,91435.31,92000.01,91009,OSCILLATION,1.260481919426137,0.8371324927147001,0.1309100820314438,-0.000456885,继续持多 (+0.96%)
2025/11/30 16:00,91460.79,91850,91159.42,OSCILLATION,0.519165923,0.7821848331465797,0.097608134,-0.007087346,"平多/反空 (高点,盈利0.99%)"
2025/11/30 20:00,90360,91626.75,90336.9,OSCILLATION,0.9302372841947956,-0.389926166,0.035907429,-0.009839381,继续持空 (+1.20%)
2025/12/1 0:00,86346.13,90417,86161.61,OSCILLATION,4.334908124243001,-4.376217168,-0.01262947,-0.009213881,继续持空 (+5.59%)
2025/12/1 4:00,86550.3,86578.06,85604,OSCILLATION,1.9310206290752685,-3.769761052,-0.008643181,-0.011658664,继续持空 (+5.37%)
2025/12/1 8:00,86149.15,86938.01,86131.01,OSCILLATION,1.1513920073753312,-3.829650008,-0.074132785,-0.00722214,继续持空 (+5.81%)
2025/12/1 12:00,84677.87,86674,83822.76,OSCILLATION,2.7793936216841635,-4.976861869,-0.170198962,0.003933114,"平空/反多 (低点,盈利7.42%)"
2025/12/1 16:00,85024.5,85555,84030.95,OSCILLATION,1.535663352932701,-4.169158877,-0.255781162,0.017635092,继续持多 (+0.41%)
2025/12/1 20:00,86286.01,86860,85007.69,BULLISH_SINGULARITY,1.2301368258692824,-2.492186738,-0.396487003,0.03352254,继续持多 (+1.90%)
2025/12/2 0:00,86976.99,87350,86184.39,BULLISH_SINGULARITY,1.1613310281170657,-1.550885052,-0.576364049,0.053911203,继续持多 (+2.72%)
2025/12/2 4:00,87012.65,87288.48,86818.14,BULLISH_SINGULARITY,0.6123891049634337,-1.368631262,-0.745421933,0.074325116,继续持多 (+2.76%)
2025/12/2 8:00,87368.92,87628.78,86296.21,BULLISH_SINGULARITY,1.1388340844167388,-0.873707007,-0.886555032,0.089437088,继续持多 (+3.18%)
2025/12/2 12:00,90850.01,91200,87032.75,BULLISH_SINGULARITY,2.7722610802663734,2.7747733873300104,-0.990909169,0.099758685,继续持多 (+7.29%)
2025/12/2 16:00,91903.39,92307.65,90201,BULLISH_SINGULARITY,1.7021724477367044,3.5751582588481177,-1.093162432,0.1097091515420742,继续持多 (+8.53%)
2025/12/2 20:00,91277.88,92000,90720.87,BULLISH_SINGULARITY,1.1691107216783427,2.589775832896636,-1.126742951,0.1104117142311618,继续持多 (+7.79%)
2025/12/3 0:00,92628.91,93087.09,90990.23,BULLISH_SINGULARITY,1.1376456508239123,3.702489441435492,-1.077392125,0.099767666,继续持多 (+9.39%)
2025/12/3 4:00,92999.99,93958.58,92625,BULLISH_SINGULARITY,1.1173610809568415,3.7111925999269366,-0.986814901,0.084570542,继续持多 (+9.83%)
2025/12/3 8:00,93005.68,93389.62,92666,BULLISH_SINGULARITY,0.6672257077182349,3.3516202559860533,-0.835585579,0.064733221,继续持多 (+9.83%)
2025/12/3 12:00,92373.3,93700,91697,BULLISH_SINGULARITY,1.465785052,2.3905878568056167,-0.64307471,0.041446093,继续持多 (+9.09%)
2025/12/3 16:00,93024.99,93500,91786.99,OSCILLATION,0.8044507861362434,2.8081526857926016,-0.438964375,0.015894841,继续持多 (+9.86%)
2025/12/3 20:00,93429.95,94150,92825.56,OSCILLATION,0.8373629780064671,2.9365291541480745,-0.295441212,-0.006346749,"平多/反空 (高点,盈利10.34%)"
2025/12/4 12:00,92971.49,93257,91801,OSCILLATION,0.9947880831005712,1.536923323886995,-0.276660911,-0.015086188,继续持空 (+0.49%)
2025/12/4 16:00,91975.44,93174.55,90889,OSCILLATION,1.1018488981228227,0.4061616867386091,-0.343370024,-0.002339749,"平空/反多 (低点,盈利1.56%)"
2025/12/4 20:00,92078.06,92718.53,91688.92,OSCILLATION,0.4430829164879887,0.4686056059987062,-0.384374579,0.011087475,继续持多 (+0.11%)
2025/12/5 0:00,92142.75,92692.36,91959.92,BULLISH_SINGULARITY,0.4429617224785224,0.4875885808681472,-0.424156467,0.024865482,继续持多 (+0.18%)
2025/12/5 4:00,92258.65,92497.51,91813.37,BULLISH_SINGULARITY,0.360941485,0.555185574,-0.475999731,0.036574407,"平多/反空 (高点,盈利0.31%)"
2025/12/5 8:00,91351.43,92258.65,90956.25,BULLISH_SINGULARITY,0.6394909372893519,-0.392483059,-0.557516582,0.047178363,继续持空 (+0.98%)
2025/12/5 12:00,90459.35,91478.67,89874.7,BULLISH_SINGULARITY,1.3417095818970066,-1.236777,-0.640874654,0.057250582,继续持空 (+1.95%)
2025/12/5 16:00,89629.26,90498.59,88056,BULLISH_SINGULARITY,1.5717079339715136,-1.942930527,-0.72445969,0.069124969,继续持空 (+2.85%)
2025/12/5 20:00,89330.04,89745.37,88901.6,BULLISH_SINGULARITY,0.6249654478211264,-2.058519245,-0.787613738,0.084310911,"平空/反多 (低点,盈利3.17%)"
2025/12/6 0:00,89688.35,89806.43,89030.67,BULLISH_SINGULARITY,0.4297188305972293,-1.509427489,-0.84820175,0.1021331463566513,"平多/反空 (高点,盈利0.40%)"
2025/12/6 4:00,89597.13,89764.19,89459.19,BULLISH_SINGULARITY,0.2276360169884248,-1.458540664,-0.898206409,0.122931133,继续持空 (+0.10%)
2025/12/6 8:00,89631.28,89750.01,89217.59,BULLISH_SINGULARITY,0.4652075344940857,-1.287392201,-0.875725572,0.1422392351243493,继续持空 (+0.06%)
2025/12/6 12:00,89758.77,90289.97,89490.98,BULLISH_SINGULARITY,0.6598834548719814,-1.038883244,-0.759701593,0.1546522937098445,继续持空 (-0.08%)
2025/12/6 16:00,89405.64,89981.2,89077.6,BULLISH_SINGULARITY,0.4871537888881085,-1.293956584,-0.632951653,0.1547249905140744,继续持空 (+0.32%)
2025/12/6 20:00,89236.79,89615.34,88908.01,BULLISH_SINGULARITY,0.3853863236490551,-1.341274473,-0.487297292,0.1431953940008819,"平空/反多 (低点,盈利0.50%)"
2025/12/7 20:00,90395.31,91510.4,88995.33,OSCILLATION,1.2642109737234948,0.1532969106399652,-0.005393938,0.013644676,继续持多 (+1.30%)
2025/12/8 0:00,91068.29,91700,89860,OSCILLATION,1.0786963150475315,0.8126162336822205,0.051892294,-0.002770438,继续持多 (+2.05%)
2025/12/8 4:00,91565.46,91868.76,91023.06,OSCILLATION,0.7035562615029207,1.2315768886492209,0.1311592413227079,-0.015466485,继续持多 (+2.61%)
2025/12/8 20:00,90634.34,91374,90124.49,BEARISH_SINGULARITY,0.859597021,0.1379308843454558,0.3563956919827402,-0.066046146,继续持多 (+1.57%)
2025/12/9 16:00,93800.83,94588.99,92693.5,OSCILLATION,2.840727520429994,3.083440351304528,0.1206672733168748,-0.008314748,"平多/反空 (高点,盈利5.11%)"
2025/12/9 20:00,92678.8,93857.47,92254.92,OSCILLATION,1.2290258248746322,1.6712021808979631,0.050450729,0.003346909,继续持空 (+1.20%)
2025/12/10 0:00,92410.62,92786.35,91976,OSCILLATION,0.751871764,1.2442266187662565,0.099155935,0.002909647,继续持空 (+1.48%)
2025/12/10 4:00,92782.91,92782.92,92386.83,OSCILLATION,0.5106519069195881,1.4924126633640178,0.1965858267387605,-0.006692011,继续持空 (+1.09%)
2025/12/10 12:00,92063.69,92226,91563.15,BEARISH_SINGULARITY,0.8835997642482012,0.5715530094500576,0.4024751863441992,-0.03686966,继续持空 (+1.85%)
2025/12/10 16:00,92957.67,93243.59,91684.39,BEARISH_SINGULARITY,1.755776857757878,1.3986433178102762,0.5062737400854339,-0.04967218,继续持空 (+0.90%)
2025/12/10 20:00,92015.37,94476,91878,BEARISH_SINGULARITY,1.6124752717386008,0.3353476187925906,0.5463656878461767,-0.055814093,继续持空 (+1.90%)
2025/12/11 0:00,89880.01,92080.32,89389.63,BEARISH_SINGULARITY,1.2926961408130386,-1.806701735,0.6062121209700214,-0.059900957,"平空/反多 (低点,盈利4.18%)"
2025/12/11 4:00,90272.75,90480.14,89694.81,BEARISH_SINGULARITY,0.7201279014299942,-1.248070047,0.720503498,-0.064672427,继续持多 (+0.44%)
2025/12/11 8:00,90242.35,90504.19,89971.11,BEARISH_SINGULARITY,0.489812443,-1.160710902,0.767865928,-0.06214787,继续持多 (+0.40%)
2025/12/11 12:00,89872.51,90653.33,89260.63,BEARISH_SINGULARITY,1.1177911090522843,-1.41877717,0.7293689783097485,-0.057167973,继续持多 (-0.01%)
2025/12/11 16:00,90839.81,91538.26,89333,BEARISH_SINGULARITY,1.120381827942419,-0.323784439,0.6430249952677954,-0.048322348,继续持多 (+1.07%)
2025/12/11 20:00,92513.38,93555,90797.76,BEARISH_SINGULARITY,1.5303700505255498,1.3665574304611792,0.499163204,-0.033449646,"平多/反空 (高点,盈利2.93%)"
2025/12/12 0:00,92283.4,92754,91448.31,OSCILLATION,0.6727109070698362,1.007350475368086,0.3180040681229757,-0.015603761,继续持空 (+0.25%)
2025/12/12 4:00,92425.34,92720,92078.91,OSCILLATION,0.4678840360110664,1.0508109132165937,0.1843539228814214,-0.00713475,继续持空 (+0.10%)
2025/12/12 8:00,92418.19,92650.01,92044.8,OSCILLATION,0.5144205818821922,0.9427244866187128,0.0976648,-0.007009796,继续持空 (+0.10%)
2025/12/12 12:00,89935.14,92660.74,89780,OSCILLATION,1.6639202729978462,-1.603550622,0.060034288,-0.015910974,"平空/反多 (低点,盈利2.79%)"
2025/12/13 16:00,90178.16,90268.13,89981,OSCILLATION,0.2461004127318459,-0.703496216,-0.332203584,-0.005093889,继续持多 (+0.27%)
2025/12/13 20:00,90240.01,90280.76,89766.39,BULLISH_SINGULARITY,0.259170959,-0.575226808,-0.499505612,0.028347027,继续持多 (+0.34%)
2025/12/14 0:00,90258.98,90472.4,90117.05,BULLISH_SINGULARITY,0.294205544,-0.501797973,-0.64712689,0.062031929,"平多/反空 (高点,盈利0.36%)"
2025/12/14 4:00,90245.6,90329.24,90050.74,BULLISH_SINGULARITY,0.3139308689376386,-0.467582615,-0.741858806,0.090122804,继续持空 (+0.01%)
2025/12/14 8:00,89360,90280.01,88687.27,BULLISH_SINGULARITY,0.9718235196444882,-1.308562259,-0.754396038,0.1073787999762323,继续持空 (+1.00%)
2025/12/14 12:00,89022.91,89666,88882.66,BULLISH_SINGULARITY,0.8358568763583734,-1.523210096,-0.678609938,0.1056391572972353,继续持空 (+1.37%)
2025/12/14 16:00,88644.88,89398.71,88497.02,BULLISH_SINGULARITY,0.8108029957761116,-1.759745197,-0.550583196,0.090227468,继续持空 (+1.79%)
2025/12/14 20:00,88172.17,88827.71,87577.36,BULLISH_SINGULARITY,1.263826110375463,-2.070639159,-0.397518671,0.063957468,"平空/反多 (低点,盈利2.31%)"
2025/12/15 4:00,89753.42,89918.48,89272.88,OSCILLATION,0.7314607117998536,-0.21252971,-0.197850273,0.007159497,"平多/反空 (高点,盈利1.79%)"
2025/12/15 8:00,89641.28,89986.68,89572.05,OSCILLATION,0.8620136368976357,-0.305189593,-0.250343406,-0.009715873,继续持空 (+0.12%)
2025/12/15 12:00,87033.22,89876.42,86621.91,OSCILLATION,2.961640673,-2.909323928,-0.336057929,-0.012241088,继续持空 (+3.03%)
2025/12/15 16:00,86149.96,87220,85146.64,OSCILLATION,2.635830950172896,-3.536851999,-0.371993512,-0.010074202,继续持空 (+4.01%)
2025/12/15 20:00,86432.08,86472.7,85530.01,OSCILLATION,1.2512108078712327,-2.923167903,-0.436176718,0.006138545,继续持空 (+3.70%)
2025/12/16 0:00,85875.92,86535.22,85386,BULLISH_SINGULARITY,1.1794489364777692,-3.220817971,-0.542909248,0.036964307,"平空/反多 (低点,盈利4.32%)"
2025/12/16 4:00,86021.51,86615.38,85266,BULLISH_SINGULARITY,1.2227310997376328,-2.773699453,-0.621982257,0.071780241,继续持多 (+0.17%)
2025/12/16 8:00,87261.45,87330,85930.97,BULLISH_SINGULARITY,1.1630951105520353,-1.243184448,-0.675473868,0.1060202367114437,继续持多 (+1.61%)
2025/12/16 12:00,87977.43,88175.98,86107.43,BULLISH_SINGULARITY,2.8133448618098384,-0.391819392,-0.691197189,0.1379530396585281,"平多/反空 (高点,盈利2.45%)"
2025/12/16 16:00,87585.77,88050.17,87061.23,BULLISH_SINGULARITY,1.4042645312711142,-0.756310747,-0.619134884,0.1555990328607352,继续持空 (+0.45%)
2025/12/16 20:00,87863.42,87931.48,87343.75,BULLISH_SINGULARITY,0.4508849348871319,-0.399805799,-0.42005201,0.1499643583108152,继续持空 (+0.13%)
2025/12/17 8:00,86983.26,87137.42,86238.91,OSCILLATION,0.6479183683454266,-1.065084753,0.4866350922057326,0.01588741,继续持空 (+1.13%)
2025/12/17 12:00,87233.44,90365.85,86817.27,BEARISH_SINGULARITY,2.740960963709343,-0.706718772,0.6847860976126298,-0.04380548,继续持空 (+0.85%)
2025/12/17 16:00,86018.53,87769.23,85314,BEARISH_SINGULARITY,1.6185240460773425,-1.894349122,0.7618899923971699,-0.092163525,"平空/反多 (低点,盈利2.23%)"
2025/12/17 20:00,86243.22,86431.14,85644.09,BEARISH_SINGULARITY,0.5457479749113118,-1.484393779,0.8385789210754072,-0.128460528,继续持多 (+0.26%)
2025/12/18 0:00,86618.34,86863.75,85863.93,BEARISH_SINGULARITY,0.5504415373062349,-0.956294607,0.7974423592100456,-0.151267991,继续持多 (+0.70%)
2025/12/18 4:00,86833.84,86901.4,86384.61,BEARISH_SINGULARITY,0.5058042305226685,-0.642708006,0.6540125732710189,-0.157783727,继续持多 (+0.95%)
2025/12/18 8:00,87300.74,87453.63,86685.14,BEARISH_SINGULARITY,0.6260627651327233,-0.098149849,0.469064995,-0.149387195,继续持多 (+1.49%)
2025/12/19 4:00,87953.4,88449.06,86647.51,BULLISH_SINGULARITY,1.050212322760691,0.9575246399656484,-0.530182774,0.020460714,继续持多 (+2.25%)
2025/12/19 8:00,88198.7,88385.06,87742.6,BULLISH_SINGULARITY,0.5118658957012466,1.1197625820069306,-0.642696073,0.04415104,"平多/反空 (高点,盈利2.53%)"
2025/12/19 12:00,87951.87,89399.97,87514.59,BULLISH_SINGULARITY,1.622926694969814,0.7564766799366665,-0.678802114,0.052391261,继续持空 (+0.28%)
2025/12/19 16:00,87845.92,88882.55,86846.16,BULLISH_SINGULARITY,1.2069714693613462,0.5742685521449209,-0.579141561,0.047581881,"平空/反多 (低点,盈利0.40%)"
2025/12/19 20:00,88136.94,88426.85,87614.79,BULLISH_SINGULARITY,0.5232807235285725,0.8203223080666955,-0.439659832,0.028771392,继续持多 (+0.33%)
2025/12/20 0:00,88214.98,88339.27,87961.6,OSCILLATION,0.2870710028691103,0.8222525113610377,-0.30219766,0.007828032,继续持多 (+0.42%)
2025/12/20 4:00,88275.41,88573.07,88123.07,OSCILLATION,0.2337110138351694,0.8057473927091807,-0.166991174,-0.010694293,继续持多 (+0.49%)
2025/12/20 20:00,88360.9,88443.44,88154.06,OSCILLATION,0.2150333515488725,0.6391864921868894,0.2407774115891518,-0.019956619,"平多/反空 (高点,盈利0.59%)"
2025/12/21 0:00,88070.64,88433.64,87869.35,OSCILLATION,0.3639753404177154,0.2791212415465505,0.2763233075265021,-0.0048821,"平空/反多 (低点,盈利0.33%)"
2025/12/21 4:00,88174.79,88201.59,88050,OSCILLATION,0.17116455,0.3596954094303261,0.3418670971977559,0.010327417,继续持多 (+0.12%)
2025/12/21 20:00,88658.86,88823.52,88091.96,HIGH_OSCILLATION,0.3441315064046015,0.6828666587578752,0.862130895,0.001357368,继续持多 (+0.67%)
2025/12/22 0:00,88774.12,89627.24,87900,BEARISH_SINGULARITY,1.318931150563008,0.7356873818305063,0.9983098806535972,-0.025790661,继续持多 (+0.80%)
2025/12/22 4:00,89170.1,89200,88712.11,BEARISH_SINGULARITY,0.6897853010594227,1.0709544184664257,1.1179091237105088,-0.055199787,继续持多 (+1.25%)
2025/12/22 8:00,89945.43,90118,89093.44,BEARISH_SINGULARITY,1.428029198200341,1.7608005513824476,1.207130882736708,-0.082539624,"平多/反空 (高点,盈利2.13%)"
2025/12/22 12:00,89726.92,90588.23,89196.42,BEARISH_SINGULARITY,2.1332942322668305,1.3674644070566426,1.2561400626387311,-0.103799578,继续持空 (+0.24%)
2025/12/22 16:00,88052.43,90127,87965.76,BEARISH_SINGULARITY,1.381612141237072,-0.474569454,1.3056611124776172,-0.12338647,"平空/反多 (低点,盈利2.10%)"
2025/12/22 20:00,88620.79,88833.33,87911.79,BEARISH_SINGULARITY,0.9512552312578004,0.1518367232098692,1.3801084693123349,-0.145412339,继续持多 (+0.65%)
2025/12/23 0:00,88170,88940,87800,BEARISH_SINGULARITY,0.9940232216758468,-0.323660865,1.3482689473295204,-0.150770259,继续持多 (+0.13%)
2025/12/23 4:00,87574.79,88368.1,87051.52,BEARISH_SINGULARITY,1.3120876895738125,-0.902494141,1.2689825208439476,-0.14491034,继续持多 (-0.54%)
2025/12/23 8:00,87856.65,87890,87297.69,BEARISH_SINGULARITY,0.9277276007928296,-0.528265778,1.1482963677555358,-0.128759424,继续持多 (-0.22%)
2025/12/23 12:00,87443.45,87963.03,86601.9,BEARISH_SINGULARITY,2.035266008587535,-0.902082647,0.9823255891655688,-0.099779742,继续持多 (-0.69%)
2025/12/23 16:00,87752.87,88275.4,87162.39,BEARISH_SINGULARITY,1.7949081649775216,-0.499168791,0.8381483915362001,-0.06824928,继续持多 (-0.34%)
2025/12/23 20:00,87486,88372.35,87180,BEARISH_SINGULARITY,1.2713990188632958,-0.725961805,0.6852275708709246,-0.037812146,继续持多 (-0.64%)
2025/12/24 4:00,86911.53,87458.54,86796.65,HIGH_OSCILLATION,0.6981193581133937,-1.17185809,0.5952586302801312,-0.005762841,继续持多 (-1.30%)
2025/12/24 12:00,87049.99,87478.59,86420,BEARISH_SINGULARITY,1.1302906509664423,-0.846908095,0.643281295,-0.03131885,继续持多 (-1.14%)
2025/12/24 16:00,87566.06,87670,86917.25,BEARISH_SINGULARITY,0.8516462700161755,-0.2344687,0.6427403212325107,-0.050452035,继续持多 (-0.55%)
2025/12/24 20:00,87669.45,88049.89,87516.77,BEARISH_SINGULARITY,0.4813247323902653,-0.105574536,0.5604090283476268,-0.067203701,继续持多 (-0.43%)
2025/12/25 0:00,87840.42,87967.5,87508.52,BEARISH_SINGULARITY,0.3332941162998473,0.080730652,0.4037910815471308,-0.077906294,继续持多 (-0.24%)
2025/12/25 16:00,88151.18,88478,87993.21,OSCILLATION,0.5682270778738804,0.350769063,-0.440164825,-0.005816711,继续持多 (+0.11%)
2025/12/25 20:00,87225.27,88167.65,86934.72,BULLISH_SINGULARITY,0.9889539120557272,-0.636728576,-0.537364334,0.022682709,继续持多 (-0.94%)
2025/12/26 0:00,88844.87,89440,86891.7,BULLISH_SINGULARITY,2.705537060992342,1.0919220805060417,-0.504842642,0.040218817,"平多/反空 (高点,盈利0.90%)"
2025/12/26 4:00,88470.75,89567.75,88347.45,BULLISH_SINGULARITY,1.6486727014651343,0.6023977846289111,-0.44578132,0.056341937,继续持空 (+0.42%)
2025/12/26 8:00,88533.42,88918.59,88414.81,BULLISH_SINGULARITY,0.6578673522114016,0.6091124448597804,-0.356078016,0.053596518,继续持空 (+0.35%)
2025/12/26 20:00,87369.56,87792.7,87321.4,OSCILLATION,0.5489681808509624,-0.521862837,-0.029762568,0.003385996,"平空/反多 (低点,盈利1.66%)"
2025/12/27 0:00,87514.22,87532,87253.05,OSCILLATION,0.3591869392545763,-0.32324961,0.007483233,-0.014909651,继续持多 (+0.17%)
2025/12/27 12:00,87551.25,87589.99,87308.05,OSCILLATION,0.4325316358304378,-0.199882772,-0.330690198,-0.019767851,继续持多 (+0.21%)
2025/12/27 16:00,87569.39,87591,87442.08,LOW_OSCILLATION,0.332999201,-0.162165437,-0.585048042,0.001261766,继续持多 (+0.23%)
2025/12/27 20:00,87877.01,87984,87499.99,BULLISH_SINGULARITY,0.542777305,0.1705640650779619,-0.771047594,0.033730176,"平多/反空 (高点,盈利0.58%)"
2025/12/28 0:00,87740.01,87961.37,87705.97,BULLISH_SINGULARITY,0.4261830718136315,0.013026991,-0.919430954,0.063990445,继续持空 (+0.16%)
2025/12/28 4:00,87730.85,87837.99,87614.79,BULLISH_SINGULARITY,0.2850793124073612,0.002339433,-0.975938928,0.086641086,"平空/反多 (低点,盈利0.17%)"
2025/12/28 8:00,87883.25,88010,87720,BULLISH_SINGULARITY,0.4882678430689913,0.1592626196816033,-0.9205129,0.099435199,"平多/反空 (高点,盈利0.17%)"
2025/12/28 12:00,87836.27,88088.75,87794.86,BULLISH_SINGULARITY,0.5233464013527908,0.095641977,-0.824150558,0.099355117,继续持空 (+0.05%)
2025/12/28 16:00,87520.75,87931.59,87500.26,BULLISH_SINGULARITY,0.5677749940297195,-0.238840613,-0.76094667,0.087950367,"平空/反多 (低点,盈利0.41%)"
2025/12/28 20:00,87952.71,88049.53,87435,BULLISH_SINGULARITY,0.579259191,0.2293308250004243,-0.687678592,0.071056907,继续持多 (+0.49%)
2025/12/29 0:00,90123.55,90169.06,87813.17,BULLISH_SINGULARITY,2.8228766952368542,2.4394550542109634,-0.685083174,0.05521696,"平多/反空 (高点,盈利2.97%)"
2025/12/29 4:00,89617.71,90406.08,89507.03,BULLISH_SINGULARITY,1.9722635436969689,1.683928540796845,-0.837206297,0.053268239,继续持空 (+0.56%)
2025/12/29 8:00,87567.66,89825.01,87567.65,BULLISH_SINGULARITY,2.621102939317758,-0.581341374,-0.815710555,0.050904651,继续持空 (+2.84%)
2025/12/29 12:00,87691.62,88190.71,86806.5,BULLISH_SINGULARITY,2.309085583226397,-0.398810156,-0.678485347,0.03216374,继续持空 (+2.70%)
2025/12/30 4:00,87502.85,87600,87157.07,BULLISH_SINGULARITY,0.6861674417373956,-0.365227675,-0.652588859,0.035528177,"平空/反多 (低点,盈利2.91%)"
2025/12/30 8:00,87903.89,88224.76,87502.84,BULLISH_SINGULARITY,1.4868131033765934,0.082701543,-0.77950529,0.067379873,继续持多 (+0.46%)
2025/12/30 12:00,89016.35,89159.52,87834.01,BULLISH_SINGULARITY,2.123354441,1.2192189314301092,-0.937487047,0.1075134472423988,"平多/反空 (高点,盈利1.73%)"
2025/12/30 16:00,88226.16,89400,87960.2,BULLISH_SINGULARITY,1.516724643183804,0.2900732311321845,-1.121393623,0.1529027401110204,继续持空 (+0.89%)
2025/12/30 20:00,88485.49,88573.65,87886.46,BULLISH_SINGULARITY,0.6399498690493653,0.5288677435955692,-1.163230088,0.1821626779591547,继续持空 (+0.60%)
2025/12/31 0:00,88453.04,88819.8,88172.15,BULLISH_SINGULARITY,0.5736735583500931,0.444935381,-1.140285797,0.199334346,继续持空 (+0.63%)
2025/12/31 4:00,88613.12,88638.76,88325.06,BULLISH_SINGULARITY,0.4917183285708941,0.5666923270594127,-0.947592089,0.1969354748192269,继续持空 (+0.45%)
2025/12/31 8:00,89011.52,89046.6,88393.52,BULLISH_SINGULARITY,0.8258917718273133,0.9209094915610538,-0.628623555,0.1713211758400016,继续持空 (+0.01%)
2025/12/31 20:00,87648.22,87879.04,87250,BEARISH_SINGULARITY,0.6830293995358833,-0.480075441,0.8457918203215765,-0.036449815,继续持空 (+1.54%)
2026/1/1 0:00,87846.02,88088.1,87632.74,BEARISH_SINGULARITY,0.3604437053748428,-0.231208437,1.0466359356234527,-0.110942606,继续持空 (+1.31%)
2026/1/1 4:00,87631.88,87854.81,87550.43,BEARISH_SINGULARITY,0.4767665779850533,-0.429424175,0.8672797031160548,-0.142145735,"平空/反多 (低点,盈利1.56%)"
2026/1/1 8:00,88024.64,88024.64,87631.87,BEARISH_SINGULARITY,0.3852329655894642,0.015239774,0.6524537242720652,-0.129272007,继续持多 (+0.45%)
2026/1/1 12:00,88032.18,88113.45,87810.66,BEARISH_SINGULARITY,0.5021243142723213,0.021539054,0.3839331094775007,-0.089064321,继续持多 (+0.46%)
2026/1/2 20:00,89995.13,90400,89636.77,HIGH_OSCILLATION,0.7756418071828831,1.405312319890401,0.6616923740044728,0.0063773,继续持多 (+2.70%)
2026/1/3 0:00,90321.22,90418.32,89966.48,BEARISH_SINGULARITY,0.5472155819381462,1.6012098432343258,0.967793046,-0.048468323,"平多/反空 (高点,盈利3.07%)"
2026/1/3 4:00,89577.13,90480.62,89314.01,BEARISH_SINGULARITY,0.934528921,0.6909092500417018,1.2135017527099758,-0.101987307,"平空/反多 (低点,盈利0.82%)"
2026/1/3 8:00,89752.74,89982.11,89420.75,BEARISH_SINGULARITY,0.6810680815521245,0.803027034,1.4599216742982697,-0.160841174,继续持多 (+0.20%)
2026/1/3 12:00,89969.31,90249.99,89664.93,BEARISH_SINGULARITY,0.5815553842648471,0.9456747546259294,1.6252875611980953,-0.196417551,继续持多 (+0.44%)
2026/1/3 16:00,90123.77,90219.67,89918.59,BEARISH_SINGULARITY,0.2775207122667595,1.0113318565634066,1.6660351585297313,-0.216373962,继续持多 (+0.61%)
2026/1/3 20:00,90628.01,90741.16,90017.23,BEARISH_SINGULARITY,0.749760748,1.4242074719407614,1.576824132733343,-0.219520906,继续持多 (+1.17%)
2026/1/4 0:00,91236.78,91610.17,90628,BEARISH_SINGULARITY,1.552409677,1.9011622012637588,1.340233324447709,-0.200392652,继续持多 (+1.85%)
2026/1/4 4:00,91532,91810,91183.15,BEARISH_SINGULARITY,1.0392826901340613,2.014144508251912,0.9682259743672186,-0.162103516,"平多/反空 (高点,盈利2.18%)"
2026/1/4 8:00,91300,91620.5,91174.46,BEARISH_SINGULARITY,1.401503581273652,1.5857270964952022,0.480738984,-0.115764332,继续持空 (+0.25%)
2026/1/4 16:00,91138.07,91455.9,90863.47,OSCILLATION,0.6070178358062974,1.1286127653718865,0.2684388201561231,-0.017336532,"平空/反多 (低点,盈利0.43%)"
2026/1/4 20:00,91529.73,91590,91132,OSCILLATION,0.438763521,1.4122271945130156,0.3297656269769822,-0.008892696,继续持多 (+0.43%)
2026/1/5 0:00,92878.22,93388,91514.81,OSCILLATION,2.6547648828503587,2.622264099932882,0.382713921,-0.013583704,继续持多 (+1.91%)
2026/1/5 4:00,92520.63,92947.87,92155,OSCILLATION,0.8700906262471553,2.010783179276663,0.3638990582702343,-0.017117653,继续持多 (+1.52%)
2026/1/5 8:00,93134.26,93151,92320.17,BEARISH_SINGULARITY,1.1578679456205134,2.425209633226909,0.4316368198461949,-0.031009167,继续持多 (+2.19%)
2026/1/5 12:00,93957.73,94000,92407.13,BEARISH_SINGULARITY,1.8291948928720536,3.004076614689779,0.4808241060579759,-0.044167544,继续持多 (+3.09%)
2026/1/5 16:00,94303.4,94500,93250,BEARISH_SINGULARITY,1.7815825781425056,3.051004798189489,0.4866383450832925,-0.054957752,"平多/反空 (高点,盈利3.47%)"
2026/1/5 20:00,93859.71,94789.08,93800,BEARISH_SINGULARITY,1.058634468932769,2.3161015522174577,0.4846544529960871,-0.064298162,继续持空 (+0.47%)
2026/1/6 0:00,93769.24,94161.86,93529.18,BEARISH_SINGULARITY,0.7414834027915579,2.002063804434407,0.50630404,-0.075003331,继续持空 (+0.57%)
2026/1/6 4:00,93255.08,94000,93137.98,BEARISH_SINGULARITY,0.9766304629026348,1.3035641888317722,0.5043926141775692,-0.080892247,"平空/反多 (低点,盈利1.11%)"
2026/1/6 8:00,93840,93895,93167.29,BEARISH_SINGULARITY,0.6468585424585515,1.751069316369294,0.4938757237674291,-0.082550508,"平多/反空 (高点,盈利0.63%)"
2026/1/6 12:00,93648.99,94444.44,93352.01,BEARISH_SINGULARITY,1.7024231125033409,1.3948619216178797,0.4075855304991708,-0.072533087,继续持空 (+0.20%)
2026/1/7 0:00,92815.83,93747.97,92236.07,OSCILLATION,0.9967010207616374,0.3375332163770861,0.1002752018937165,-0.017456543,继续持空 (+1.09%)
2026/1/7 4:00,92879.13,92930.35,92500,OSCILLATION,0.3911198642775769,0.3671578895880842,-0.009856941,0.004458919,继续持空 (+1.02%)
2026/1/8 8:00,90226.77,90917.22,89777.25,BULLISH_SINGULARITY,0.8795947191555351,-1.661707943,-0.432627025,0.083095694,"平空/反多 (低点,盈利3.85%)"
2026/1/8 12:00,90781.57,90847.52,89311,BULLISH_SINGULARITY,1.5163301439041654,-0.957324745,-0.520152386,0.093463839,继续持多 (+0.61%)
2026/1/8 16:00,90937.41,91469,90312.89,BULLISH_SINGULARITY,0.9162922359195568,-0.712856574,-0.660297649,0.1035918712573319,继续持多 (+0.79%)
2026/1/8 20:00,91099.99,91493,90568.11,BULLISH_SINGULARITY,0.6333059019545807,-0.484610216,-0.780268318,0.1119929103032724,继续持多 (+0.97%)
2026/1/9 0:00,91220.23,91632.1,90850,BULLISH_SINGULARITY,0.5950008218209611,-0.31972647,-0.853814899,0.1164635465862039,"平多/反空 (高点,盈利1.10%)"
2026/1/9 4:00,90741.84,91236.72,90738.34,BULLISH_SINGULARITY,0.5741893209828938,-0.762859362,-0.898571691,0.1125118670703386,继续持空 (+0.52%)
2026/1/9 8:00,90463.11,90843.77,89694.66,BULLISH_SINGULARITY,0.9746160885741468,-0.966983275,-0.870714017,0.099687665,继续持空 (+0.83%)
2026/1/9 12:00,91176.47,92082.55,89850,BULLISH_SINGULARITY,2.007216885732162,-0.168355381,-0.829087575,0.080181058,继续持空 (+0.05%)
2026/1/9 16:00,90332.15,91783.32,90190,BULLISH_SINGULARITY,1.0154454330021716,-0.989776352,-0.831657275,0.065661283,"平空/反多 (低点,盈利0.97%)"
2026/1/9 20:00,90641.28,90732.01,90113.87,BULLISH_SINGULARITY,0.4580695202874993,-0.589318933,-0.790613136,0.047588562,继续持多 (+0.34%)
2026/1/10 0:00,90626.14,90782.23,90527.99,BULLISH_SINGULARITY,0.2105547652658797,-0.548533227,-0.781387342,0.037686728,继续持多 (+0.33%)
2026/1/10 4:00,90678.5,90682.7,90408.23,BULLISH_SINGULARITY,0.2091129858203934,-0.444513233,-0.796689529,0.032400398,继续持多 (+0.38%)
2026/1/10 8:00,90723.86,90832,90618.28,BULLISH_SINGULARITY,0.2877677806600527,-0.35725532,-0.826439955,0.034460357,"平多/反空 (高点,盈利0.43%)"
2026/1/10 12:00,90665.75,90788.78,90538.46,BULLISH_SINGULARITY,0.1868496082071065,-0.381128176,-0.879923616,0.041322144,继续持空 (+0.06%)
2026/1/10 16:00,90626.54,90746,90504.55,BULLISH_SINGULARITY,0.2506986425510751,-0.383964273,-0.935318316,0.052857891,继续持空 (+0.11%)
2026/1/10 20:00,90504.7,90659.03,90404,BULLISH_SINGULARITY,0.2509976309404785,-0.468798293,-0.984286545,0.066874661,"平空/反多 (低点,盈利0.24%)"
2026/1/11 0:00,90733.5,90737.95,90451.1,BULLISH_SINGULARITY,0.2509371722347084,-0.196535834,-1.00650761,0.080732969,继续持多 (+0.25%)
2026/1/11 4:00,90710.79,90850,90585.34,BULLISH_SINGULARITY,0.3051759411966337,-0.200461517,-0.99659747,0.093955891,继续持多 (+0.23%)
2026/1/11 8:00,90754.99,90816,90610.27,BULLISH_SINGULARITY,0.3997853918209131,-0.137392497,-0.963864192,0.098713922,继续持多 (+0.28%)
2026/1/11 12:00,90875.79,91191.5,90708.25,BULLISH_SINGULARITY,0.6981379678650685,-0.004044073,-0.894641189,0.097963859,继续持多 (+0.41%)
2026/1/11 16:00,90690.8,91283.89,90673.3,BULLISH_SINGULARITY,0.6142427495851903,-0.187865179,-0.763892175,0.092044451,继续持多 (+0.21%)
2026/1/11 20:00,91013.65,91041.79,90236,BULLISH_SINGULARITY,1.1660189007691395,0.1514835080454683,-0.641039696,0.072816157,继续持多 (+0.56%)
2026/1/12 0:00,91808.12,92519.95,90700.29,BULLISH_SINGULARITY,2.548434048708016,0.9271256512634044,-0.539744233,0.053436244,"平多/反空 (高点,盈利1.44%)"
2026/1/12 4:00,91408.09,92290.81,91381.36,BULLISH_SINGULARITY,1.1503640661198398,0.4407419596843455,-0.496112616,0.036737121,继续持空 (+0.44%)
2026/1/12 8:00,90620.96,91630.13,90370,BULLISH_SINGULARITY,1.7899559205933917,-0.383927665,-0.402092318,0.020711797,"平空/反多 (低点,盈利1.29%)"
2026/1/12 12:00,91665,91665,90128.44,OSCILLATION,1.800302470248625,0.6905047795299992,-0.294888905,0.000981236,继续持多 (+1.15%)
2026/1/12 16:00,91861.27,92332,91000.53,OSCILLATION,2.1798189949753817,0.8190978158339814,-0.271474333,-0.007589724,"平多/反空 (高点,盈利1.37%)"
2026/1/12 20:00,91296.2,92046.23,90938.2,OSCILLATION,0.9652819189935103,0.1799458172619094,-0.277156195,-0.010829284,"平空/反多 (低点,盈利0.62%)"
2026/1/13 0:00,91408.91,91546.08,91042.66,OSCILLATION,0.959393782,0.2746273577725385,-0.272564549,-0.011503813,继续持多 (+0.12%)
2026/1/13 4:00,91942,92275.38,91350.71,OSCILLATION,1.793053891565821,0.776935973,-0.289769426,-0.005390556,继续持多 (+0.71%)
2026/1/13 8:00,92000.74,92672.11,91924.27,OSCILLATION,1.6599232983878651,0.7605852645616159,-0.333043483,0.007123373,继续持多 (+0.77%)
2026/1/13 12:00,93449.99,93450,91787.61,BULLISH_SINGULARITY,2.5132720715806736,2.1194838734091506,-0.354380603,0.020364559,继续持多 (+2.36%)
2026/1/13 16:00,94226.84,94231.82,93078.31,BULLISH_SINGULARITY,2.4613925570469948,2.678127110582855,-0.405198782,0.037112929,继续持多 (+3.21%)
2026/1/13 20:00,95414,96495,94062,BULLISH_SINGULARITY,3.284165280276304,3.5799595614223243,-0.401309185,0.049044242,继续持多 (+4.51%)
2026/1/14 8:00,94792.99,95315.15,94737.95,OSCILLATION,0.6854902660115006,2.017474099899004,0.091229496,0.013961113,继续持多 (+3.83%)
2026/1/14 12:00,96764.57,97084.68,94680.67,BEARISH_SINGULARITY,2.126837059922224,3.730388268617317,0.4118741963288748,-0.022123765,继续持多 (+5.99%)
2026/1/14 16:00,97267.42,97777,96246.56,BEARISH_SINGULARITY,2.1307974518489834,3.847180878517893,0.6249320653205981,-0.051737033,"平多/反空 (高点,盈利6.54%)"
2026/1/14 20:00,96951.78,97924.49,96772.02,BEARISH_SINGULARITY,0.9671023609267332,3.165303617595667,0.7450181711811715,-0.082751853,继续持空 (+0.32%)
2026/1/15 0:00,95985.1,97000,95777,BEARISH_SINGULARITY,0.8479914535547804,1.9292519663901868,0.8200698986212055,-0.105401715,"平空/反多 (低点,盈利1.32%)"
2026/1/15 4:00,96630.48,96760.15,95952.89,BEARISH_SINGULARITY,0.6143737537024371,2.3597136345198404,0.9104870974497252,-0.116680563,继续持多 (+0.67%)
2026/1/15 8:00,96581.08,97193.34,96289.98,BEARISH_SINGULARITY,0.8471565866057532,2.083056242787346,0.9138120014584512,-0.114492977,继续持多 (+0.62%)
2026/1/15 12:00,96737.04,97165.03,95435.91,BEARISH_SINGULARITY,1.3953955986503066,2.029470277604943,0.8908682477024427,-0.102993982,"平多/反空 (高点,盈利0.78%)"
2026/1/15 16:00,95516.01,97163,95183.13,BEARISH_SINGULARITY,2.121965969853812,0.6705325571352233,0.8496367782384115,-0.084571069,继续持空 (+1.26%)
2026/1/15 20:00,95604.8,95871,95134.48,BEARISH_SINGULARITY,0.3765481808388319,0.6908385956604618,0.8550415861531351,-0.069049124,继续持空 (+1.17%)
2026/1/16 0:00,95354.69,95855.12,95321.58,BEARISH_SINGULARITY,0.3438827147151022,0.3865587830675078,0.8473098246906674,-0.051504711,"平空/反多 (低点,盈利1.43%)"
2026/1/16 4:00,95653.16,95816.83,95133.03,BEARISH_SINGULARITY,0.6455370932230495,0.6336153082980521,0.844788773,-0.036856296,"平多/反空 (高点,盈利0.31%)"
2026/1/16 8:00,95429.09,95871.47,95261.43,BEARISH_SINGULARITY,0.4521895451578842,0.3598489178155405,0.8048662055324957,-0.025321864,继续持空 (+0.23%)
2026/1/17 4:00,95101.67,95373.64,95041.7,BEARISH_SINGULARITY,0.1965812447723877,-0.010014034,0.6810952968370716,-0.025174298,"平空/反多 (低点,盈利0.58%)"
2026/1/17 8:00,95323.86,95323.86,95021.67,BEARISH_SINGULARITY,0.2233414019938066,0.2022587442106324,0.6373629428397113,-0.030065084,继续持多 (+0.23%)
2026/1/17 12:00,95573.64,95639.45,95198.81,BEARISH_SINGULARITY,0.5410604142922241,0.4203669301056817,0.5900333308610507,-0.033208262,"平多/反空 (高点,盈利0.50%)"
2026/1/17 16:00,95291.38,95576.14,95212.25,BEARISH_SINGULARITY,0.2424001699425011,0.1119899611338772,0.5338499414412404,-0.035260363,继续持空 (+0.30%)
2026/1/17 20:00,95147.77,95412.86,95050,BEARISH_SINGULARITY,0.2124014620538615,-0.035182966,0.4854705894353574,-0.037658417,继续持空 (+0.45%)
2026/1/18 0:00,95200.29,95250,94876.33,BEARISH_SINGULARITY,0.3515232178584764,0.018091242,0.4456420259171167,-0.037844579,继续持空 (+0.39%)
2026/1/18 4:00,95028.27,95260,95028.27,BEARISH_SINGULARITY,0.3654304191189667,-0.147168,0.3942193342767988,-0.035980758,继续持空 (+0.57%)
2026/1/18 20:00,93673.14,95531.12,93615.4,OSCILLATION,1.5264109972765745,-1.438620211,0.1705594059109069,-0.013104559,继续持空 (+1.99%)
2026/1/19 0:00,92690.09,93673.14,91910.2,OSCILLATION,4.114569697020532,-2.242730876,0.1800493724559827,-0.013029872,"平空/反多 (低点,盈利3.02%)"
2026/1/19 4:00,92841.62,92861.41,92385.07,OSCILLATION,1.1340267038954055,-1.888289845,0.183619795,-0.015792206,继续持多 (+0.16%)
2026/1/19 8:00,93191.96,93368.44,92702.56,OSCILLATION,1.2356170604020604,-1.375474231,0.1382488296254052,-0.01323275,"平多/反空 (高点,盈利0.54%)"
2026/1/19 12:00,93068.62,93226.44,92700,OSCILLATION,1.183311791873994,-1.364532416,0.035989853,-0.006798622,继续持空 (+0.13%)
2026/1/19 16:00,93105.85,93420,92930,OSCILLATION,0.7702780830698208,-1.200392723,-0.085911172,0.001298833,继续持空 (+0.09%)
2026/1/19 20:00,92631,93342.36,92158.48,OSCILLATION,1.108964774185657,-1.54447586,-0.230848345,0.010462989,继续持空 (+0.60%)
2026/1/20 0:00,92434.92,92870,92264.7,OSCILLATION,0.9028679116266018,-1.588595714,-0.344035458,0.019508296,继续持空 (+0.81%)
