时间,开盘价,最高价,最低价,收盘价,成交量,信号类型,置信度,描述,张力,加速度,DXY燃料,量能比率,价格vsEMA%,V7.0.5通过,过滤原因,交易方向,V705执行动作
2025-08-19 20:00:00,113132.49,113589.48,112732.58,112872.94,2625.5971,BEARISH_SINGULARITY,0.7,奇点看空,0.776455352792296,-0.2496420101155304,0.0505836608300068,1.211057214393044,-2.44388668596495,True,,做多(反向),做多(反向)
2025-08-20 00:00:00,112872.95,113636.13,112566.01,113525.91,3116.70576,BEARISH_SINGULARITY,0.7,奇点看空,0.5888154581342092,-0.1853791368527509,0.0926272133600955,1.3651891070313045,-1.7035716305033013,True,,做多(反向),做多(反向)
2025-08-20 04:00:00,113525.9,113837.93,113432.0,113490.13,1367.41482,BEARISH_SINGULARITY,0.7,奇点看空,0.4618125735896692,-0.1329657519342043,0.0926272133600955,0.5920290954909955,-1.5719531391842263,True,,做多(反向),做多(反向)
2025-08-20 08:00:00,113490.14,114016.77,113060.08,113666.68,2352.50644,BEARISH_SINGULARITY,0.7,奇点看空,0.410808011857256,-0.1074436749545423,0.0926272133600955,0.984803652397805,-1.285444249278951,True,,做多(反向),做多(反向)
2025-08-20 12:00:00,113666.69,114326.35,112380.0,113353.94,4605.43198,BEARISH_SINGULARITY,0.7,奇点看空,0.4610508304582983,-0.1231748891896773,0.0926272133600955,1.796474068828177,-1.4108474210236972,True,,做多(反向),做多(反向)
2025-08-20 16:00:00,113353.94,114444.0,113264.01,114276.66,2624.00614,BEARISH_SINGULARITY,0.7,奇点看空,0.507319939140054,-0.1459803107327296,0.0926272133600955,0.992283570813599,-0.5506995164179508,True,,做多(反向),做多(反向)
2025-08-20 20:00:00,114276.66,114615.38,114000.0,114271.24,1570.2768,BEARISH_SINGULARITY,0.7,奇点看空,0.6087008170529308,-0.1889624724581992,0.0926272133600955,0.5871923921938002,-0.5027854426059637,True,,做多(反向),做多(反向)
2025-08-21 00:00:00,114271.23,114821.76,113906.01,113954.62,1626.72781,BEARISH_SINGULARITY,0.7,奇点看空,0.7375359013352162,-0.2404816055972803,-0.2115668921152557,0.604902571278937,-0.7048525130834151,True,,做多(反向),做多(反向)
2025-08-21 04:00:00,113954.62,114033.84,113582.43,113896.03,1612.36321,BEARISH_SINGULARITY,0.7,奇点看空,0.833616105999059,-0.2791557462712454,-0.2115668921152557,0.5896713034729272,-0.6844070443624424,True,,做多(反向),做多(反向)
2025-08-21 08:00:00,113896.03,113990.0,113000.0,113148.66,1509.65106,BEARISH_SINGULARITY,0.7,奇点看空,0.9081441169611252,-0.3042398460046864,-0.2115668921152557,0.599126428680635,-1.2103946017846032,True,,做多(反向),做多(反向)
2025-08-21 12:00:00,113148.65,113995.11,112608.64,112792.08,2521.11028,BEARISH_SINGULARITY,0.7,奇点看空,0.9120268408725936,-0.301923888646143,-0.2115668921152557,1.018985291684699,-1.3787952842228517,True,,做多(反向),做多(反向)
2025-08-21 16:00:00,112792.08,112969.47,112015.67,112193.71,2468.80417,BEARISH_SINGULARITY,0.7,奇点看空,0.8620255740514035,-0.2765842843102989,-0.2115668921152557,1.004445054882292,-1.723968916583563,True,,做多(反向),做多(反向)
2025-08-21 20:00:00,112193.71,112870.94,112067.46,112500.0,1101.03582,BEARISH_SINGULARITY,0.7,奇点看空,0.7364675051680669,-0.2257220706343772,-0.2115668921152557,0.463726492702258,-1.318867095310646,True,,做多(反向),做多(反向)
2025-08-22 00:00:00,112500.0,113525.0,112335.6,112929.24,1610.19525,BEARISH_SINGULARITY,0.9,强奇点看空,0.5865217625946999,-0.1637945313284301,0.8976858148979668,0.6799056727198388,-0.8533705446330602,True,,做多(反向),做多(反向)
2025-08-22 04:00:00,112929.24,113394.76,112708.81,113094.83,1656.2572,BEARISH_SINGULARITY,0.9,强奇点看空,0.4762606350537448,-0.1096050241914179,0.8976858148979668,0.692879246907384,-0.6409947812417891,True,,做多(反向),做多(反向)
2025-08-22 08:00:00,113094.83,113319.3,112177.27,112320.0,1932.43574,BEARISH_SINGULARITY,0.9,强奇点看空,0.4755127301481178,-0.084750895458278,0.8976858148979668,0.8162433694198452,-1.1973477826486785,True,,做多(反向),做多(反向)
2025-08-22 16:00:00,116370.75,117429.05,116116.0,116655.79,4307.94644,BEARISH_SINGULARITY,0.9,强奇点看空,0.3753939233172562,-0.0293906833245588,0.8976858148979668,1.4555707085402383,2.153816431827924,True,,做多(反向),做多(反向)
2025-08-22 20:00:00,116655.79,117174.43,116550.96,116935.99,2115.99447,BEARISH_SINGULARITY,0.9,强奇点看空,0.5752278625736287,-0.068340233882182,0.8976858148979668,0.7555224549369257,2.165741330382413,True,,做多(反向),做多(反向)
2025-08-23 00:00:00,116936.0,117030.0,115458.2,115568.77,2647.58419,BEARISH_SINGULARITY,0.9,强奇点看空,0.9268175501566248,-0.1468456098676744,0.8976858148979668,0.9649104102932008,0.8779068720239656,True,,做多(反向),做多(反向)
2025-08-23 04:00:00,115568.77,116034.53,115551.2,115799.47,2258.18362,BEARISH_SINGULARITY,0.9,强奇点看空,1.2125810926356646,-0.2171492983720114,0.8976858148979668,0.8285408455879127,0.9754894283090476,True,,做多(反向),做多(反向)
2025-08-23 08:00:00,115799.46,115861.8,115223.43,115310.13,1313.89391,BEARISH_SINGULARITY,0.9,强奇点看空,1.4427621705787668,-0.2754336751625886,0.8976858148979668,0.4985644792101938,0.4962666393018118,True,,做多(反向),做多(反向)
2025-08-23 12:00:00,115310.13,115486.97,114560.0,114812.87,3027.56166,BEARISH_SINGULARITY,0.9,强奇点看空,1.5877212929742175,-0.3130174594192267,0.8976858148979668,1.1137451002913437,0.0568966216713827,True,,做多(反向),做多(反向)
2025-08-23 16:00:00,114812.88,115190.74,114684.11,115133.91,1105.55067,BEARISH_SINGULARITY,0.9,强奇点看空,1.6046830697486965,-0.3205047984597258,0.8976858148979668,0.4162443582562181,0.3045139210257884,True,,做多(反向),做多(反向)
2025-08-23 20:00:00,115133.92,115454.12,115001.88,115438.05,976.58792,BEARISH_SINGULARITY,0.9,强奇点看空,1.5274223807982203,-0.3035312150352058,0.8976858148979668,0.3946493228285967,0.5149647806521009,True,,做多(反向),做多(反向)
2025-08-24 00:00:00,115438.06,115666.68,114934.21,115036.0,1995.92433,BEARISH_SINGULARITY,0.9,强奇点看空,1.4171949325607345,-0.2739517230817716,0.8976858148979668,0.8169413274942211,0.1491620488708169,True,,做多(反向),做多(反向)
2025-08-24 04:00:00,115036.01,115283.21,114846.14,114888.19,1715.6873,BEARISH_SINGULARITY,0.9,强奇点看空,1.280175098027036,-0.2355912052124349,0.8976858148979668,0.7001554125542437,0.0185293238769298,True,,做多(反向),做多(反向)
2025-08-24 08:00:00,114888.19,115060.99,114600.0,114730.22,2223.47925,BEARISH_SINGULARITY,0.9,强奇点看空,1.139269864959213,-0.195013330001762,0.8976858148979668,0.8964646670920398,-0.1076743960548621,True,,做多(反向),做多(反向)
2025-08-24 12:00:00,114730.22,114869.41,114350.57,114400.0,2662.01905,BEARISH_SINGULARITY,0.9,强奇点看空,1.0192522022452877,-0.1588512722417761,0.8976858148979668,1.051035614462017,-0.3576852333958062,True,,做多(反向),做多(反向)
2025-08-24 16:00:00,114400.01,114917.1,110680.0,112600.0,8322.01988,BEARISH_SINGULARITY,0.9,强奇点看空,0.9794101648156004,-0.1384671347085992,0.8976858148979668,2.8962509888814183,-1.7453050041600366,True,,做多(反向),做多(反向)
2025-08-24 20:00:00,112600.0,113692.97,111632.85,113493.59,4256.85481,BEARISH_SINGULARITY,0.9,强奇点看空,0.8821901327914369,-0.1145283742084534,0.8976858148979668,1.4380470235102416,-0.8744049821237218,True,,做多(反向),做多(反向)
2025-08-25 00:00:00,113493.59,113667.28,112159.0,112916.84,2384.9729,BEARISH_SINGULARITY,0.7,奇点看空,0.8172971586939266,-0.0997294024678987,-0.7580063088126419,0.8068319560739156,-1.2485272120955455,True,,做多(反向),做多(反向)
2025-08-25 04:00:00,112916.84,113059.52,111284.05,111511.55,4054.02521,BEARISH_SINGULARITY,0.7,奇点看空,0.8016967615958734,-0.0963403406889931,-0.7580063088126419,1.3062239963449849,-2.246871119607812,True,,做多(反向),做多(反向)
2025-08-25 08:00:00,111511.56,111850.13,110929.48,111214.97,4028.25788,BEARISH_SINGULARITY,0.7,奇点看空,0.7620401801966074,-0.0933159019842894,-0.7580063088126419,1.2492562543830392,-2.273538329644459,True,,做多(反向),做多(反向)
2025-08-25 12:00:00,111214.97,112580.0,110588.0,112200.64,4593.3206,BEARISH_SINGULARITY,0.7,奇点看空,0.6609391580152648,-0.0842679978901936,-0.7580063088126419,1.3624460161588137,-1.275083277343192,True,,做多(反向),做多(反向)
2025-08-25 16:00:00,112200.65,112937.26,110655.01,110716.13,3109.40411,BEARISH_SINGULARITY,0.7,奇点看空,0.6142846639661592,-0.0833644584326007,-0.7580063088126419,0.906471958636407,-2.3412156767741195,True,,做多(反向),做多(反向)
2025-08-25 20:00:00,110716.13,111092.54,109274.1,110111.98,7012.81309,BEARISH_SINGULARITY,0.7,奇点看空,0.5609428581367973,-0.0821516475947367,-0.7580063088126419,2.187672884390929,-2.6075272532394065,True,,做多(反向),做多(反向)
2025-08-26 00:00:00,110111.98,110111.98,108666.66,109879.56,4155.39206,BEARISH_SINGULARITY,0.7,奇点看空,0.4846749760223121,-0.0779052821788151,0.0264382108244643,1.2993817374062877,-2.5520224224136063,True,,做多(反向),做多(反向)
2025-08-26 04:00:00,109879.57,110547.31,109765.93,110303.2,1910.05232,BEARISH_SINGULARITY,0.7,奇点看空,0.3730260532710244,-0.0688635558198624,0.0264382108244643,0.5991984065493355,-1.9731341485677485,True,,做多(反向),做多(反向)
2025-08-27 00:00:00,111763.22,111825.16,110918.26,111418.15,2172.27313,BULLISH_SINGULARITY,0.6,奇点看涨,-0.3774066483124186,0.0298883420821541,-0.0765037102724933,0.6392791728839068,-0.4061229533521021,True,,做空(反向),做空(反向)
2025-08-27 04:00:00,111418.15,111737.26,110622.5,110725.18,1809.80294,BULLISH_SINGULARITY,0.6,奇点看涨,-0.4888700850421485,0.0628075070411078,-0.0765037102724933,0.5261567965420816,-0.928786977661678,True,,做空(反向),做空(反向)
2025-08-27 08:00:00,110725.19,111374.45,110345.42,111322.07,1594.26753,BULLISH_SINGULARITY,0.6,奇点看涨,-0.4356861240842064,0.0765250694504044,-0.0765037102724933,0.4662171027785079,-0.3572622975930974,True,,做空(反向),做空(反向)
2025-08-28 00:00:00,111262.01,112042.04,110862.42,112000.01,1203.77782,BEARISH_SINGULARITY,0.9,强奇点看空,0.425120726053775,-0.0330733067152071,0.5477121377377486,0.3852799545579685,0.2184466446915304,True,,做多(反向),做多(反向)
2025-08-28 04:00:00,112000.0,113360.0,111945.07,113114.11,2481.91862,BEARISH_SINGULARITY,0.9,强奇点看空,0.5769941844199195,-0.0757126937240144,0.5477121377377486,0.817583264615477,1.0983325850712489,True,,做多(反向),做多(反向)
2025-08-28 08:00:00,113114.11,113351.51,112826.22,112909.18,1419.04336,BEARISH_SINGULARITY,0.9,强奇点看空,0.6100033265702685,-0.107878538381207,0.5477121377377486,0.4750126080402641,0.8272914234575367,True,,做多(反向),做多(反向)
2025-08-28 12:00:00,112909.18,113485.9,112391.56,112678.53,3088.9335,BEARISH_SINGULARITY,0.9,强奇点看空,0.6199666327898934,-0.1313112089714425,0.5477121377377486,1.0509701468803228,0.5618162214638037,True,,做多(反向),做多(反向)
2025-08-28 16:00:00,112678.53,113186.56,111901.35,111901.36,1813.29699,BEARISH_SINGULARITY,0.9,强奇点看空,0.5885869345919705,-0.145216519621986,0.5477121377377486,0.6411084836338397,-0.1192462891594829,True,,做多(反向),做多(反向)
2025-08-28 20:00:00,111901.36,112575.98,111872.06,112566.9,1097.30715,BEARISH_SINGULARITY,0.9,强奇点看空,0.5175099800723081,-0.150363827117581,0.5477121377377486,0.4135199790094058,0.4293871849204796,True,,做多(反向),做多(反向)
2025-08-30 08:00:00,108524.26,108777.43,108400.0,108680.01,1416.9539,BULLISH_SINGULARITY,0.6,奇点看涨,-0.669621958054755,0.1402095949328787,-0.3457639667035008,0.5385779558990268,-1.4059100645445342,True,,做空(反向),做空(反向)
2025-08-30 12:00:00,108680.01,108926.15,108190.52,108869.98,1540.53972,BULLISH_SINGULARITY,0.6,奇点看涨,-0.6675357526780393,0.14540116689238,-0.3457639667035008,0.5885642363758226,-1.1173999017973228,True,,做空(反向),做空(反向)
2025-08-30 16:00:00,108869.98,108900.0,108625.46,108828.33,677.58629,BULLISH_SINGULARITY,0.6,奇点看涨,-0.6745287000733876,0.139263893858516,-0.3457639667035008,0.2634861872117263,-1.0463584723150974,True,,做空(反向),做空(反向)
2025-08-30 20:00:00,108828.32,108838.27,108468.77,108816.33,776.84909,BULLISH_SINGULARITY,0.6,奇点看涨,-0.6900233786785129,0.1234412142753026,-0.3457639667035008,0.3177352509579297,-0.9575414604790125,True,,做空(反向),做空(反向)
2025-08-31 00:00:00,108816.33,109480.02,108801.35,109223.84,1756.83146,BULLISH_SINGULARITY,0.6,奇点看涨,-0.6741534640912399,0.1044918461340289,-0.3457639667035008,0.7206988869860957,-0.5310607679308984,True,,做空(反向),做空(反向)
2025-08-31 04:00:00,109223.84,109231.41,108523.49,108708.26,1177.25929,BULLISH_SINGULARITY,0.6,奇点看涨,-0.6645895780353199,0.0844178333894837,-0.3457639667035008,0.4974993314729847,-0.9061626347486555,True,,做空(反向),做空(反向)
2025-08-31 08:00:00,108708.25,109100.0,108303.21,108389.76,1590.89462,BULLISH_SINGULARITY,0.6,奇点看涨,-0.5370352929131312,0.0634667377996254,-0.3457639667035008,0.6668434354753796,-1.0837769210935937,True,,做空(反向),做空(反向)
2025-09-02 04:00:00,110322.19,110610.5,110000.0,110233.92,1952.71608,BULLISH_SINGULARITY,0.6,奇点看涨,-0.5207139604407995,0.042667571975676,-0.4309008803207105,0.9440195664875176,0.8092562497844566,True,,做空(反向),做空(反向)
2025-09-03 12:00:00,111437.77,112500.0,111031.61,112222.74,3550.00487,BEARISH_SINGULARITY,0.9,强奇点看空,0.4126614456767331,-0.0341978241406771,0.5278052750243878,1.420357788248189,1.6881099113734306,True,,做多(反向),做多(反向)
2025-09-03 16:00:00,112222.73,112575.27,111686.24,112193.74,1957.30873,BEARISH_SINGULARITY,0.9,强奇点看空,0.4229221088423481,-0.0327137442686283,0.5278052750243878,0.7774210970317674,1.5011865554574395,True,,做多(反向),做多(反向)
2025-09-03 20:00:00,112193.74,112250.0,111613.98,111705.71,948.2535,BEARISH_SINGULARITY,0.9,强奇点看空,0.4916138912599515,-0.0280866568884393,0.5278052750243878,0.3881492455163882,0.9577805898184903,True,,做多(反向),做多(反向)
2025-09-04 00:00:00,111705.72,112180.0,111136.0,111148.97,1484.75903,BEARISH_SINGULARITY,0.7,奇点看空,0.6135450319471839,-0.0312187979855462,-0.3485976966180825,0.6046358005979585,0.4111341300250389,True,,做多(反向),做多(反向)
2025-09-04 04:00:00,111148.97,111318.84,110279.68,110463.36,2293.72804,BEARISH_SINGULARITY,0.7,奇点看空,0.7725714818745884,-0.0405791178313607,-0.3485976966180825,0.9153657794991216,-0.1884456523869996,True,,做多(反向),做多(反向)
2025-09-04 08:00:00,110463.36,111154.93,110415.72,110810.0,1251.00126,BEARISH_SINGULARITY,0.7,奇点看空,0.9156161548144712,-0.0571642864089052,-0.3485976966180825,0.5195106195374984,0.1128722876514683,True,,做多(反向),做多(反向)
2025-09-04 12:00:00,110810.0,111123.99,109329.12,109510.31,3057.95062,BEARISH_SINGULARITY,0.7,奇点看空,0.9709678580906872,-0.0684771209663467,-0.3485976966180825,1.2658511858862884,-0.96124172026788,True,,做多(反向),做多(反向)
2025-09-04 16:00:00,109510.32,110218.39,109363.26,109799.99,2124.63495,BEARISH_SINGULARITY,0.7,奇点看空,1.0023477315365754,-0.079101059843189,-0.3485976966180825,0.8978365284025687,-0.6330866769699766,True,,做多(反向),做多(反向)
2025-09-04 20:00:00,109800.0,111765.31,109755.59,110730.87,1991.06146,BEARISH_SINGULARITY,0.7,奇点看空,0.9577506340761792,-0.0757892906825258,-0.3485976966180825,0.8463131209436908,0.1893670105250857,True,,做多(反向),做多(反向)
2025-09-05 00:00:00,110730.87,111482.09,110435.75,111311.77,1665.5758,BEARISH_SINGULARITY,0.9,强奇点看空,0.8178938861902962,-0.0624018966847869,0.7188476720878467,0.7062758632570026,0.646433584838426,True,,做多(反向),做多(反向)
2025-09-05 04:00:00,111311.78,112999.0,111144.51,112954.32,3481.17531,BEARISH_SINGULARITY,0.9,强奇点看空,0.6150884416309799,-0.0437857908200418,0.7188476720878467,1.461637902800368,1.924685590872036,True,,做多(反向),做多(反向)
2025-09-06 04:00:00,111082.23,111082.23,110687.69,110825.6,687.98406,BEARISH_SINGULARITY,0.9,强奇点看空,0.6753725573005069,-0.0373417141425146,0.7188476720878467,0.2924329479686491,-0.1296137877257321,True,,做多(反向),做多(反向)
2025-09-06 08:00:00,110825.59,110968.0,110675.58,110781.02,621.90211,BEARISH_SINGULARITY,0.9,强奇点看空,0.7691169237974358,-0.0570960749634283,0.7188476720878467,0.2739010339112355,-0.1536416656204021,True,,做多(反向),做多(反向)
2025-09-06 12:00:00,110781.03,110999.83,110358.11,110384.15,886.00942,BEARISH_SINGULARITY,0.9,强奇点看空,0.7987782100722204,-0.0764539022012154,0.7188476720878467,0.3959197004013461,-0.4628650386892261,True,,做多(反向),做多(反向)
2025-09-06 16:00:00,110384.16,110402.0,109977.0,110038.41,1391.66059,BEARISH_SINGULARITY,0.9,强奇点看空,0.7653844551175243,-0.0904651704588895,0.7188476720878467,0.6235897639813041,-0.7013736298774821,True,,做多(反向),做多(反向)
2025-09-06 20:00:00,110038.42,110282.82,110034.44,110187.97,612.56061,BEARISH_SINGULARITY,0.9,强奇点看空,0.6608895870753241,-0.0953253261332404,0.7188476720878467,0.293819384925858,-0.5127434475499828,True,,做多(反向),做多(反向)
2025-09-07 00:00:00,110187.98,110733.12,110180.0,110629.15,948.63792,BEARISH_SINGULARITY,0.9,强奇点看空,0.4664956719057319,-0.0884545179676164,0.7188476720878467,0.4663016649251086,-0.103523169012724,True,,做多(反向),做多(反向)
2025-09-07 20:00:00,111259.99,111600.0,111001.45,111137.34,867.49224,BULLISH_SINGULARITY,0.95,超强奇点看涨,-0.5701648749441235,0.0316219442634927,0.7188476720878467,0.4768444713210623,0.2043015985945931,True,,做空(反向),做空(反向)
2025-09-08 00:00:00,111137.35,111372.0,110621.78,111052.11,1701.47085,BULLISH_SINGULARITY,0.6,奇点看涨,-0.5944956516936362,0.0419108133659195,-0.4892648008094987,0.9462725283319072,0.1153033597798491,True,,做空(反向),做空(反向)
2025-09-08 04:00:00,111052.11,111609.04,110899.69,111280.39,1330.12513,BULLISH_SINGULARITY,0.6,奇点看涨,-0.5164914287759803,0.0453508413765011,-0.4892648008094987,0.7535990928123307,0.2904316180976915,True,,做空(反向),做空(反向)
2025-09-08 16:00:00,112631.74,112670.06,111978.67,112097.31,1681.81458,BULLISH_SINGULARITY,0.6,奇点看涨,-0.5796915985643636,0.0362116750939363,-0.4892648008094987,0.9442892785149064,0.7198448100239001,True,,做空(反向),做空(反向)
2025-09-08 20:00:00,112097.31,112512.71,111896.0,112065.23,1127.08021,BULLISH_SINGULARITY,0.6,奇点看涨,-0.5836889394002911,0.0395690106536604,-0.4892648008094987,0.836673400334305,0.6247981172101297,True,,做空(反向),做空(反向)
2025-09-13 00:00:00,116029.41,116298.78,115576.26,115957.0,2254.31226,BULLISH_SINGULARITY,0.6,奇点看涨,-0.5714236929496828,0.0247727144797456,-0.2267614449091906,0.892426910246084,1.3075581814193478,True,,做空(反向),做空(反向)
2025-09-13 04:00:00,115957.0,115957.01,115657.81,115778.71,1062.2047,BULLISH_SINGULARITY,0.6,奇点看涨,-0.6425717424542863,0.0504352154368958,-0.2267614449091906,0.4262905693784213,1.040956077661537,True,,做空(反向),做空(反向)
2025-09-13 08:00:00,115778.72,116166.71,115767.33,115974.11,1228.90503,BULLISH_SINGULARITY,0.6,奇点看涨,-0.673801527633142,0.0708821540864883,-0.2267614449091906,0.4975662848722725,1.0948405696898211,True,,做空(反向),做空(反向)
2025-09-13 12:00:00,115974.11,116060.0,115603.98,115768.68,1373.33567,BULLISH_SINGULARITY,0.6,奇点看涨,-0.6627223965149459,0.0879418415231405,-0.2267614449091906,0.568754822874369,0.8278289780013954,True,,做空(反向),做空(反向)
2025-09-13 16:00:00,115768.68,115817.37,115127.27,115797.12,1589.96184,BULLISH_SINGULARITY,0.6,奇点看涨,-0.5488835441853271,0.0982476271625873,-0.2267614449091906,0.6722445669006868,0.7707728434888934,True,,做空(反向),做空(反向)
2025-09-13 20:00:00,115797.12,115991.29,115797.11,115918.29,760.68444,BULLISH_SINGULARITY,0.6,奇点看涨,-0.3960732005559872,0.0997610649246358,-0.2267614449091906,0.3671873554312763,0.7921088211607067,True,,做空(反向),做空(反向)
2025-09-18 16:00:00,117583.56,117900.0,117196.33,117450.21,1828.6235,LOW_OSCILLATION,0.6,低位震荡,-0.7440952422939239,0.0022909798363507,-0.3946251610726672,0.8361055147219159,0.8294793318271914,True,,做多,做多
2025-09-18 20:00:00,117450.21,117657.17,116612.03,117073.53,1375.21725,BULLISH_SINGULARITY,0.6,奇点看涨,-0.9255879397032816,0.0307910235604438,-0.3946251610726672,0.6529802063964203,0.4576834170294723,True,,做空(反向),做空(反向)
2025-09-19 00:00:00,117073.53,117459.99,116871.61,116977.58,1326.38784,BULLISH_SINGULARITY,0.95,超强奇点看涨,-1.0296252487301318,0.0580013179553542,0.3133477898420416,0.6380706630574847,0.3394821755861466,True,,做空(反向),做空(反向)
2025-09-19 04:00:00,116977.58,117100.0,116633.86,116909.97,1538.09106,BULLISH_SINGULARITY,0.95,超强奇点看涨,-1.0322764945358072,0.0835079849562406,0.3133477898420416,0.7289035824244772,0.25461187148111,True,,做空(反向),做空(反向)
2025-09-19 08:00:00,116909.98,117090.36,116300.0,116394.72,1243.82831,BULLISH_SINGULARITY,0.95,超强奇点看涨,-1.0134817324101468,0.0985836829563159,0.3133477898420416,0.5842007910564682,-0.1694324125313845,True,,做空(反向),做空(反向)
2025-09-19 16:00:00,115884.03,116136.0,115112.58,115125.12,1413.65495,BULLISH_SINGULARITY,0.95,超强奇点看涨,-0.7725708657582301,0.0989672974480291,0.3133477898420416,0.6513305603654788,-1.088043213040153,True,,做空(反向),做空(反向)
2025-09-19 20:00:00,115125.13,115657.28,115100.0,115632.38,812.25284,BULLISH_SINGULARITY,0.95,超强奇点看涨,-0.580003196291757,0.0848644489995392,0.3133477898420416,0.3905267074593596,-0.5904715355411239,True,,做空(反向),做空(反向)
2025-09-20 00:00:00,115632.39,115730.41,115408.47,115445.0,717.06298,BULLISH_SINGULARITY,0.95,超强奇点看涨,-0.4747552330991275,0.0746357046960017,0.3133477898420416,0.3643659414484349,-0.6804723855850274,True,,做空(反向),做空(反向)
2025-09-20 04:00:00,115445.0,115985.2,115409.08,115968.56,759.46126,BULLISH_SINGULARITY,0.95,超强奇点看涨,-0.4205284668150632,0.0619818502673521,0.3133477898420416,0.3906684285135758,-0.2081804468771095,True,,做空(反向),做空(反向)
2025-09-20 08:00:00,115968.56,115968.57,115664.11,115894.06,793.04586,BULLISH_SINGULARITY,0.95,超强奇点看涨,-0.5210422313798813,0.0557627075143239,0.3133477898420416,0.4172236173545329,-0.2464199452276249,True,,做空(反向),做空(反向)
2025-09-20 12:00:00,115894.05,116121.81,115804.47,115986.69,836.91424,BULLISH_SINGULARITY,0.95,超强奇点看涨,-0.6774114224573429,0.0558963249424043,0.3133477898420416,0.4602568676654739,-0.1508391212972189,True,,做空(反向),做空(反向)
2025-09-20 16:00:00,115986.7,116079.46,115698.08,115702.0,898.20806,BULLISH_SINGULARITY,0.95,超强奇点看涨,-0.8616472359747819,0.0655508608686326,0.3133477898420416,0.504464070448046,-0.358347968307398,True,,做空(反向),做空(反向)
2025-09-20 20:00:00,115702.0,115944.7,115603.42,115685.63,670.23512,BULLISH_SINGULARITY,0.95,超强奇点看涨,-1.0071438738308809,0.07864114216348,0.3133477898420416,0.4009507412673723,-0.3370942367837081,True,,做空(反向),做空(反向)
2025-09-21 00:00:00,115685.63,115732.94,115441.83,115669.41,919.05922,BULLISH_SINGULARITY,0.95,超强奇点看涨,-1.1085198325604184,0.0953012803609777,0.3133477898420416,0.6424170944329632,-0.3177389439104479,True,,做空(反向),做空(反向)
2025-09-21 04:00:00,115669.42,115815.98,115487.56,115815.97,806.9398,BULLISH_SINGULARITY,0.95,超强奇点看涨,-1.1687290433067827,0.1076480962902882,0.3133477898420416,0.5966227853286702,-0.1732352308100304,True,,做空(反向),做空(反向)
2025-09-21 08:00:00,115815.98,115819.06,115329.03,115603.45,786.85295,BULLISH_SINGULARITY,0.95,超强奇点看涨,-1.1348834013693032,0.1219642257576847,0.3133477898420416,0.6357014781627034,-0.3225805354395367,True,,做空(反向),做空(反向)
2025-09-21 12:00:00,115603.45,115747.23,115473.19,115531.61,671.3204,BULLISH_SINGULARITY,0.95,超强奇点看涨,-0.985699175323598,0.1231190556132652,0.3133477898420416,0.5680222694109844,-0.3480297095801941,True,,做空(反向),做空(反向)
2025-09-21 16:00:00,115531.62,115665.52,115209.02,115480.05,781.11646,BULLISH_SINGULARITY,0.95,超强奇点看涨,-0.7850715022327726,0.1114042973207993,0.3133477898420416,0.6718564819010923,-0.3552544408940938,True,,做空(反向),做空(反向)
2025-09-21 20:00:00,115480.05,115545.43,115188.0,115232.29,546.23336,BULLISH_SINGULARITY,0.95,超强奇点看涨,-0.5681166446083225,0.0920814435406839,0.3133477898420416,0.510919113441992,-0.5151250010084111,True,,做空(反向),做空(反向)
2025-09-23 20:00:00,111655.29,112220.54,111458.73,111998.8,1240.81718,BULLISH_SINGULARITY,0.8,强奇点看涨,-0.4021332972695773,0.0467757310728103,0.1819661835326962,0.6336681073442904,-1.374663159457297,True,,做空(反向),做空(反向)
2025-09-25 12:00:00,111347.99,111729.52,110629.99,111580.77,4734.75828,BEARISH_SINGULARITY,0.9,强奇点看空,0.4059379795181171,-0.0396309505702333,0.1550379492523906,1.9693185870677123,-1.0762212342287514,True,,做多(反向),做多(反向)
2025-09-25 16:00:00,111580.77,111672.58,108631.51,109360.0,6129.42446,BEARISH_SINGULARITY,0.9,强奇点看空,0.4615645605911289,-0.0481102910696394,0.1550379492523906,2.396064240912296,-2.763087032571917,True,,做多(反向),做多(反向)
2025-09-25 20:00:00,109360.0,109685.72,108765.0,108994.49,2099.3808,BEARISH_SINGULARITY,0.9,强奇点看空,0.5396007818039177,-0.0585517399510957,0.1550379492523906,0.8406212402499301,-2.802217159046403,True,,做多(反向),做多(反向)
2025-09-26 00:00:00,108994.49,109798.84,108809.24,109580.01,2323.19574,BEARISH_SINGULARITY,0.9,强奇点看空,0.5048503110150431,-0.0624297008972148,0.3837365672677548,0.9379071356260548,-2.067409158980777,True,,做多(反向),做多(反向)
2025-09-26 04:00:00,109580.0,109625.94,108913.0,109320.02,3055.89804,BEARISH_SINGULARITY,0.9,强奇点看空,0.3868373516747267,-0.0543316309625173,0.3837365672677548,1.191828774249875,-2.0853066041572315,True,,做多(反向),做多(反向)
2025-09-29 08:00:00,111865.96,112421.99,111865.95,112100.0,2126.24195,BEARISH_SINGULARITY,0.9,强奇点看空,0.3882324472848067,-0.0364492710842285,0.1814357834513707,1.3621454891352491,1.2689325061637795,True,,做多(反向),做多(反向)
2025-09-29 12:00:00,112100.0,114231.56,111901.26,113815.57,5064.79852,BEARISH_SINGULARITY,0.9,强奇点看空,0.4835409556775858,-0.0448017662096539,0.1814357834513707,3.0485202637188324,2.543464809475803,True,,做多(反向),做多(反向)
2025-09-29 16:00:00,113815.57,114390.93,113449.74,114265.55,2716.40525,BEARISH_SINGULARITY,0.9,强奇点看空,0.5455670499158408,-0.0467404738755131,0.1814357834513707,1.6330018236225865,2.660561794171433,True,,做多(反向),做多(反向)
2025-09-29 20:00:00,114265.56,114400.0,114020.0,114311.96,1504.84055,BEARISH_SINGULARITY,0.9,强奇点看空,0.6448678605747943,-0.0532430378842701,0.1814357834513707,0.954491533365113,2.4386243930813967,True,,做多(反向),做多(反向)
2025-09-30 00:00:00,114311.97,114792.0,114040.35,114376.39,2494.38118,BEARISH_SINGULARITY,0.7,奇点看空,0.7896974645012426,-0.065330665811703,-0.2840928576798882,1.5622726100430362,2.253256319309817,True,,做多(反向),做多(反向)
2025-09-30 04:00:00,114376.39,114376.4,113585.0,113699.23,2326.82117,BEARISH_SINGULARITY,0.7,奇点看空,0.9465351554662738,-0.081439950124173,-0.2840928576798882,1.3930374742413103,1.4885944846419727,True,,做多(反向),做多(反向)
2025-09-30 08:00:00,113699.24,113741.37,112656.27,113055.01,2869.29172,BEARISH_SINGULARITY,0.7,奇点看空,1.1312299800976773,-0.10107485124968,-0.2840928576798882,1.6287028316353922,0.8258357279552061,True,,做多(反向),做多(反向)
2025-09-30 12:00:00,113055.0,113677.23,112866.11,113106.16,2840.28661,BEARISH_SINGULARITY,0.7,奇点看空,1.3070235135414476,-0.1208947009055548,-0.2840928576798882,1.5284525719064228,0.7878034774445656,True,,做多(反向),做多(反向)
2025-09-30 16:00:00,113106.15,114563.46,112800.0,114359.99,2535.88761,BEARISH_SINGULARITY,0.7,奇点看空,1.4176301201576478,-0.134511457948402,-0.2840928576798882,1.3226652530434286,1.720521478279649,True,,做多(反向),做多(反向)
2025-09-30 20:00:00,114359.99,114754.87,113765.42,114048.93,1977.48804,BEARISH_SINGULARITY,0.7,奇点看空,1.420421352419989,-0.1348700720375619,-0.2840928576798882,1.0096637392635288,1.3045384113659209,True,,做多(反向),做多(反向)
2025-10-01 00:00:00,114048.94,114551.76,113966.67,114176.92,2042.57116,BEARISH_SINGULARITY,0.7,奇点看空,1.3981802130971814,-0.1321455249302384,0.0052288705599092,1.0056236723616,1.2814262044638058,True,,做多(反向),做多(反向)
2025-10-01 04:00:00,114176.93,114740.0,114151.0,114539.02,1996.43364,BEARISH_SINGULARITY,0.7,奇点看空,1.3337389948439795,-0.124041303305205,0.0052288705599092,0.9469262567596732,1.447788351170229,True,,做多(反向),做多(反向)
2025-10-01 08:00:00,114539.02,116795.85,114484.43,116789.58,5217.93036,BEARISH_SINGULARITY,0.7,奇点看空,1.2432699647979617,-0.1102376415587208,0.0052288705599092,2.2412637385032337,3.103224857309015,True,,做多(反向),做多(反向)
2025-10-01 12:00:00,116789.57,117649.99,116363.38,117423.73,4518.346,BEARISH_SINGULARITY,0.7,奇点看空,1.0665806788532513,-0.0887554975373046,0.0052288705599092,1.7890298226649457,3.302675326543381,True,,做多(反向),做多(反向)
2025-10-01 16:00:00,117423.73,118199.0,116724.56,117439.53,3814.32316,BEARISH_SINGULARITY,0.7,奇点看空,0.9213777941936632,-0.0701442322715139,0.0052288705599092,1.4268999300460412,2.9912626202935244,True,,做多(反向),做多(反向)
2025-10-01 20:00:00,117439.53,118649.1,117163.25,118594.99,2446.79084,BEARISH_SINGULARITY,0.7,奇点看空,0.8350401681434115,-0.0603987064640356,0.0052288705599092,0.8969065053352752,3.609416068955319,True,,做多(反向),做多(反向)
2025-10-02 00:00:00,118594.99,119456.92,118368.05,118733.99,4187.34775,BEARISH_SINGULARITY,0.7,奇点看空,0.758034165265088,-0.0552167286707635,-0.2073326101824496,1.4556526703061958,3.363581430149296,True,,做多(反向),做多(反向)
2025-10-02 04:00:00,118733.99,118930.29,118279.31,118489.76,1772.36438,BEARISH_SINGULARITY,0.7,奇点看空,0.7421820649532164,-0.0561981379549898,-0.2073326101824496,0.6264832229402423,2.8423457976991173,True,,做多(反向),做多(反向)
2025-10-02 08:00:00,118489.76,118926.49,118354.61,118765.73,1460.00845,BEARISH_SINGULARITY,0.7,奇点看空,0.7787053326831479,-0.0637651362149544,-0.2073326101824496,0.5238269893064658,2.780200170005313,True,,做多(反向),做多(反向)
2025-10-02 12:00:00,118765.72,119910.79,118516.39,119910.78,5099.16626,BEARISH_SINGULARITY,0.7,奇点看空,0.8188377680495513,-0.0740696404010481,-0.2073326101824496,1.72818750665694,3.399764054661556,True,,做多(反向),做多(反向)
2025-10-02 16:00:00,119910.78,121022.07,119359.63,120836.49,4869.11141,BEARISH_SINGULARITY,0.7,奇点看空,0.8276487727060601,-0.0810751227064015,-0.2073326101824496,1.5769228133114217,3.7830736598385326,True,,做多(反向),做多(反向)
2025-10-02 20:00:00,120836.49,120914.0,120072.46,120529.35,2282.83678,BEARISH_SINGULARITY,0.7,奇点看空,0.815570940212046,-0.0847103055557732,-0.2073326101824496,0.7742020968685157,3.17347371092946,True,,做多(反向),做多(反向)
2025-10-03 00:00:00,120529.35,120550.9,119820.0,120225.89,2268.65523,BEARISH_SINGULARITY,0.9,强奇点看空,0.806204959886524,-0.0885559448454067,0.4916139186254188,0.7752788697193159,2.6289196226364537,True,,做多(反向),做多(反向)
2025-10-03 04:00:00,120225.88,120324.53,119610.59,119640.21,2293.91523,BEARISH_SINGULARITY,0.9,强奇点看空,0.7944862382611341,-0.0890356877277528,0.4916139186254188,0.773482447233619,1.922307162467383,True,,做多(反向),做多(反向)
2025-10-03 08:00:00,119640.22,120515.89,119248.3,120334.5,3467.40526,BEARISH_SINGULARITY,0.9,强奇点看空,0.770006403586939,-0.087800495238397,0.4916139186254188,1.1502998488343943,2.2689381381843785,True,,做多(反向),做多(反向)
2025-10-03 12:00:00,120334.51,122366.0,119881.24,122258.05,4929.42106,BEARISH_SINGULARITY,0.9,强奇点看空,0.6906620363647622,-0.0807171768551991,0.4916139186254188,1.5676431566364253,3.5188453753540814,True,,做多(反向),做多(反向)
2025-10-03 16:00:00,122258.04,123894.99,121466.25,122660.99,9447.66952,BEARISH_SINGULARITY,0.9,强奇点看空,0.5514164174918461,-0.0649078014782525,0.4916139186254188,2.720007810795217,3.479611243593237,True,,做多(反向),做多(反向)
2025-10-03 20:00:00,122661.0,122734.92,121999.33,122232.0,1529.2617,BEARISH_SINGULARITY,0.9,强奇点看空,0.4194355133356947,-0.0472099080617385,0.4916139186254188,0.4487472114253196,2.8124303645573185,True,,做多(反向),做多(反向)
2025-10-06 20:00:00,125410.8,125534.0,124511.15,124658.54,2200.63705,BULLISH_SINGULARITY,0.6,奇点看涨,-0.4377891080258694,0.0409862833197033,-0.4259269128290524,0.7248137989961472,1.363739209093396,True,,做空(反向),做空(反向)
2025-10-07 00:00:00,124658.54,125082.27,124101.26,124329.74,1773.60979,BULLISH_SINGULARITY,0.6,奇点看涨,-0.4598668702346469,0.0417193819862075,-0.0166619081435165,0.6686714772110123,0.9909296880156406,True,,做空(反向),做空(反向)
2025-10-07 04:00:00,124329.74,124654.47,123567.6,123667.99,2455.2259,BULLISH_SINGULARITY,0.6,奇点看涨,-0.4712416920981106,0.0411220910542526,-0.0166619081435165,0.9097686839223856,0.410043286389077,True,,做空(反向),做空(反向)
2025-10-07 08:00:00,123668.0,124509.6,123322.9,124453.38,2444.73415,BULLISH_SINGULARITY,0.6,奇点看涨,-0.4785932483056209,0.0399650760061872,-0.0166619081435165,0.8940515484116474,0.9469983873452312,True,,做空(反向),做空(反向)
2025-10-07 20:00:00,121637.18,122292.62,121258.08,121332.95,1873.51346,BULLISH_SINGULARITY,0.6,奇点看涨,-0.5354660720292559,0.0475004332010625,-0.0166619081435165,0.5729369045228989,-1.2313066797506675,True,,做空(反向),做空(反向)
2025-10-08 00:00:00,121332.96,122229.66,121200.0,121374.75,2406.76826,BULLISH_SINGULARITY,0.6,奇点看涨,-0.5979860280256094,0.056653737076499,-0.0590898389468006,0.725324811584146,-1.0844901357736785,True,,做空(反向),做空(反向)
2025-10-08 04:00:00,121374.76,121910.24,121066.14,121597.06,2670.85944,BULLISH_SINGULARITY,0.6,奇点看涨,-0.6911805818290078,0.0704396798287964,-0.0590898389468006,0.7826769111610912,-0.8179900583773193,True,,做空(反向),做空(反向)
2025-10-08 20:00:00,123450.01,123737.0,122794.4,123306.0,1357.35135,BULLISH_SINGULARITY,0.6,奇点看涨,-1.1820536983212313,0.1280757260986059,-0.0590898389468006,0.4382697702109335,0.4705671459445507,True,,做空(反向),做空(反向)
2025-10-09 00:00:00,123306.01,123348.32,121475.98,122038.01,2319.17839,BULLISH_SINGULARITY,0.6,奇点看涨,-1.211819866572719,0.1302992337869932,-0.0237296550319637,0.7496409177858124,-0.5092916838218468,True,,做空(反向),做空(反向)
2025-10-09 04:00:00,122038.01,122264.0,121724.71,121906.1,1451.1479,BULLISH_SINGULARITY,0.6,奇点看涨,-1.177529809129905,0.1194343633220897,-0.0237296550319637,0.4687808666094385,-0.5584127538062013,True,,做空(反向),做空(反向)
2025-10-09 08:00:00,121906.09,122833.02,121145.49,122737.57,2689.44106,BULLISH_SINGULARITY,0.6,奇点看涨,-1.1265036606630494,0.1022262412636256,-0.0237296550319637,0.8735394094876858,0.1084109429318103,True,,做空(反向),做空(反向)
2025-10-09 20:00:00,120951.72,121900.0,120838.0,121662.4,2359.47103,BULLISH_SINGULARITY,0.6,奇点看涨,-1.0064542349090877,0.0508014252917654,-0.0237296550319637,0.7029685281033357,-0.4878627792796837,True,,做空(反向),做空(反向)
2025-10-10 00:00:00,121662.41,121874.13,120900.0,121026.01,2094.68145,BULLISH_SINGULARITY,0.95,超强奇点看涨,-1.066426809509194,0.0486764512669988,0.2334909150241095,0.649500633664997,-0.9132294355885552,True,,做空(反向),做空(反向)
2025-10-10 04:00:00,121026.0,121754.34,120855.41,120932.05,2566.54979,BULLISH_SINGULARITY,0.95,超强奇点看涨,-1.1505333249549472,0.056367173920273,0.2334909150241095,0.7913243256902585,-0.8967016055365403,True,,做空(反向),做空(反向)
2025-10-10 08:00:00,120932.05,121777.07,120916.44,121554.55,1553.83694,BULLISH_SINGULARITY,0.95,超强奇点看涨,-1.259380939436774,0.0742428967364845,0.2334909150241095,0.4807111226382789,-0.3498785618082296,True,,做空(反向),做空(反向)
2025-10-11 08:00:00,110384.6,112359.67,110162.23,112280.0,5929.13992,BULLISH_SINGULARITY,0.95,超强奇点看涨,-0.8467656285563235,0.1137433210108438,0.2334909150241095,0.9490983771030372,-4.962947658420422,True,,做空(反向),做空(反向)
2025-10-11 12:00:00,112280.01,112500.0,111793.2,111793.2,3681.24351,BULLISH_SINGULARITY,0.95,超强奇点看涨,-0.8146894982116503,0.1098835188184194,0.2334909150241095,0.5845425843928906,-4.888107977496802,True,,做空(反向),做空(反向)
2025-10-11 16:00:00,111793.21,112185.53,110865.82,111178.31,3138.91159,BULLISH_SINGULARITY,0.95,超强奇点看涨,-0.7965864827247295,0.1046848173917238,0.2334909150241095,0.4994960738710856,-4.921251874566858,True,,做空(反向),做空(反向)
2025-10-11 20:00:00,111178.3,111368.29,109561.59,110644.4,4022.93209,BULLISH_SINGULARITY,0.95,超强奇点看涨,-0.7801483482331076,0.0988948591566055,0.2334909150241095,0.636878998415674,-4.890720350133526,True,,做空(反向),做空(反向)
2025-10-12 00:00:00,110644.4,111368.14,109565.06,110676.0,4785.58424,BULLISH_SINGULARITY,0.95,超强奇点看涨,-0.7613774902823787,0.0927261407946752,0.2334909150241095,0.7517249172673295,-4.420838396534811,True,,做空(反向),做空(反向)
2025-10-12 04:00:00,110676.0,112125.51,110617.1,111525.2,2731.29761,BULLISH_SINGULARITY,0.95,超强奇点看涨,-0.7469966535709678,0.0868816612708303,0.2334909150241095,0.4244549640511518,-3.348044043086487,True,,做空(反向),做空(反向)
2025-10-12 08:00:00,111525.19,112133.33,111139.87,111848.36,2810.82095,BULLISH_SINGULARITY,0.95,超强奇点看涨,-0.7469300655196851,0.0819574969394291,0.2334909150241095,0.4351508726136527,-2.78392698448238,True,,做空(反向),做空(反向)
2025-10-12 16:00:00,113198.2,114700.0,113198.2,114342.28,6635.34892,BULLISH_SINGULARITY,0.95,超强奇点看涨,-0.6930449765922041,0.0744225022129264,0.2334909150241095,0.9431674584410836,-0.4196159682087397,True,,做空(反向),做空(反向)
2025-10-12 20:00:00,114342.28,115770.0,114217.75,114958.8,6271.83436,BULLISH_SINGULARITY,0.95,超强奇点看涨,-0.6420715207019114,0.0678081844851829,0.2334909150241095,0.8933645906755225,0.1061254376625061,True,,做空(反向),做空(反向)
2025-10-13 00:00:00,114958.81,115963.81,114619.45,114821.12,4123.60858,BULLISH_SINGULARITY,0.95,超强奇点看涨,-0.5600839374044783,0.0582390344289502,0.2334909150241095,0.5960744735979285,-0.0124553954413654,True,,做空(反向),做空(反向)
2025-10-13 04:00:00,114821.13,115554.83,114398.24,115399.67,3437.01313,BULLISH_SINGULARITY,0.95,超强奇点看涨,-0.4408902725762087,0.0446801008865678,0.2334909150241095,0.492986568437469,0.4443491445224154,True,,做空(反向),做空(反向)
2025-10-14 08:00:00,111724.41,112140.0,110012.24,111313.98,5281.83478,BEARISH_SINGULARITY,0.7,奇点看空,0.3693179652819656,-0.0549196799104941,-0.0284679799433173,1.1267612355125112,-2.5053916125309343,True,,做多(反向),做多(反向)
2025-10-14 12:00:00,111313.98,112943.82,109866.0,112900.43,7186.98731,BEARISH_SINGULARITY,0.7,奇点看空,0.3891912048094917,-0.0560941997429519,-0.0284679799433173,1.5324600014298515,-1.0106940317808977,True,,做多(反向),做多(反向)
2025-10-14 16:00:00,112900.44,113544.53,111692.31,112613.7,7436.01163,BEARISH_SINGULARITY,0.7,奇点看空,0.3517483674698205,-0.0494945068203923,-0.0284679799433173,1.5604890114646752,-1.1432690887498789,True,,做多(反向),做多(反向)
2025-10-16 00:00:00,110763.28,111867.17,110361.0,111329.48,2715.42468,BEARISH_SINGULARITY,0.7,奇点看空,0.4882893940587329,-0.0242931454377419,-0.1074373568872375,0.6285609449878707,-1.151157849737742,True,,做多(反向),做多(反向)
2025-10-16 04:00:00,111329.48,111773.7,110553.19,110584.2,3097.1426,BEARISH_SINGULARITY,0.7,奇点看空,0.5812725142867247,-0.0350762149450241,-0.1074373568872375,0.7442672541105334,-1.6430687880453887,True,,做多(反向),做多(反向)
2025-10-16 08:00:00,110584.21,111728.7,109635.15,111404.72,5282.11808,BEARISH_SINGULARITY,0.7,奇点看空,0.6636048957447869,-0.0487087359019779,-0.1074373568872375,1.2519072423131905,-0.8270143864911308,True,,做多(反向),做多(反向)
2025-10-16 12:00:00,111404.73,111982.45,108361.69,108549.21,8252.81169,BEARISH_SINGULARITY,0.7,奇点看空,0.7098983739396124,-0.059605797534792,-0.1074373568872375,1.8503868433506048,-3.0579566203056965,True,,做多(反向),做多(反向)
2025-10-16 16:00:00,108549.21,109254.0,107577.57,108197.66,8255.26892,BEARISH_SINGULARITY,0.7,奇点看空,0.7614065754335562,-0.0712527419923139,-0.1074373568872375,1.7773268113938387,-3.060609263389728,True,,做多(反向),做多(反向)
2025-10-16 20:00:00,108197.67,108500.0,107427.0,108194.28,2254.40655,BEARISH_SINGULARITY,0.7,奇点看空,0.7691370742308379,-0.077500105499466,-0.1074373568872375,0.5031505085765907,-2.779973827555619,True,,做多(反向),做多(反向)
2025-10-17 00:00:00,108194.27,109240.0,107934.4,109176.74,2417.89309,BEARISH_SINGULARITY,0.7,奇点看空,0.7439557724201341,-0.0774283370839318,-0.1830327934496225,0.5454268128901983,-1.7195902738486892,True,,做多(反向),做多(反向)
2025-10-17 04:00:00,109176.74,109236.01,105542.09,105633.75,8020.07533,BEARISH_SINGULARITY,0.7,奇点看空,0.6929519530737761,-0.0712416429089883,-0.1830327934496225,1.685740458102449,-4.462314865902274,True,,做多(反向),做多(反向)
2025-10-17 08:00:00,105633.75,106651.22,103528.23,105683.72,13908.33322,BEARISH_SINGULARITY,0.7,奇点看空,0.6793922902408688,-0.0673595004068116,-0.1830327934496225,2.6340680275935764,-4.013325818822744,True,,做多(反向),做多(反向)
2025-10-17 12:00:00,105683.71,106852.14,104533.21,106803.53,7847.34313,BEARISH_SINGULARITY,0.7,奇点看空,0.6314275634713848,-0.0606079795819236,-0.1830327934496225,1.4645416646776606,-2.718663795093284,True,,做多(反向),做多(反向)
2025-10-17 16:00:00,106803.52,107575.6,106071.42,106454.72,3916.46744,BEARISH_SINGULARITY,0.7,奇点看空,0.5681624670156491,-0.0500006000598904,-0.1830327934496225,0.7403591429583637,-2.75516398206753,True,,做多(反向),做多(反向)
2025-10-17 20:00:00,106457.24,107440.02,106342.47,106431.68,1810.55617,BEARISH_SINGULARITY,0.7,奇点看空,0.5285702009918395,-0.0409663434498398,-0.1830327934496225,0.3605870581070626,-2.518468525104233,True,,做多(反向),做多(反向)
2025-10-18 00:00:00,106431.68,107306.06,106322.2,107070.4,2668.3034,BEARISH_SINGULARITY,0.7,奇点看空,0.5169878196428109,-0.0350173488625933,-0.1830327934496225,0.5579015895941808,-1.7525483879322905,True,,做多(反向),做多(反向)
2025-10-18 04:00:00,107070.41,107499.0,106439.38,106665.0,2976.33507,BEARISH_SINGULARITY,0.7,奇点看空,0.4990512106337937,-0.0334713348082333,-0.1830327934496225,0.6174394660159471,-1.9261019920377247,True,,做多(反向),做多(反向)
2025-10-18 08:00:00,106665.01,107222.0,106605.93,107208.6,2336.72819,BEARISH_SINGULARITY,0.7,奇点看空,0.5060337711487006,-0.0367351635031726,-0.1830327934496225,0.4908105721726823,-1.2922036919403193,True,,做多(反向),做多(反向)
2025-10-18 12:00:00,107208.61,107300.0,106739.33,106948.75,1425.61863,BEARISH_SINGULARITY,0.7,奇点看空,0.5278738653980685,-0.0419996765944767,-0.1830327934496225,0.305918337001447,-1.3876211521064634,True,,做多(反向),做多(反向)
2025-10-18 16:00:00,106948.75,107091.87,106484.0,107080.14,911.25891,BEARISH_SINGULARITY,0.7,奇点看空,0.5600933539253724,-0.0514315903081967,-0.1830327934496225,0.2015730930897279,-1.1472399706408232,True,,做多(反向),做多(反向)
2025-10-18 20:00:00,107080.14,107339.03,106851.84,107185.01,804.94346,BEARISH_SINGULARITY,0.7,奇点看空,0.5978282409416469,-0.061442713938735,-0.1830327934496225,0.190228348932123,-0.9513385451313006,True,,做多(反向),做多(反向)
2025-10-19 00:00:00,107185.0,107367.16,106734.17,107275.78,1058.1121,BEARISH_SINGULARITY,0.7,奇点看空,0.6475768495829208,-0.0709126757746877,-0.1830327934496225,0.2569182839865265,-0.7854926484139723,True,,做多(反向),做多(反向)
2025-10-19 04:00:00,107275.79,107290.0,106558.61,106786.0,1247.19589,BEARISH_SINGULARITY,0.7,奇点看空,0.7023851147550395,-0.079709117485528,-0.1830327934496225,0.307167135715347,-1.1218418484143784,True,,做多(反向),做多(反向)
2025-10-19 08:00:00,106786.0,108260.5,106103.36,107783.47,5059.55867,BEARISH_SINGULARITY,0.7,奇点看空,0.7498260693889942,-0.0885741095895581,-0.1830327934496225,1.2111382825971575,-0.1793917554558667,True,,做多(反向),做多(反向)
2025-10-19 12:00:00,107783.47,108621.68,107355.02,108486.7,3636.47308,BEARISH_SINGULARITY,0.7,奇点看空,0.74684400449219,-0.0920603843938,-0.1830327934496225,0.8649022915716255,0.4267515960774907,True,,做多(反向),做多(反向)
2025-10-19 16:00:00,108486.71,109450.07,108240.0,108908.43,2430.56297,BEARISH_SINGULARITY,0.7,奇点看空,0.729705497094189,-0.0903084753421653,-0.1830327934496225,0.5983789883136338,0.7387507616874506,True,,做多(反向),做多(反向)
2025-10-19 20:00:00,108908.43,109370.99,108471.1,108642.78,2048.76152,BEARISH_SINGULARITY,0.7,奇点看空,0.7232380867973212,-0.0860028097665723,-0.1830327934496225,0.5460874204873566,0.445863854630624,True,,做多(反向),做多(反向)
2025-10-20 00:00:00,108642.77,110427.86,107402.52,110145.44,3683.55508,BEARISH_SINGULARITY,0.7,奇点看空,0.7656759179598064,-0.0830301141747867,0.0997443714116462,1.0455365694406515,1.6574775380648392,True,,做多(反向),做多(反向)
2025-10-20 04:00:00,110145.45,111445.67,109951.96,111169.92,3967.97672,BEARISH_SINGULARITY,0.7,奇点看空,0.7955143517635929,-0.0798609635906092,0.0997443714116462,1.0995272271616228,2.349279987581028,True,,做多(反向),做多(反向)
2025-10-20 08:00:00,111169.91,111679.25,110608.27,111016.75,3452.86704,BEARISH_SINGULARITY,0.7,奇点看空,0.8037425379037733,-0.0810259372215017,0.0997443714116462,0.9432642124307166,1.993759212975743,True,,做多(反向),做多(反向)
2025-10-20 12:00:00,111016.75,111705.56,110588.23,111144.55,3006.20504,BEARISH_SINGULARITY,0.7,奇点看空,0.8326691247922094,-0.0871442556251619,0.0997443714116462,0.8816218236144319,1.9062753000477,True,,做多(反向),做多(反向)
2025-10-20 16:00:00,111144.55,111303.05,109855.83,110803.22,3716.65669,BEARISH_SINGULARITY,0.7,奇点看空,0.8732451079309187,-0.0946307816995775,0.0997443714116462,1.281484694638985,1.439387848470714,True,,做多(反向),做多(反向)
2025-10-20 20:00:00,110803.22,111272.0,110418.25,110532.09,1366.18103,BEARISH_SINGULARITY,0.7,奇点看空,0.922972212359649,-0.1042800767880661,0.0997443714116462,0.5303053419799716,1.0765046169710395,True,,做多(反向),做多(反向)
2025-10-21 00:00:00,110532.09,110532.09,109052.09,109059.22,2405.81342,BEARISH_SINGULARITY,0.7,奇点看空,0.962199505501162,-0.1135591192211397,-0.2849848418852939,0.9620624732692544,-0.2446809010390571,True,,做多(反向),做多(反向)
2025-10-21 04:00:00,109059.23,109059.23,107473.72,108086.37,4930.3268,BEARISH_SINGULARITY,0.7,奇点看空,1.0142265220976974,-0.1230649997147719,-0.2849848418852939,1.85582841376656,-1.0275957718673725,True,,做多(反向),做多(反向)
2025-10-21 08:00:00,108086.38,108811.47,107484.22,108580.01,2989.72657,BEARISH_SINGULARITY,0.7,奇点看空,1.043412053555031,-0.1286011722632192,-0.2849848418852939,1.118598662311113,-0.521048534167739,True,,做多(反向),做多(反向)
2025-10-21 12:00:00,108580.0,113557.62,107922.06,113422.61,10002.10737,BEARISH_SINGULARITY,0.7,奇点看空,1.0015631858489895,-0.1248794698931886,-0.2849848418852939,3.307540779786577,3.5295685121396034,True,,做多(反向),做多(反向)
2025-10-21 16:00:00,113422.6,114000.0,111324.29,111780.39,10731.47816,BEARISH_SINGULARITY,0.7,奇点看空,0.8038111949130666,-0.102044025012524,-0.2849848418852939,3.1162015490698027,1.8336522128381223,True,,做多(反向),做多(反向)
2025-10-21 20:00:00,111780.4,111801.41,108045.81,108297.67,6168.56427,BEARISH_SINGULARITY,0.7,奇点看空,0.6539013585873622,-0.085595457414414,-0.2849848418852939,1.675823047480676,-1.213167490812123,True,,做多(反向),做多(反向)
2025-10-22 00:00:00,108297.66,108678.21,107841.2,108216.02,4851.56459,BEARISH_SINGULARITY,0.9,强奇点看空,0.5664555071556913,-0.0771405748302438,0.2124200108776399,1.2510702060105623,-1.1664442945669125,True,,做多(反向),做多(反向)
2025-10-22 04:00:00,108216.03,108638.99,107610.0,108321.63,3883.15964,BEARISH_SINGULARITY,0.9,强奇点看空,0.4586276476556469,-0.0617033803360869,0.2124200108776399,0.963122890173186,-0.9690744511856272,True,,做多(反向),做多(反向)
2025-10-25 16:00:00,111385.18,111731.78,111164.39,111623.45,963.51944,BULLISH_SINGULARITY,0.8,强奇点看涨,-0.4793640885111342,0.0320428879757702,0.0635494151304427,0.3549927572383025,1.0191690753026583,True,,做空(反向),做空(反向)
2025-10-25 20:00:00,111623.46,111683.64,111342.25,111646.27,565.73827,BULLISH_SINGULARITY,0.8,强奇点看涨,-0.5408385117637567,0.0539354433029154,0.0635494151304427,0.2411298176031565,0.9398598286369134,True,,做空(反向),做空(反向)
2025-10-26 00:00:00,111646.27,111899.56,111260.45,111260.46,1026.78183,BULLISH_SINGULARITY,0.8,强奇点看涨,-0.5620931695274407,0.0745518526138783,0.0635494151304427,0.4673277578538588,0.5344563188040257,True,,做空(反向),做空(反向)
2025-10-26 04:00:00,111260.46,111724.96,111260.46,111723.98,665.50994,BULLISH_SINGULARITY,0.8,强奇点看涨,-0.5476157538000664,0.0905914008394332,0.0635494151304427,0.3272045784490843,0.8617189637715246,True,,做空(反向),做空(反向)
2025-10-27 12:00:00,115362.02,115437.48,114503.99,114969.68,4493.43933,BEARISH_SINGULARITY,0.7,奇点看空,0.5961265916824819,-0.0498976640717766,0.099309174300762,1.888813296641448,1.8241513003147285,True,,做多(反向),做多(反向)
2025-10-27 16:00:00,114969.68,115790.0,114790.81,114942.64,2258.20754,BEARISH_SINGULARITY,0.7,奇点看空,0.6591719209459737,-0.0729673619150019,0.099309174300762,0.9437499183136332,1.625967434634534,True,,做多(反向),做多(反向)
2025-10-27 20:00:00,114942.64,114942.64,113830.01,114107.65,2236.06411,BEARISH_SINGULARITY,0.7,奇点看空,0.6714283784795345,-0.0908849008410617,0.099309174300762,1.003641973378769,0.8024923886922951,True,,做多(反向),做多(反向)
2025-10-28 00:00:00,114107.65,114547.2,113569.91,113908.24,2184.14279,BEARISH_SINGULARITY,0.7,奇点看空,0.669404739118706,-0.1013251023948713,0.0195261288139464,0.9648749571734409,0.5663452714793538,True,,做多(反向),做多(反向)
2025-10-28 04:00:00,113908.25,114364.99,113483.3,114188.37,2190.6787,BEARISH_SINGULARITY,0.7,奇点看空,0.5816143088874332,-0.1061158147046449,0.0195261288139464,0.9589838377304196,0.7356022321412874,True,,做多(反向),做多(反向)
2025-10-28 08:00:00,114188.38,114673.68,114113.3,114357.73,1236.93368,BEARISH_SINGULARITY,0.7,奇点看空,0.4149662677437958,-0.0970928790110473,0.0195261288139464,0.5366878896049646,0.8000486199417691,True,,做多(反向),做多(反向)
2025-10-29 04:00:00,112523.49,113577.9,112505.58,113577.9,2036.63326,BULLISH_SINGULARITY,0.6,奇点看涨,-0.4529584098579719,0.0378507481087337,-0.0488904886812853,0.7468266972334671,0.1283131116713864,True,,做空(反向),做空(反向)
2025-10-29 08:00:00,113577.9,113624.12,112732.91,113132.36,1970.99326,BULLISH_SINGULARITY,0.6,奇点看涨,-0.5606052690013019,0.0608374348299219,-0.0488904886812853,0.71045731656746,-0.2393401761938027,True,,做空(反向),做空(反向)
2025-10-29 20:00:00,110640.0,111800.0,109733.22,110021.29,2647.63091,BULLISH_SINGULARITY,0.6,奇点看涨,-0.6607114106067514,0.0846379753827915,-0.0488904886812853,0.8362479646610524,-2.37323599002445,True,,做空(反向),做空(反向)
2025-10-30 00:00:00,110021.3,111011.99,109703.43,110751.47,2342.18582,BULLISH_SINGULARITY,0.6,奇点看涨,-0.6791215822724076,0.0828448828759395,-0.6961170127471943,0.7284757617128346,-1.563568413331913,True,,做空(反向),做空(反向)
2025-10-30 08:00:00,111366.72,111467.01,109692.3,109717.29,2970.54213,BULLISH_SINGULARITY,0.6,奇点看涨,-0.7915481905419657,0.0862899825546098,-0.6961170127471943,0.8911687385598726,-2.165708622877658,True,,做空(反向),做空(反向)
2025-10-30 20:00:00,106536.39,108334.53,106316.17,108322.88,3182.96112,BULLISH_SINGULARITY,0.6,奇点看涨,-1.048246179175833,0.0835766454966753,-0.6961170127471943,0.9489162882590424,-2.3703449777881893,True,,做空(反向),做空(反向)
2025-10-31 08:00:00,109449.32,110550.0,109214.13,110415.61,2439.82294,BULLISH_SINGULARITY,0.95,超强奇点看涨,-1.459125621435347,0.1437773748964095,0.5210861421828454,0.6909683603076989,-0.200683466244956,True,,做空(反向),做空(反向)
2025-10-31 20:00:00,109828.78,109828.79,109329.15,109608.01,1327.90342,BULLISH_SINGULARITY,0.95,超强奇点看涨,-1.5437038692176688,0.1692875886478078,0.5210861421828454,0.3565324683151745,-0.7497378995306675,True,,做空(反向),做空(反向)
2025-11-01 00:00:00,109608.01,110315.54,109394.81,110226.37,1329.53082,BULLISH_SINGULARITY,0.95,超强奇点看涨,-1.4390264948830132,0.1599572622969343,0.5210861421828454,0.363758529496377,-0.1717654821753201,True,,做空(反向),做空(反向)
2025-11-01 04:00:00,110226.38,110564.49,109933.86,110071.4,1273.91172,BULLISH_SINGULARITY,0.95,超强奇点看涨,-1.297261660983476,0.1464261671722699,0.5210861421828454,0.3578896858238109,-0.2824750717378658,True,,做空(反向),做空(反向)
2025-11-01 08:00:00,110071.4,110270.9,109854.72,110137.59,1127.98746,BULLISH_SINGULARITY,0.95,超强奇点看涨,-1.0861204076683402,0.1268319081835456,0.5210861421828454,0.3211719998604731,-0.2013623645881008,True,,做空(反向),做空(反向)
2025-11-01 12:00:00,110137.59,110348.0,109702.66,110310.65,1527.00509,BULLISH_SINGULARITY,0.95,超强奇点看涨,-0.8620483632287619,0.1015125055159471,0.5210861421828454,0.4379618913606324,-0.0403070759926184,True,,做空(反向),做空(反向)
2025-11-01 16:00:00,110310.65,110529.99,110192.0,110299.99,1247.33562,BULLISH_SINGULARITY,0.95,超强奇点看涨,-0.6345616813943474,0.0753749704516504,0.5210861421828454,0.361501136733048,-0.0452102076985847,True,,做空(反向),做空(反向)
2025-11-01 20:00:00,110300.0,110516.17,109858.44,110098.1,872.7336,BULLISH_SINGULARITY,0.95,超强奇点看涨,-0.4437118631123308,0.0492111268453294,0.5210861421828454,0.2674020709561994,-0.2064795459768403,True,,做空(反向),做空(反向)
2025-11-05 04:00:00,102130.0,102370.0,101500.0,101993.02,4661.84078,BULLISH_SINGULARITY,0.95,超强奇点看涨,-0.4629215201348864,0.0438485565238792,0.2803366026196298,0.8713904498771712,-3.374574099568871,True,,做空(反向),做空(反向)
2025-11-05 08:00:00,101993.03,102203.48,101176.47,102070.61,3577.50149,BULLISH_SINGULARITY,0.95,超强奇点看涨,-0.5263795198811841,0.0547830697030634,0.2803366026196298,0.6521208305330114,-2.9960994177766502,True,,做空(反向),做空(反向)
2025-11-05 20:00:00,104008.09,104534.74,103305.05,103885.16,2687.89833,BULLISH_SINGULARITY,0.95,超强奇点看涨,-0.5771407815619266,0.0709940498218482,0.2803366026196298,0.4646376668442248,-0.9433760697332416,True,,做空(反向),做空(反向)
2025-11-06 00:00:00,103885.16,103933.33,102716.26,103636.03,3781.79437,BULLISH_SINGULARITY,0.8,强奇点看涨,-0.5240488884582731,0.0641319043209622,0.1420314172730564,0.6393836247605954,-1.0696604549037052,True,,做空(反向),做空(反向)
2025-11-06 04:00:00,103636.92,104200.0,102910.66,103185.48,2970.86552,BULLISH_SINGULARITY,0.8,强奇点看涨,-0.4329401339351868,0.0533737673392691,0.1420314172730564,0.496188328058095,-1.3588601202192812,True,,做空(反向),做空(反向)
2025-11-07 04:00:00,101916.3,102527.0,101582.92,102010.0,3062.61099,BEARISH_SINGULARITY,0.9,强奇点看空,0.411682425274933,-0.0234100804651513,0.1186002827979388,0.5228239330819034,-1.3456810908817765,True,,做多(反向),做多(反向)
2025-11-07 08:00:00,102009.99,102050.0,99803.58,100411.89,6600.41114,BEARISH_SINGULARITY,0.9,强奇点看空,0.4388277035695657,-0.0351530279309375,0.1186002827979388,1.1031211520720758,-2.623088763740093,True,,做多(反向),做多(反向)
2025-11-07 12:00:00,100411.89,101253.99,99260.86,100797.95,8633.01674,BEARISH_SINGULARITY,0.9,强奇点看空,0.4458438251622449,-0.0421667561835185,0.1186002827979388,1.4355931402027775,-2.038902417210143,True,,做多(反向),做多(反向)
2025-11-07 16:00:00,100797.95,103395.25,100517.06,103395.25,6836.56812,BEARISH_SINGULARITY,0.9,强奇点看空,0.4455518677571425,-0.0406038633619212,0.1186002827979388,1.1227131983826366,0.4388774767772667,True,,做多(反向),做多(反向)
2025-11-07 20:00:00,103395.92,104096.36,102958.0,103339.08,2961.28871,BEARISH_SINGULARITY,0.9,强奇点看空,0.3937295623254374,-0.033605697624834,0.1186002827979388,0.5048012502792113,0.347585031064008,True,,做多(反向),做多(反向)
2025-11-08 00:00:00,103339.09,103406.22,102539.49,102592.76,2401.80651,BEARISH_SINGULARITY,0.9,强奇点看空,0.3657145939320628,-0.0303755725799379,0.1186002827979388,0.4520034792430314,-0.3413356748965712,True,,做多(反向),做多(反向)
2025-11-08 04:00:00,102592.76,102836.0,101902.64,102352.96,2041.96251,BEARISH_SINGULARITY,0.9,强奇点看空,0.3951509257831169,-0.032691997257869,0.1186002827979388,0.4249808848278083,-0.5198687630953264,True,,做多(反向),做多(反向)
2025-11-08 08:00:00,102352.96,102687.72,101715.76,101857.1,1838.21057,BEARISH_SINGULARITY,0.9,强奇点看空,0.4427776162982345,-0.0407788400591449,0.1186002827979388,0.4229561428328855,-0.9072660862255636,True,,做多(反向),做多(反向)
2025-11-08 12:00:00,101857.1,102186.99,101454.0,101711.45,3063.13156,BEARISH_SINGULARITY,0.9,强奇点看空,0.5261842408787128,-0.0521755070882453,0.1186002827979388,0.7180056095202474,-0.9500110123080148,True,,做多(反向),做多(反向)
2025-11-08 16:00:00,101711.46,102219.39,101522.08,101989.65,2120.40711,BEARISH_SINGULARITY,0.9,强奇点看空,0.6324270031995074,-0.0650208806586262,0.1186002827979388,0.5056640581704214,-0.6148129460543353,True,,做多(反向),做多(反向)
2025-11-08 20:00:00,101989.65,102482.2,101957.94,102312.94,925.26159,BEARISH_SINGULARITY,0.9,强奇点看空,0.7264162565498344,-0.0776483596326119,0.1186002827979388,0.2358989710044194,-0.2713057652898398,True,,做多(反向),做多(反向)
2025-11-09 00:00:00,102312.95,102337.89,101400.0,101662.05,2156.33613,BEARISH_SINGULARITY,0.9,强奇点看空,0.7930335290379741,-0.0877504692495629,0.1186002827979388,0.5741873713393693,-0.8202005268441683,True,,做多(反向),做多(反向)
2025-11-09 04:00:00,101662.05,102130.61,101635.96,101944.59,1101.66332,BEARISH_SINGULARITY,0.9,强奇点看空,0.8643025877823345,-0.0952078340501545,0.1186002827979388,0.2996789214006263,-0.4929520938161689,True,,做多(反向),做多(反向)
2025-11-09 08:00:00,101944.6,102307.68,101500.0,102239.41,1825.56978,BEARISH_SINGULARITY,0.9,强奇点看空,0.8994173528967889,-0.0972298247901435,0.1186002827979388,0.5101730691411793,-0.1856765755913353,True,,做多(反向),做多(反向)
2025-11-09 12:00:00,102239.41,104168.0,102050.64,103762.17,4687.64884,BEARISH_SINGULARITY,0.9,强奇点看空,0.9087435088106128,-0.093871682808645,0.1186002827979388,1.2793195830384492,1.1756061086734748,True,,做多(反向),做多(反向)
2025-11-09 16:00:00,103762.18,104805.57,103316.23,104805.57,2824.51417,BEARISH_SINGULARITY,0.9,强奇点看空,0.8878585245682347,-0.0836591399807087,0.1186002827979388,0.7690908382758446,1.980004253006295,True,,做多(反向),做多(反向)
2025-11-09 20:00:00,104805.57,105495.62,104058.59,104722.96,3743.23872,BEARISH_SINGULARITY,0.9,强奇点看空,0.8660894168404274,-0.072941108645486,0.1186002827979388,1.0617095575204112,1.7156012955949076,True,,做多(反向),做多(反向)
2025-11-10 00:00:00,104722.95,106670.11,104265.02,106027.97,6501.34292,BEARISH_SINGULARITY,0.7,奇点看空,0.8802745154671436,-0.0693727908375374,-0.1677449655695531,1.8325127151913247,2.6913804356280955,True,,做多(反向),做多(反向)
2025-11-10 04:00:00,106027.97,106539.4,105846.26,106461.45,2684.13909,BEARISH_SINGULARITY,0.7,奇点看空,0.8985705989898339,-0.0694388682654065,-0.1677449655695531,0.7671736984164703,2.806596544315936,True,,做多(反向),做多(反向)
2025-11-10 08:00:00,106461.46,106599.47,105836.0,106176.5,2356.44228,BEARISH_SINGULARITY,0.7,奇点看空,0.9787793000660576,-0.077028734721987,-0.1677449655695531,0.6893652031060056,2.2848320238277453,True,,做多(反向),做多(反向)
2025-11-10 12:00:00,106176.5,106589.89,104667.0,105079.99,5720.78074,BEARISH_SINGULARITY,0.7,奇点看空,1.1014518018927857,-0.0966835188042156,-0.1677449655695531,1.610948873066641,1.110212082270009,True,,做多(反向),做多(反向)
2025-11-10 16:00:00,105079.99,106094.31,104784.36,105817.99,2756.40939,BEARISH_SINGULARITY,0.7,奇点看空,1.2562166749855217,-0.1257034334270436,-0.1677449655695531,0.8206073555022515,1.6441162334626762,True,,做多(反向),做多(反向)
2025-11-10 20:00:00,105818.0,106299.22,105280.0,106011.13,2663.14231,BEARISH_SINGULARITY,0.7,奇点看空,1.3461346356126682,-0.150067566878127,-0.1677449655695531,0.8701676886267541,1.65250728312298,True,,做多(反向),做多(反向)
2025-11-11 00:00:00,106011.13,107500.0,105500.0,106456.0,4935.02762,BEARISH_SINGULARITY,0.7,奇点看空,1.371925571487396,-0.1686626119635031,-0.1677449655695531,1.6641939269156418,1.8773609844497448,True,,做多(反向),做多(反向)
2025-11-11 04:00:00,106456.0,106546.0,104741.2,104783.98,3316.23424,BEARISH_SINGULARITY,0.7,奇点看空,1.3215935923262927,-0.1761774755540622,-0.1677449655695531,1.1116501905944831,0.2507826718053397,True,,做多(反向),做多(反向)
2025-11-11 08:00:00,104783.99,105497.99,104762.23,105311.9,1804.62899,BEARISH_SINGULARITY,0.7,奇点看空,1.26663786883269,-0.1778782275362319,-0.1677449655695531,0.6110541370051449,0.6833846708458835,True,,做多(反向),做多(反向)
2025-11-11 12:00:00,105311.9,105500.0,103170.33,103455.99,8851.069,BEARISH_SINGULARITY,0.7,奇点看空,1.1237556387869123,-0.1644815674530985,-0.1677449655695531,2.687223482891502,-0.9880830255968978,True,,做多(反向),做多(反向)
2025-11-11 16:00:00,103455.99,103730.0,102840.22,103126.39,2547.95909,BEARISH_SINGULARITY,0.7,奇点看空,0.9854208583202558,-0.1451025723569515,-0.1677449655695531,0.7653258608764207,-1.180845428307992,True,,做多(反向),做多(反向)
2025-11-11 20:00:00,103126.39,103224.29,102476.09,103058.99,2741.58824,BEARISH_SINGULARITY,0.7,奇点看空,0.8191221574719922,-0.1149876315322113,-0.1677449655695531,0.8274818654927114,-1.128156079378812,True,,做多(反向),做多(反向)
2025-11-12 00:00:00,103059.0,103440.96,102687.72,103310.0,2672.05561,BEARISH_SINGULARITY,0.9,强奇点看空,0.6360261941268754,-0.0793128099361242,0.1290679804804851,0.79983642224826,-0.8035143364019023,True,,做多(反向),做多(反向)
2025-11-12 04:00:00,103310.0,103654.38,103011.0,103112.66,2165.62446,BEARISH_SINGULARITY,0.9,强奇点看空,0.4331973756468078,-0.0434258899350464,0.1290679804804851,0.6364297277180043,-0.8992761419699674,True,,做多(反向),做多(反向)
2025-11-14 20:00:00,95778.3,95940.0,94012.45,94594.0,5157.63008,BULLISH_SINGULARITY,0.6,奇点看涨,-0.3628827388950706,0.0836475082248329,-0.3772198347292073,0.9443282652090031,-5.129130515566972,True,,做空(反向),做空(反向)
2025-11-15 00:00:00,94594.0,96846.68,94558.49,96417.12,4376.79077,BULLISH_SINGULARITY,0.6,奇点看涨,-0.3971655286553016,0.0871147460255167,-0.3772198347292073,0.7881659511245503,-2.9957415519349144,True,,做空(反向),做空(反向)
2025-11-15 04:00:00,96417.12,96570.65,95921.21,96333.86,2543.94362,BULLISH_SINGULARITY,0.6,奇点看涨,-0.4892715761138663,0.0918356759070674,-0.3772198347292073,0.4589262660143857,-2.794417689511832,True,,做空(反向),做空(反向)
2025-11-15 08:00:00,96333.87,96350.52,95630.0,95696.87,2336.22638,BULLISH_SINGULARITY,0.6,奇点看涨,-0.5358956382351289,0.0902439244616053,-0.3772198347292073,0.4227347070105922,-3.12003552572119,True,,做空(反向),做空(反向)
2025-11-15 12:00:00,95696.86,96471.22,95565.17,96260.0,1987.28578,BULLISH_SINGULARITY,0.6,奇点看涨,-0.526860719694726,0.0788536529631382,-0.3772198347292073,0.360175863593099,-2.312708267439658,True,,做空(反向),做空(反向)
2025-11-15 16:00:00,96259.99,96419.65,95731.32,96012.01,1880.65231,BULLISH_SINGULARITY,0.6,奇点看涨,-0.5084566859964246,0.062970954566071,-0.3772198347292073,0.3460650137606526,-2.325829393678316,True,,做空(反向),做空(反向)
2025-11-15 20:00:00,96012.01,96012.01,95119.94,95596.24,1985.99505,BULLISH_SINGULARITY,0.6,奇点看涨,-0.4900026890352433,0.0408755380541169,-0.3772198347292073,0.3765569296285521,-2.493534826785588,True,,做空(反向),做空(反向)
2025-11-16 04:00:00,95825.02,96192.0,95650.72,96099.99,1279.33932,LOW_OSCILLATION,0.6,低位震荡,-0.5356881193750836,0.0045847843307963,-0.3772198347292073,0.2514089853337512,-1.6025617277688695,True,,做多,做多
2025-11-16 08:00:00,96099.98,96635.11,95500.0,95627.13,2585.38054,LOW_OSCILLATION,0.6,低位震荡,-0.5713760256757232,-0.0001958754031499,-0.3772198347292073,0.5131124979554361,-1.891750067175709,True,,做多,做多
2025-11-16 12:00:00,95627.13,95900.0,94368.24,94573.46,2546.31874,LOW_OSCILLATION,0.6,低位震荡,-0.5683455797164202,-0.00106948393436,-0.3772198347292073,0.5144444084564758,-2.697275029048208,True,,做多,做多
2025-11-16 16:00:00,94573.46,95567.79,93770.48,94020.0,9045.25375,LOW_OSCILLATION,0.6,低位震荡,-0.556632024113591,-0.0032770034322839,-0.3772198347292073,1.724554899295272,-2.964816172568695,True,,做多,做多
2025-11-16 20:00:00,94020.49,94739.74,93005.55,94261.44,6536.44269,LOW_OSCILLATION,0.6,低位震荡,-0.5664171494385446,-0.0015950559415116,-0.3772198347292073,1.2430054621729203,-2.463372610002016,True,,做多,做多
2025-11-17 00:00:00,94261.45,95559.99,93767.27,95496.77,4124.53725,LOW_OSCILLATION,0.6,低位震荡,-0.6124084138949222,0.0069351265268612,0.0309730454025458,0.8559347347418327,-1.0734631251294615,True,,做多,做多
2025-11-17 04:00:00,95496.77,95880.0,94849.37,95653.77,3839.84656,BULLISH_SINGULARITY,0.8,强奇点看涨,-0.7165101743556865,0.021536086236652,0.0309730454025458,0.8147971061565912,-0.8247947516868073,True,,做空(反向),做空(反向)
2025-11-17 08:00:00,95653.78,96026.71,95309.68,95565.38,3415.65942,BULLISH_SINGULARITY,0.8,强奇点看涨,-0.8120557239221974,0.0372630853604366,0.0309730454025458,0.743920034867855,-0.8298832133732073,True,,做空(反向),做空(反向)
2025-11-18 16:00:00,92910.1,93836.01,92579.23,93195.61,4917.36921,BULLISH_SINGULARITY,0.8,强奇点看涨,-0.8108719166088016,0.0596887157805379,0.0487072105848831,0.9240605538533992,-0.8812743156700605,True,,做空(反向),做空(反向)
2025-11-18 20:00:00,93195.61,93423.74,92462.72,92960.83,2367.49581,BULLISH_SINGULARITY,0.8,强奇点看涨,-0.8657027562919091,0.075073063257202,0.0487072105848831,0.4433106043970308,-1.02436730457413,True,,做空(反向),做空(反向)
2025-11-19 00:00:00,92960.83,92980.22,91660.49,91874.52,3065.15376,BULLISH_SINGULARITY,0.6,奇点看涨,-0.8881605398442673,0.0870178958359287,-0.1555305664678972,0.5676510278135175,-1.9773606356944229,True,,做空(反向),做空(反向)
2025-11-19 08:00:00,91863.64,91950.0,91072.41,91410.22,2540.86239,BULLISH_SINGULARITY,0.6,奇点看涨,-0.7850206329171682,0.0980096160242103,-0.1555305664678972,0.4525627588735169,-2.074287650078936,True,,做空(反向),做空(反向)
2025-11-23 00:00:00,84739.75,86349.84,84667.57,86308.54,4004.15131,BEARISH_SINGULARITY,0.7,奇点看空,0.4164884103071479,-0.0319214033901334,0.0227674905200357,0.586983418150157,-0.0988985621339177,True,,做多(反向),做多(反向)
2025-11-23 04:00:00,86308.54,86860.0,85420.0,85782.19,2913.01357,BEARISH_SINGULARITY,0.7,奇点看空,0.4857561273353562,-0.0539347152561877,0.0227674905200357,0.4377166771934445,-0.641132645426209,True,,做多(反向),做多(反向)
2025-11-23 08:00:00,85782.18,86465.24,85768.22,86331.28,2087.40357,BEARISH_SINGULARITY,0.7,奇点看空,0.576586713472574,-0.073191063427475,0.0227674905200357,0.3180593185749097,-0.0046492488138028,True,,做多(反向),做多(反向)
2025-11-23 12:00:00,86331.28,87244.51,86271.1,87087.44,3471.36676,BEARISH_SINGULARITY,0.7,奇点看空,0.6600891322133048,-0.0864484394839129,0.0227674905200357,0.5302296527157068,0.787567760984613,True,,做多(反向),做多(反向)
2025-11-23 16:00:00,87087.44,87689.47,86502.47,87325.01,3711.9574,BEARISH_SINGULARITY,0.7,奇点看空,0.7320203804639963,-0.0938260604576228,0.0227674905200357,0.5647737687815152,0.96034768201974,True,,做多(反向),做多(反向)
2025-11-23 20:00:00,87325.01,88127.64,86701.54,86830.0,3546.57157,BEARISH_SINGULARITY,0.7,奇点看空,0.7980913137163602,-0.0978293959536789,0.0227674905200357,0.5505684973105135,0.3509581723270096,True,,做多(反向),做多(反向)
2025-11-24 00:00:00,86830.0,88059.44,85946.65,87460.02,4318.16094,BEARISH_SINGULARITY,0.7,奇点看空,0.8820962859358058,-0.1007512341269656,0.092783294647941,0.7473740379865549,0.9753111968722036,True,,做多(反向),做多(反向)
2025-11-24 04:00:00,87460.03,87837.57,86450.0,87050.39,3276.3396,BEARISH_SINGULARITY,0.7,奇点看空,0.9970781931220488,-0.0998210558973914,0.092783294647941,0.5759127615593909,0.454317485150547,True,,做多(反向),做多(反向)
2025-11-24 08:00:00,87050.39,87050.39,85696.56,86264.72,3484.50939,BEARISH_SINGULARITY,0.7,奇点看空,1.147967448435183,-0.1043514018616268,0.092783294647941,0.6287741123801397,-0.4094265646055206,True,,做多(反向),做多(反向)
2025-11-24 12:00:00,86264.71,86741.5,85272.0,86616.44,4635.50962,BEARISH_SINGULARITY,0.7,奇点看空,1.2724778065310884,-0.1182289037650332,0.092783294647941,0.9155202904784084,-0.0030528264821203,True,,做多(反向),做多(反向)
2025-11-24 16:00:00,86616.44,88834.62,86616.43,88327.29,6003.91247,BEARISH_SINGULARITY,0.7,奇点看空,1.3482731674675132,-0.1313287388131614,0.092783294647941,1.3183240146413455,1.7809263454650357,True,,做多(反向),做多(反向)
2025-11-24 20:00:00,88327.29,89228.0,88252.5,88300.01,2944.69593,BEARISH_SINGULARITY,0.7,奇点看空,1.3547534931276766,-0.1388276709712574,0.092783294647941,0.8296394971472524,1.580239997718784,True,,做多(反向),做多(反向)
2025-11-25 00:00:00,88300.01,88300.01,87457.53,87822.12,2506.39849,BEARISH_SINGULARITY,0.9,强奇点看空,1.345597361181592,-0.1478602371419902,0.2675909836310672,0.7666442905798085,0.9314211791374196,True,,做多(反向),做多(反向)
2025-11-25 04:00:00,87822.12,88519.99,87300.0,87384.81,3032.60485,BEARISH_SINGULARITY,0.9,强奇点看空,1.3330705004952303,-0.1578003638888426,0.2675909836310672,0.9457601363491656,0.3878337734152082,True,,做多(反向),做多(反向)
2025-11-25 08:00:00,87384.81,87606.57,86666.0,87361.71,3402.11161,BEARISH_SINGULARITY,0.9,强奇点看空,1.3005679695484933,-0.1662513031886491,0.2675909836310672,1.053131692561778,0.3267748237750891,True,,做多(反向),做多(反向)
2025-11-25 12:00:00,87361.71,87792.2,86116.0,86988.94,4897.6285,BEARISH_SINGULARITY,0.9,强奇点看空,1.2192520463641598,-0.1692051340525955,0.2675909836310672,1.4557053445062424,-0.0916763810342904,True,,做多(反向),做多(反向)
2025-11-25 16:00:00,86988.93,88155.65,86182.49,86882.85,3228.35208,BEARISH_SINGULARITY,0.9,强奇点看空,1.0974407542597668,-0.1653198858543313,0.2675909836310672,0.9611819749803724,-0.1932264142852121,True,,做多(反向),做多(反向)
2025-11-25 20:00:00,86882.84,87889.38,86565.48,87369.96,2499.94557,BEARISH_SINGULARITY,0.9,强奇点看空,0.9522543259273684,-0.1507408725596229,0.2675909836310672,0.7461841484748045,0.3313364634925169,True,,做多(反向),做多(反向)
2025-11-26 00:00:00,87369.97,88224.0,87069.97,87119.92,2235.2732,BEARISH_SINGULARITY,0.7,奇点看空,0.775934068094323,-0.1264058609232771,0.0849445647580447,0.6584954006199814,0.0399914225264339,True,,做多(反向),做多(反向)
2025-11-26 04:00:00,87119.93,87970.0,86909.99,87935.05,1828.65169,BEARISH_SINGULARITY,0.7,奇点看空,0.620244680538725,-0.0983152168909687,0.0849445647580447,0.5376129497774514,0.8822338474226581,True,,做多(反向),做多(反向)
2025-11-26 08:00:00,87935.05,87941.58,86670.36,87095.79,2199.53135,BEARISH_SINGULARITY,0.7,奇点看空,0.4524569245924135,-0.0683571907207251,0.0849445647580447,0.6642707791511383,-0.0729250966382913,True,,做多(反向),做多(反向)
2025-11-27 16:00:00,90958.29,91843.59,90850.77,91528.21,2279.61546,BEARISH_SINGULARITY,0.7,奇点看空,0.3543433775852479,-0.0279144316448125,0.0849445647580447,0.6460606991854743,2.712089208022792,True,,做多(反向),做多(反向)
2025-11-27 20:00:00,91528.22,91600.0,91114.52,91333.95,1090.79164,BEARISH_SINGULARITY,0.7,奇点看空,0.415270975165674,-0.0468424533709053,0.0849445647580447,0.3254880852804345,2.251212497437288,True,,做多(反向),做多(反向)
2025-11-28 00:00:00,91333.94,91417.99,90652.55,91208.85,1930.05393,BEARISH_SINGULARITY,0.7,奇点看空,0.4555136257136957,-0.0600280155349867,-0.1537582033757868,0.6131912659024863,1.906263574973976,True,,做多(反向),做多(反向)
2025-11-28 04:00:00,91208.85,91707.79,90867.43,90910.87,1873.92377,BEARISH_SINGULARITY,0.7,奇点看空,0.4477209082067344,-0.0679989275991447,-0.1537582033757868,0.6056603605363127,1.4213638195465412,True,,做多(反向),做多(反向)
2025-11-28 08:00:00,90910.87,92030.0,90907.98,91437.64,3175.31997,BEARISH_SINGULARITY,0.7,奇点看空,0.4139690586377567,-0.066281175888248,-0.1537582033757868,1.01530197521968,1.8142273841929064,True,,做多(反向),做多(反向)
2025-12-02 04:00:00,86977.0,87288.48,86818.14,87012.65,1733.23534,BULLISH_SINGULARITY,0.6,奇点看涨,-0.7454219330950288,0.0743251162277078,-0.1818226538357692,0.6123891049634337,-1.3686312615514895,True,,做空(反向),做空(反向)
2025-12-03 08:00:00,93000.0,93389.62,92666.0,93005.68,2770.10259,BULLISH_SINGULARITY,0.95,超强奇点看涨,-0.835585578806784,0.0647332213624997,0.4570582672716582,0.6672257077182349,3.3516202559860533,True,,做空(反向),做空(反向)
2025-12-05 00:00:00,92078.06,92692.36,91959.92,92142.75,1751.29187,BULLISH_SINGULARITY,0.6,奇点看涨,-0.4241564670330124,0.0248654820859553,-0.0427699750940138,0.4429617224785224,0.4875885808681472,True,,做空(反向),做空(反向)
2025-12-05 04:00:00,92142.75,92497.51,91813.37,92258.65,1387.19156,BULLISH_SINGULARITY,0.6,奇点看涨,-0.4759997314325168,0.0365744067302892,-0.0427699750940138,0.360941485003295,0.555185573726405,True,,做空(反向),做空(反向)
2025-12-05 08:00:00,92258.64,92258.65,90956.25,91351.43,2431.69816,BULLISH_SINGULARITY,0.6,奇点看涨,-0.5575165823824605,0.0471783630147979,-0.0427699750940138,0.6394909372893519,-0.3924830588454186,True,,做空(反向),做空(反向)
2025-12-05 20:00:00,89629.27,89745.37,88901.6,89330.04,2371.09012,BULLISH_SINGULARITY,0.6,奇点看涨,-0.787613737633208,0.0843109106361409,-0.0427699750940138,0.6249654478211264,-2.058519245389641,True,,做空(反向),做空(反向)
2025-12-06 00:00:00,89330.04,89806.43,89030.67,89688.35,1531.03301,BULLISH_SINGULARITY,0.6,奇点看涨,-0.8482017497498151,0.1021331463566513,-0.0427699750940138,0.4297188305972293,-1.509427489145872,True,,做空(反向),做空(反向)
2025-12-06 04:00:00,89688.35,89764.19,89459.19,89597.13,769.5235,BULLISH_SINGULARITY,0.6,奇点看涨,-0.8982064093028046,0.122931133286368,-0.0427699750940138,0.2276360169884248,-1.4585406636840468,True,,做空(反向),做空(反向)
2025-12-06 08:00:00,89597.14,89750.01,89217.59,89631.28,1504.70502,BULLISH_SINGULARITY,0.6,奇点看涨,-0.8757255715847094,0.1422392351243493,-0.0427699750940138,0.4652075344940857,-1.287392201289671,True,,做空(反向),做空(反向)
2025-12-06 12:00:00,89631.29,90289.97,89490.98,89758.77,2052.08066,BULLISH_SINGULARITY,0.6,奇点看涨,-0.7597015931755484,0.1546522937098445,-0.0427699750940138,0.6598834548719814,-1.0388832435211786,True,,做空(反向),做空(反向)
2025-12-06 16:00:00,89758.77,89981.2,89077.6,89405.64,1483.59614,BULLISH_SINGULARITY,0.6,奇点看涨,-0.6329516526171431,0.1547249905140744,-0.0427699750940138,0.4871537888881085,-1.2939565841761655,True,,做空(反向),做空(反向)
2025-12-06 20:00:00,89405.65,89615.34,88908.01,89236.79,1068.56183,BULLISH_SINGULARITY,0.6,奇点看涨,-0.4872972923080403,0.1431953940008819,-0.0427699750940138,0.3853863236490551,-1.3412744727716082,True,,做空(反向),做空(反向)
2025-12-08 20:00:00,90124.49,91374.0,90124.49,90634.34,1981.49487,BEARISH_SINGULARITY,0.7,奇点看空,0.3563956919827402,-0.0660461460407537,-0.0712034791551539,0.859597021079222,0.1379308843454558,True,,做多(反向),做多(反向)
2025-12-10 12:00:00,92120.45,92226.0,91563.15,92063.69,2523.14963,BEARISH_SINGULARITY,0.7,奇点看空,0.4024751863441992,-0.036869659848017,-0.0687563558663894,0.8835997642482012,0.5715530094500576,True,,做多(反向),做多(反向)
2025-12-10 16:00:00,92063.69,93243.59,91684.39,92957.67,5420.4848,BEARISH_SINGULARITY,0.7,奇点看空,0.5062737400854339,-0.0496721800374484,-0.0687563558663894,1.755776857757878,1.3986433178102762,True,,做多(反向),做多(反向)
2025-12-10 20:00:00,92957.67,94476.0,91878.0,92015.37,5071.13727,BEARISH_SINGULARITY,0.7,奇点看空,0.5463656878461767,-0.0558140933162117,-0.0687563558663894,1.6124752717386008,0.3353476187925906,True,,做多(反向),做多(反向)
2025-12-11 00:00:00,92015.38,92080.32,89389.63,89880.01,4081.1469,BEARISH_SINGULARITY,0.9,强奇点看空,0.6062121209700214,-0.0599009569040741,0.5528035110453882,1.2926961408130386,-1.8067017345665533,True,,做多(反向),做多(反向)
2025-12-11 04:00:00,89880.0,90480.14,89694.81,90272.75,2245.33099,BEARISH_SINGULARITY,0.9,强奇点看空,0.720503497699904,-0.0646724266847963,0.5528035110453882,0.7201279014299942,-1.2480700473747786,True,,做多(反向),做多(反向)
2025-12-11 08:00:00,90272.76,90504.19,89971.11,90242.35,1503.95888,BEARISH_SINGULARITY,0.9,强奇点看空,0.767865928429505,-0.0621478700576016,0.5528035110453882,0.489812442864149,-1.1607109021302222,True,,做多(反向),做多(反向)
2025-12-11 12:00:00,90242.36,90653.33,89260.63,89872.51,3541.05902,BEARISH_SINGULARITY,0.9,强奇点看空,0.7293689783097485,-0.057167972582911,0.5528035110453882,1.1177911090522843,-1.4187771702488543,True,,做多(反向),做多(反向)
2025-12-11 16:00:00,89872.51,91538.26,89333.0,90839.81,3643.99089,BEARISH_SINGULARITY,0.9,强奇点看空,0.6430249952677954,-0.0483223477743833,0.5528035110453882,1.120381827942419,-0.3237844394678218,True,,做多(反向),做多(反向)
2025-12-11 20:00:00,90839.81,93555.0,90797.76,92513.38,4957.1009,BEARISH_SINGULARITY,0.9,强奇点看空,0.499163203733924,-0.0334496464058806,0.5528035110453882,1.5303700505255498,1.3665574304611792,True,,做多(反向),做多(反向)
2025-12-13 20:00:00,90178.17,90280.76,89766.39,90240.01,687.30984,BULLISH_SINGULARITY,0.6,奇点看涨,-0.499505611511452,0.0283470274878084,-0.6861915792833178,0.259170958980144,-0.5752268080220063,True,,做空(反向),做空(反向)
2025-12-14 00:00:00,90240.0,90472.4,90117.05,90258.98,710.94131,BULLISH_SINGULARITY,0.6,奇点看涨,-0.6471268898039265,0.0620319292859936,-0.6861915792833178,0.294205544478415,-0.5017979733958698,True,,做空(反向),做空(反向)
2025-12-14 04:00:00,90258.99,90329.24,90050.74,90245.6,689.83584,BULLISH_SINGULARITY,0.6,奇点看涨,-0.7418588062159335,0.0901228040639928,-0.6861915792833178,0.3139308689376386,-0.4675826146834922,True,,做空(反向),做空(反向)
2025-12-14 12:00:00,89360.01,89666.0,88882.66,89022.91,1729.70637,BULLISH_SINGULARITY,0.6,奇点看涨,-0.6786099383375026,0.1056391572972353,-0.6861915792833178,0.8358568763583734,-1.5232100961116362,True,,做空(反向),做空(反向)
2025-12-14 16:00:00,89022.92,89398.71,88497.02,88644.88,1685.20822,BULLISH_SINGULARITY,0.6,奇点看涨,-0.5505831964341241,0.0902274676963601,-0.6861915792833178,0.8108029957761116,-1.7597451971520552,True,,做空(反向),做空(反向)
2025-12-16 20:00:00,87585.76,87931.48,87343.75,87863.42,1104.98888,BULLISH_SINGULARITY,0.6,奇点看涨,-0.4200520103324057,0.1499643583108152,-0.10037894259651,0.4508849348871319,-0.3998057990046676,True,,做空(反向),做空(反向)
2025-12-17 12:00:00,86983.26,90365.85,86817.27,87233.44,8132.27731,BEARISH_SINGULARITY,0.7,奇点看空,0.6847860976126298,-0.0438054797254864,-0.2736567836378168,2.740960963709343,-0.7067187721685918,True,,做多(反向),做多(反向)
2025-12-17 16:00:00,87233.44,87769.23,85314.0,86018.53,5045.61646,BEARISH_SINGULARITY,0.7,奇点看空,0.7618899923971699,-0.0921635253505999,-0.2736567836378168,1.6185240460773425,-1.89434912188375,True,,做多(反向),做多(反向)
2025-12-17 20:00:00,86018.53,86431.14,85644.09,86243.22,1700.52853,BEARISH_SINGULARITY,0.7,奇点看空,0.8385789210754072,-0.1284605281898996,-0.2736567836378168,0.5457479749113118,-1.4843937786224215,True,,做多(反向),做多(反向)
2025-12-18 00:00:00,86243.23,86863.75,85863.93,86618.34,1716.00096,BEARISH_SINGULARITY,0.9,强奇点看空,0.7974423592100456,-0.1512679911449869,0.3043434558389345,0.5504415373062349,-0.9562946072659873,True,,做多(反向),做多(反向)
2025-12-18 04:00:00,86618.35,86901.4,86384.61,86833.84,1551.20199,BEARISH_SINGULARITY,0.9,强奇点看空,0.6540125732710189,-0.157783727028665,0.3043434558389345,0.5058042305226685,-0.6427080055759964,True,,做多(反向),做多(反向)
2025-12-18 08:00:00,86833.83,87453.63,86685.14,87300.74,1894.81711,BEARISH_SINGULARITY,0.9,强奇点看空,0.46906499493289,-0.1493871951818106,0.3043434558389345,0.6260627651327233,-0.09814984932872,True,,做多(反向),做多(反向)
2025-12-19 08:00:00,87953.39,88385.06,87742.6,88198.7,1797.82182,BULLISH_SINGULARITY,0.6,奇点看涨,-0.6426960731477848,0.0441510403511442,-0.1829195305042029,0.5118658957012466,1.1197625820069306,True,,做空(反向),做空(反向)
2025-12-19 20:00:00,87845.92,88426.85,87614.79,88136.94,1860.23503,BULLISH_SINGULARITY,0.6,奇点看涨,-0.4396598318733888,0.0287713924717246,-0.1829195305042029,0.5232807235285725,0.8203223080666955,True,,做空(反向),做空(反向)
2025-12-22 00:00:00,88658.87,89627.24,87900.0,88774.12,2619.97992,BEARISH_SINGULARITY,0.9,强奇点看空,0.9983098806535972,-0.0257906608931876,0.2420530258510605,1.318931150563008,0.7356873818305063,True,,做多(反向),做多(反向)
2025-12-22 04:00:00,88774.13,89200.0,88712.11,89170.1,1290.70342,BEARISH_SINGULARITY,0.9,强奇点看空,1.1179091237105088,-0.0551997867317973,0.2420530258510605,0.6897853010594227,1.0709544184664257,True,,做多(反向),做多(反向)
2025-12-22 08:00:00,89170.1,90118.0,89093.44,89945.43,2622.90199,BEARISH_SINGULARITY,0.9,强奇点看空,1.207130882736708,-0.082539624091935,0.2420530258510605,1.428029198200341,1.7608005513824476,True,,做多(反向),做多(反向)
2025-12-22 12:00:00,89945.43,90588.23,89196.42,89726.92,3942.72215,BEARISH_SINGULARITY,0.9,强奇点看空,1.2561400626387311,-0.1037995782788371,0.2420530258510605,2.1332942322668305,1.3674644070566426,True,,做多(反向),做多(反向)
2025-12-22 16:00:00,89726.93,90127.0,87965.76,88052.43,2609.5493,BEARISH_SINGULARITY,0.9,强奇点看空,1.3056611124776172,-0.1233864700684903,0.2420530258510605,1.381612141237072,-0.4745694536602525,True,,做多(反向),做多(反向)
2025-12-22 20:00:00,88052.42,88833.33,87911.79,88620.79,1587.36292,BEARISH_SINGULARITY,0.9,强奇点看空,1.3801084693123349,-0.1454123389790651,0.2420530258510605,0.9512552312578004,0.1518367232098692,True,,做多(反向),做多(反向)
2025-12-23 00:00:00,88620.79,88940.0,87800.0,88170.0,1505.70483,BEARISH_SINGULARITY,0.7,奇点看空,1.3482689473295204,-0.1507702594743458,0.0900100037478352,0.9940232216758468,-0.3236608649948191,True,,做多(反向),做多(反向)
2025-12-23 04:00:00,88170.0,88368.1,87051.52,87574.79,1996.43062,BEARISH_SINGULARITY,0.7,奇点看空,1.2689825208439476,-0.1449103397637985,0.0900100037478352,1.3120876895738125,-0.9024941406161434,True,,做多(反向),做多(反向)
2025-12-23 08:00:00,87574.78,87890.0,87297.69,87856.65,1432.37853,BEARISH_SINGULARITY,0.7,奇点看空,1.1482963677555358,-0.1287594237576372,0.0900100037478352,0.9277276007928296,-0.5282657779939187,True,,做多(反向),做多(反向)
2025-12-23 12:00:00,87856.66,87963.03,86601.9,87443.45,3407.99312,BEARISH_SINGULARITY,0.7,奇点看空,0.9823255891655688,-0.0997797415856884,0.0900100037478352,2.035266008587535,-0.9020826468146526,True,,做多(反向),做多(反向)
2025-12-23 16:00:00,87443.45,88275.4,87162.39,87752.87,3220.82979,BEARISH_SINGULARITY,0.7,奇点看空,0.8381483915362001,-0.0682492795239945,0.0900100037478352,1.7949081649775216,-0.4991687908505276,True,,做多(反向),做多(反向)
2025-12-23 20:00:00,87752.88,88372.35,87180.0,87486.0,2346.99215,BEARISH_SINGULARITY,0.7,奇点看空,0.6852275708709246,-0.0378121463386672,0.0900100037478352,1.2713990188632958,-0.7259618049895202,True,,做多(反向),做多(反向)
2025-12-24 04:00:00,87336.23,87458.54,86796.65,86911.53,1349.63742,HIGH_OSCILLATION,0.6,高位震荡,0.5952586302801312,-0.0057628407041021,-0.0092689997151086,0.6981193581133937,-1.1718580900869555,True,,做空,做空
2025-12-24 12:00:00,87203.94,87478.59,86420.0,87049.99,2300.52897,BEARISH_SINGULARITY,0.7,奇点看空,0.643281295032884,-0.0313188498758959,-0.0092689997151086,1.1302906509664423,-0.8469080947304277,True,,做多(反向),做多(反向)
2025-12-24 16:00:00,87050.0,87670.0,86917.25,87566.06,1746.44928,BEARISH_SINGULARITY,0.7,奇点看空,0.6427403212325107,-0.0504520352138005,-0.0092689997151086,0.8516462700161755,-0.2344686996005645,True,,做多(反向),做多(反向)
2025-12-24 20:00:00,87566.07,88049.89,87516.77,87669.45,956.96862,BEARISH_SINGULARITY,0.7,奇点看空,0.5604090283476268,-0.0672037013180985,-0.0092689997151086,0.4813247323902653,-0.1055745360613,True,,做多(反向),做多(反向)
2025-12-25 00:00:00,87669.44,87967.5,87508.52,87840.42,652.86225,BEARISH_SINGULARITY,0.7,奇点看空,0.4037910815471308,-0.0779062940519868,-0.0092689997151086,0.3332941162998473,0.0807306515591191,True,,做多(反向),做多(反向)
2025-12-26 08:00:00,88470.75,88918.59,88414.81,88533.42,1250.32549,BULLISH_SINGULARITY,0.6,奇点看涨,-0.3560780164559879,0.0535965177098751,-0.2485974480971609,0.6578673522114016,0.6091124448597804,True,,做空(反向),做空(反向)
2025-12-27 16:00:00,87551.26,87591.0,87442.08,87569.39,566.59122,LOW_OSCILLATION,0.6,低位震荡,-0.5850480415367936,0.0012617658280636,-0.2485974480971609,0.332999201031969,-0.1621654372017655,True,,做多,做多
2025-12-27 20:00:00,87569.39,87984.0,87499.99,87877.01,885.11148,BULLISH_SINGULARITY,0.6,奇点看涨,-0.7710475936343515,0.0337301761672831,-0.2485974480971609,0.542777305211837,0.1705640650779619,True,,做空(反向),做空(反向)
2025-12-28 00:00:00,87877.0,87961.37,87705.97,87740.01,672.08653,BULLISH_SINGULARITY,0.6,奇点看涨,-0.9194309542988984,0.0639904454454589,-0.2485974480971609,0.4261830718136315,0.0130269908325455,True,,做空(反向),做空(反向)
2025-12-28 04:00:00,87740.0,87837.99,87614.79,87730.85,442.23022,BULLISH_SINGULARITY,0.6,奇点看涨,-0.9759389283853892,0.0866410857924161,-0.2485974480971609,0.2850793124073612,0.002339433330501,True,,做空(反向),做空(反向)
2025-12-28 08:00:00,87730.86,88010.0,87720.0,87883.25,760.04376,BULLISH_SINGULARITY,0.6,奇点看涨,-0.9205128998682112,0.0994351986679907,-0.2485974480971609,0.4882678430689913,0.1592626196816033,True,,做空(反向),做空(反向)
2025-12-28 12:00:00,87883.25,88088.75,87794.86,87836.27,821.25662,BULLISH_SINGULARITY,0.6,奇点看涨,-0.8241505580474244,0.0993551165350583,-0.2485974480971609,0.5233464013527908,0.0956419766017739,True,,做空(反向),做空(反向)
2025-12-28 16:00:00,87836.27,87931.59,87500.26,87520.75,881.83702,BULLISH_SINGULARITY,0.6,奇点看涨,-0.7609466702354627,0.0879503673221465,-0.2485974480971609,0.5677749940297195,-0.2388406129957392,True,,做空(反向),做空(反向)
2025-12-28 20:00:00,87520.75,88049.53,87435.0,87952.71,868.8387,BULLISH_SINGULARITY,0.6,奇点看涨,-0.6876785921747122,0.0710569069357571,-0.2485974480971609,0.579259191396088,0.2293308250004243,True,,做空(反向),做空(反向)
2025-12-30 04:00:00,87378.99,87600.0,87157.07,87502.85,1077.59137,BULLISH_SINGULARITY,0.8,强奇点看涨,-0.6525888593081439,0.0355281769470876,0.1730549118524102,0.6861674417373956,-0.3652276750014777,True,,做空(反向),做空(反向)
2025-12-30 20:00:00,88226.15,88573.65,87886.46,88485.49,1244.66702,BULLISH_SINGULARITY,0.8,强奇点看涨,-1.163230088368444,0.1821626779591547,0.1730549118524102,0.6399498690493653,0.5288677435955692,True,,做空(反向),做空(反向)
2025-12-31 00:00:00,88485.5,88819.8,88172.15,88453.04,1131.98072,BULLISH_SINGULARITY,0.6,奇点看涨,-1.1402857969517464,0.199334346165694,-0.278312880572881,0.5736735583500931,0.444935380835615,True,,做空(反向),做空(反向)
2025-12-31 04:00:00,88453.04,88638.76,88325.06,88613.12,972.41187,BULLISH_SINGULARITY,0.6,奇点看涨,-0.9475920890590528,0.1969354748192269,-0.278312880572881,0.4917183285708941,0.5666923270594127,True,,做空(反向),做空(反向)
2025-12-31 08:00:00,88613.11,89046.6,88393.52,89011.52,1674.66744,BULLISH_SINGULARITY,0.6,奇点看涨,-0.6286235548936324,0.1713211758400016,-0.278312880572881,0.8258917718273133,0.9209094915610538,True,,做空(反向),做空(反向)
2025-12-31 20:00:00,87541.85,87879.04,87250.0,87648.22,1581.56113,BEARISH_SINGULARITY,0.7,奇点看空,0.8457918203215765,-0.0364498153385798,-0.278312880572881,0.6830293995358833,-0.4800754414005563,True,,做多(反向),做多(反向)
2026-01-01 00:00:00,87648.21,88088.1,87632.74,87846.02,833.74412,BEARISH_SINGULARITY,0.7,奇点看空,1.0466359356234527,-0.1109426057215577,-0.278312880572881,0.3604437053748428,-0.2312084372268015,True,,做多(反向),做多(反向)
2026-01-01 04:00:00,87846.01,87854.81,87550.43,87631.88,1108.52485,BEARISH_SINGULARITY,0.7,奇点看空,0.8672797031160548,-0.1421457345184846,-0.278312880572881,0.4767665779850533,-0.4294241747527675,True,,做多(反向),做多(反向)
2026-01-01 08:00:00,87631.88,88024.64,87631.87,88024.64,819.82493,BEARISH_SINGULARITY,0.7,奇点看空,0.6524537242720652,-0.1292720071717437,-0.278312880572881,0.3852329655894642,0.0152397738431532,True,,做多(反向),做多(反向)
2026-01-01 12:00:00,88024.64,88113.45,87810.66,88032.18,1005.89204,BEARISH_SINGULARITY,0.7,奇点看空,0.3839331094775007,-0.0890643207896444,-0.278312880572881,0.5021243142723213,0.0215390540364642,True,,做多(反向),做多(反向)
2026-01-03 00:00:00,89995.14,90418.32,89966.48,90321.22,1026.19409,BEARISH_SINGULARITY,0.9,强奇点看空,0.967793046321888,-0.048468323099619,0.3086045691600559,0.5472155819381462,1.6012098432343258,True,,做多(反向),做多(反向)
2026-01-03 04:00:00,90321.23,90480.62,89314.01,89577.13,1777.4168,BEARISH_SINGULARITY,0.9,强奇点看空,1.2135017527099758,-0.1019873071740885,0.3086045691600559,0.934528920708665,0.6909092500417018,True,,做多(反向),做多(反向)
2026-01-03 08:00:00,89577.13,89982.11,89420.75,89752.74,1301.1092,BEARISH_SINGULARITY,0.9,强奇点看空,1.4599216742982697,-0.1608411743318309,0.3086045691600559,0.6810680815521245,0.803027034357455,True,,做多(反向),做多(反向)
2026-01-03 12:00:00,89752.75,90249.99,89664.93,89969.31,1115.15116,BEARISH_SINGULARITY,0.9,强奇点看空,1.6252875611980953,-0.1964175508193855,0.3086045691600559,0.5815553842648471,0.9456747546259294,True,,做多(反向),做多(反向)
2026-01-03 16:00:00,89969.31,90219.67,89918.59,90123.77,516.07827,BEARISH_SINGULARITY,0.9,强奇点看空,1.6660351585297313,-0.2163739616211413,0.3086045691600559,0.2775207122667595,1.0113318565634066,True,,做多(反向),做多(反向)
2026-01-03 20:00:00,90123.76,90741.16,90017.23,90628.01,1321.51764,BEARISH_SINGULARITY,0.9,强奇点看空,1.576824132733343,-0.219520906361063,0.3086045691600559,0.749760748028543,1.4242074719407614,True,,做多(反向),做多(反向)
2026-01-04 00:00:00,90628.01,91610.17,90628.0,91236.78,2719.43418,BEARISH_SINGULARITY,0.9,强奇点看空,1.340233324447709,-0.2003926521769405,0.3086045691600559,1.55240967684002,1.9011622012637588,True,,做多(反向),做多(反向)
2026-01-04 04:00:00,91236.78,91810.0,91183.15,91532.0,1833.66412,BEARISH_SINGULARITY,0.9,强奇点看空,0.9682259743672186,-0.162103515550011,0.3086045691600559,1.0392826901340613,2.014144508251912,True,,做多(反向),做多(反向)
2026-01-04 08:00:00,91532.0,91620.5,91174.46,91300.0,2596.25909,BEARISH_SINGULARITY,0.9,强奇点看空,0.480738984293188,-0.1157643320392048,0.3086045691600559,1.401503581273652,1.5857270964952022,True,,做多(反向),做多(反向)
2026-01-05 08:00:00,92520.63,93151.0,92320.17,93134.26,2498.18846,BEARISH_SINGULARITY,0.7,奇点看空,0.4316368198461949,-0.0310091669796661,-0.1203969907016101,1.1578679456205134,2.425209633226909,True,,做多(反向),做多(反向)
2026-01-05 12:00:00,93134.25,94000.0,92407.13,93957.73,4224.09624,BEARISH_SINGULARITY,0.7,奇点看空,0.4808241060579759,-0.0441675436405138,-0.1203969907016101,1.8291948928720536,3.004076614689779,True,,做多(反向),做多(反向)
2026-01-05 16:00:00,93957.74,94500.0,93250.0,94303.4,4190.38211,BEARISH_SINGULARITY,0.7,奇点看空,0.4866383450832925,-0.0549577520824584,-0.1203969907016101,1.7815825781425056,3.051004798189489,True,,做多(反向),做多(反向)
2026-01-05 20:00:00,94303.4,94789.08,93800.0,93859.71,2373.49962,BEARISH_SINGULARITY,0.7,奇点看空,0.4846544529960871,-0.0642981621840999,-0.1203969907016101,1.058634468932769,2.3161015522174577,True,,做多(反向),做多(反向)
2026-01-06 00:00:00,93859.71,94161.86,93529.18,93769.24,1527.94713,BEARISH_SINGULARITY,0.7,奇点看空,0.506304040286227,-0.0750033307061746,-0.1165785343977505,0.7414834027915579,2.002063804434407,True,,做多(反向),做多(反向)
2026-01-06 04:00:00,93769.25,94000.0,93137.98,93255.08,2037.39443,BEARISH_SINGULARITY,0.7,奇点看空,0.5043926141775692,-0.080892247030626,-0.1165785343977505,0.9766304629026348,1.3035641888317722,True,,做多(反向),做多(反向)
2026-01-06 08:00:00,93255.08,93895.0,93167.29,93840.0,1360.24604,BEARISH_SINGULARITY,0.7,奇点看空,0.4938757237674291,-0.0825505078392415,-0.1165785343977505,0.6468585424585515,1.751069316369294,True,,做多(反向),做多(反向)
2026-01-06 12:00:00,93839.99,94444.44,93352.01,93648.99,3747.64759,BEARISH_SINGULARITY,0.7,奇点看空,0.4075855304991708,-0.0725330869794086,-0.1165785343977505,1.7024231125033409,1.3948619216178797,True,,做多(反向),做多(反向)
2026-01-08 08:00:00,90548.02,90917.22,89777.25,90226.77,2431.28077,BULLISH_SINGULARITY,0.6,奇点看涨,-0.4326270254396738,0.0830956940257762,-0.0868297314751438,0.8795947191555351,-1.6617079432431154,True,,做空(反向),做空(反向)
2026-01-08 16:00:00,90781.57,91469.0,90312.89,90937.41,2656.5893,BULLISH_SINGULARITY,0.6,奇点看涨,-0.6602976485761894,0.1035918712573319,-0.0868297314751438,0.9162922359195568,-0.7128565743317926,True,,做空(反向),做空(反向)
2026-01-08 20:00:00,90937.42,91493.0,90568.11,91099.99,1758.04393,BULLISH_SINGULARITY,0.6,奇点看涨,-0.7802683175707785,0.1119929103032724,-0.0868297314751438,0.6333059019545807,-0.4846102164688911,True,,做空(反向),做空(反向)
2026-01-09 00:00:00,91100.0,91632.1,90850.0,91220.23,1573.86844,BULLISH_SINGULARITY,0.8,强奇点看涨,-0.8538148992799522,0.1164635465862039,0.0649533052162106,0.5950008218209611,-0.3197264702562941,True,,做空(反向),做空(反向)
2026-01-09 04:00:00,91220.24,91236.72,90738.34,90741.84,1493.55612,BULLISH_SINGULARITY,0.8,强奇点看涨,-0.8985716914847683,0.1125118670703386,0.0649533052162106,0.5741893209828938,-0.7628593615131528,True,,做空(反向),做空(反向)
2026-01-09 20:00:00,90332.14,90732.01,90113.87,90641.28,1279.68005,BULLISH_SINGULARITY,0.8,强奇点看涨,-0.7906131356557338,0.047588562015654,0.0649533052162106,0.4580695202874993,-0.5893189330865223,True,,做空(反向),做空(反向)
2026-01-10 00:00:00,90641.27,90782.23,90527.99,90626.14,528.98968,BULLISH_SINGULARITY,0.8,强奇点看涨,-0.7813873423052808,0.0376867280860632,0.0649533052162106,0.2105547652658797,-0.5485332269635006,True,,做空(反向),做空(反向)
2026-01-10 04:00:00,90626.15,90682.7,90408.23,90678.5,491.62648,BULLISH_SINGULARITY,0.8,强奇点看涨,-0.7966895293749006,0.0324003977409366,0.0649533052162106,0.2091129858203934,-0.4445132329236769,True,,做空(反向),做空(反向)
2026-01-10 08:00:00,90678.5,90832.0,90618.28,90723.86,647.39632,BULLISH_SINGULARITY,0.8,强奇点看涨,-0.82643995454668,0.0344603566372208,0.0649533052162106,0.2877677806600527,-0.3572553200186499,True,,做空(反向),做空(反向)
2026-01-10 12:00:00,90723.87,90788.78,90538.46,90665.75,414.48163,BULLISH_SINGULARITY,0.8,强奇点看涨,-0.8799236157175814,0.0413221441159323,0.0649533052162106,0.1868496082071065,-0.3811281759940994,True,,做空(反向),做空(反向)
2026-01-10 16:00:00,90665.76,90746.0,90504.55,90626.54,530.14761,BULLISH_SINGULARITY,0.8,强奇点看涨,-0.935318316229822,0.0528578907304041,0.0649533052162106,0.2506986425510751,-0.3839642734658289,True,,做空(反向),做空(反向)
2026-01-10 20:00:00,90626.54,90659.03,90404.0,90504.7,491.4755,BULLISH_SINGULARITY,0.8,强奇点看涨,-0.9842865454083032,0.0668746611770851,0.0649533052162106,0.2509976309404785,-0.4687982934576684,True,,做空(反向),做空(反向)
2026-01-11 00:00:00,90504.7,90737.95,90451.1,90733.5,463.88039,BULLISH_SINGULARITY,0.8,强奇点看涨,-1.0065076102251893,0.0807329686649316,0.0649533052162106,0.2509371722347084,-0.1965358338171464,True,,做空(反向),做空(反向)
2026-01-11 04:00:00,90733.49,90850.0,90585.34,90710.79,546.84342,BULLISH_SINGULARITY,0.8,强奇点看涨,-0.996597470335593,0.0939558910518879,0.0649533052162106,0.3051759411966337,-0.2004615166452246,True,,做空(反向),做空(反向)
2026-01-11 08:00:00,90710.8,90816.0,90610.27,90754.99,694.37617,BULLISH_SINGULARITY,0.8,强奇点看涨,-0.9638641918469608,0.0987139221991214,0.0649533052162106,0.3997853918209131,-0.137392497444006,True,,做空(反向),做空(反向)
2026-01-11 12:00:00,90754.99,91191.5,90708.25,90875.79,1144.02813,BULLISH_SINGULARITY,0.8,强奇点看涨,-0.8946411885437086,0.0979638591962411,0.0649533052162106,0.6981379678650685,-0.004044073037881,True,,做空(反向),做空(反向)
2026-01-11 16:00:00,90875.79,91283.89,90673.3,90690.8,961.40735,BULLISH_SINGULARITY,0.8,强奇点看涨,-0.7638921745704643,0.0920444508702732,0.0649533052162106,0.6142427495851903,-0.1878651794681128,True,,做空(反向),做空(反向)
2026-01-14 12:00:00,94793.0,97084.68,94680.67,96764.57,6031.62524,BEARISH_SINGULARITY,0.7,奇点看空,0.4118741963288748,-0.0221237651958078,0.0649533052162106,2.126837059922224,3.730388268617317,True,,做多(反向),做多(反向)
2026-01-14 16:00:00,96764.57,97777.0,96246.56,97267.42,6680.63165,BEARISH_SINGULARITY,0.7,奇点看空,0.6249320653205981,-0.0517370332572938,0.0649533052162106,2.1307974518489834,3.847180878517893,True,,做多(反向),做多(反向)
2026-01-14 20:00:00,97267.42,97924.49,96772.02,96951.78,3128.06839,BEARISH_SINGULARITY,0.7,奇点看空,0.7450181711811715,-0.0827518529251151,0.0649533052162106,0.9671023609267332,3.165303617595667,True,,做多(反向),做多(反向)
2026-01-15 00:00:00,96951.78,97000.0,95777.0,95985.1,2821.68199,BEARISH_SINGULARITY,0.7,奇点看空,0.8200698986212055,-0.1054017150447158,0.0649533052162106,0.8479914535547804,1.9292519663901868,True,,做多(反向),做多(反向)
2026-01-15 04:00:00,95985.11,96760.15,95952.89,96630.48,2056.29256,BEARISH_SINGULARITY,0.7,奇点看空,0.9104870974497252,-0.1166805627674127,0.0649533052162106,0.6143737537024371,2.3597136345198404,True,,做多(反向),做多(反向)
2026-01-15 08:00:00,96630.47,97193.34,96289.98,96581.08,2793.34386,BEARISH_SINGULARITY,0.7,奇点看空,0.9138120014584512,-0.1144929766567962,0.0649533052162106,0.8471565866057532,2.083056242787346,True,,做多(反向),做多(反向)
2026-01-15 12:00:00,96581.07,97165.03,95435.91,96737.04,4818.18164,BEARISH_SINGULARITY,0.7,奇点看空,0.8908682477024427,-0.1029939818907912,0.0649533052162106,1.3953955986503066,2.029470277604943,True,,做多(反向),做多(反向)
2026-01-15 16:00:00,96737.04,97163.0,95183.13,95516.01,7868.89039,BEARISH_SINGULARITY,0.7,奇点看空,0.8496367782384115,-0.0845710690619391,0.0649533052162106,2.121965969853812,0.6705325571352233,True,,做多(反向),做多(反向)
2026-01-15 20:00:00,95516.01,95871.0,95134.48,95604.8,1367.42325,BEARISH_SINGULARITY,0.7,奇点看空,0.8550415861531351,-0.0690491237310905,0.0649533052162106,0.3765481808388319,0.6908385956604618,True,,做多(反向),做多(反向)
2026-01-16 00:00:00,95604.81,95855.12,95321.58,95354.69,1207.1411,BEARISH_SINGULARITY,0.7,奇点看空,0.8473098246906674,-0.0515047112114872,0.0649533052162106,0.3438827147151022,0.3865587830675078,True,,做多(反向),做多(反向)
2026-01-16 04:00:00,95354.69,95816.83,95133.03,95653.16,2294.926,BEARISH_SINGULARITY,0.7,奇点看空,0.844788773136452,-0.0368562963976139,0.0649533052162106,0.6455370932230495,0.6336153082980521,True,,做多(反向),做多(反向)
2026-01-16 08:00:00,95653.16,95871.47,95261.43,95429.09,1614.38797,BEARISH_SINGULARITY,0.7,奇点看空,0.8048662055324957,-0.0253218637583725,0.0649533052162106,0.4521895451578842,0.3598489178155405,True,,做多(反向),做多(反向)
2026-01-17 04:00:00,95372.94,95373.64,95041.7,95101.67,558.53587,BEARISH_SINGULARITY,0.7,奇点看空,0.6810952968370716,-0.025174298496245,0.0649533052162106,0.1965812447723877,-0.0100140336048198,True,,做多(反向),做多(反向)
2026-01-17 08:00:00,95101.67,95323.86,95021.67,95323.86,614.83515,BEARISH_SINGULARITY,0.7,奇点看空,0.6373629428397113,-0.0300650835051931,0.0649533052162106,0.2233414019938066,0.2022587442106324,True,,做多(反向),做多(反向)
2026-01-17 12:00:00,95323.85,95639.45,95198.81,95573.64,1450.99515,BEARISH_SINGULARITY,0.7,奇点看空,0.5900333308610507,-0.0332082618472467,0.0649533052162106,0.5410604142922241,0.4203669301056817,True,,做多(反向),做多(反向)
2026-01-17 16:00:00,95573.65,95576.14,95212.25,95291.38,636.49063,BEARISH_SINGULARITY,0.7,奇点看空,0.5338499414412404,-0.0352603629756419,0.0649533052162106,0.2424001699425011,0.1119899611338772,True,,做多(反向),做多(反向)
2026-01-17 20:00:00,95291.37,95412.86,95050.0,95147.77,498.96321,BEARISH_SINGULARITY,0.7,奇点看空,0.4854705894353574,-0.0376584168600013,0.0649533052162106,0.2124014620538615,-0.0351829660430847,True,,做多(反向),做多(反向)
2026-01-18 00:00:00,95147.77,95250.0,94876.33,95200.29,721.03445,BEARISH_SINGULARITY,0.7,奇点看空,0.4456420259171167,-0.0378445787925576,0.0649533052162106,0.3515232178584764,0.0180912423883848,True,,做多(反向),做多(反向)
2026-01-18 04:00:00,95200.29,95260.0,95028.27,95028.27,705.29271,BEARISH_SINGULARITY,0.7,奇点看空,0.3942193342767988,-0.0359807579878281,0.0649533052162106,0.3654304191189667,-0.1471679999006652,True,,做多(反向),做多(反向)
