时间,收盘价,信号类型,信号模式,量能比率,价格vsEMA%,张力,加速度,高低点,持仓状态,最优动作,黄金信号
2025-08-19 20:00:00,112872.94,BEARISH_SINGULARITY,LONG_MODE,1.211057214393044,-2.443886686,0.776455353,-0.24964201,,LONG,开多,ACTION
2025-08-20 00:00:00,113525.91,BEARISH_SINGULARITY,LONG_MODE,1.3651891070313045,-1.703571631,0.5888154581342092,-0.185379137,,LONG,开多,ACTION
2025-08-20 04:00:00,113490.13,BEARISH_SINGULARITY,LONG_MODE,0.5920290954909955,-1.571953139,0.4618125735896692,-0.132965752,,LONG,开多,ACTION
2025-08-20 08:00:00,113666.68,BEARISH_SINGULARITY,LONG_MODE,0.984803652,-1.285444249,0.410808012,-0.107443675,,LONG,开多,ACTION
2025-08-20 12:00:00,113353.94,BEARISH_SINGULARITY,LONG_MODE,1.796474068828177,-1.410847421,0.4610508304582983,-0.123174889,低点,LONG,开多,ACTION
2025-08-20 16:00:00,114276.66,BEARISH_SINGULARITY,LONG_MODE,0.992283571,-0.550699516,0.507319939,-0.145980311,高点,LONG,开多,ACTION
2025-08-20 20:00:00,114271.24,BEARISH_SINGULARITY,LONG_MODE,0.5871923921938002,-0.502785443,0.6087008170529308,-0.188962472,,LONG,开多,ACTION
2025-08-21 00:00:00,113954.62,BEARISH_SINGULARITY,LONG_MODE,0.604902571,-0.704852513,0.7375359013352162,-0.240481606,,LONG,开多,ACTION
2025-08-21 04:00:00,113896.03,BEARISH_SINGULARITY,LONG_MODE,0.5896713034729272,-0.684407044,0.833616106,-0.279155746,,LONG,开多,ACTION
2025-08-21 08:00:00,113148.66,BEARISH_SINGULARITY,LONG_MODE,0.599126429,-1.210394602,0.9081441169611252,-0.304239846,,LONG,开多,ACTION
2025-08-21 12:00:00,112792.08,BEARISH_SINGULARITY,LONG_MODE,1.018985291684699,-1.378795284,0.9120268408725936,-0.301923889,,LONG,开多,ACTION
2025-08-21 16:00:00,112193.71,BEARISH_SINGULARITY,LONG_MODE,1.004445054882292,-1.723968917,0.8620255740514035,-0.276584284,低点,LONG,开多,ACTION
2025-08-21 20:00:00,112500.0,BEARISH_SINGULARITY,LONG_MODE,0.463726493,-1.318867095,0.7364675051680669,-0.225722071,,LONG,开多,ACTION
2025-08-22 00:00:00,112929.24,BEARISH_SINGULARITY,LONG_MODE,0.6799056727198388,-0.853370545,0.5865217625946999,-0.163794531,,LONG,开多,ACTION
2025-08-22 04:00:00,113094.83,BEARISH_SINGULARITY,LONG_MODE,0.692879247,-0.640994781,0.4762606350537448,-0.109605024,高点,LONG,开多,ACTION
2025-08-22 08:00:00,112320.0,BEARISH_SINGULARITY,LONG_MODE,0.8162433694198452,-1.197347783,0.4755127301481178,-0.084750895,低点,LONG,开多,ACTION
2025-08-22 16:00:00,116655.79,BEARISH_SINGULARITY,LONG_MODE,1.4555707085402383,2.153816431827924,0.3753939233172562,-0.029390683,,LONG,开多,ACTION
2025-08-22 20:00:00,116935.99,BEARISH_SINGULARITY,LONG_MODE,0.7555224549369257,2.165741330382413,0.5752278625736287,-0.068340234,高点,LONG,开多,ACTION
2025-08-23 00:00:00,115568.77,BEARISH_SINGULARITY,LONG_MODE,0.9649104102932008,0.8779068720239656,0.9268175501566248,-0.14684561,,LONG,开多,ACTION
2025-08-23 04:00:00,115799.47,BEARISH_SINGULARITY,LONG_MODE,0.8285408455879127,0.9754894283090476,1.2125810926356646,-0.217149298,,LONG,开多,ACTION
2025-08-23 08:00:00,115310.13,BEARISH_SINGULARITY,LONG_MODE,0.4985644792101938,0.4962666393018118,1.4427621705787668,-0.275433675,,LONG,开多,ACTION
2025-08-23 12:00:00,114812.87,BEARISH_SINGULARITY,LONG_MODE,1.1137451002913437,0.056896622,1.5877212929742175,-0.313017459,低点,LONG,开多,ACTION
2025-08-23 16:00:00,115133.91,BEARISH_SINGULARITY,LONG_MODE,0.4162443582562181,0.3045139210257884,1.6046830697486965,-0.320504798,,LONG,开多,ACTION
2025-08-23 20:00:00,115438.05,BEARISH_SINGULARITY,LONG_MODE,0.3946493228285967,0.5149647806521009,1.5274223807982203,-0.303531215,高点,LONG,开多,ACTION
2025-08-24 00:00:00,115036.0,BEARISH_SINGULARITY,LONG_MODE,0.8169413274942211,0.1491620488708169,1.4171949325607345,-0.273951723,,LONG,开多,ACTION
2025-08-24 04:00:00,114888.19,BEARISH_SINGULARITY,LONG_MODE,0.7001554125542437,0.018529324,1.280175098027036,-0.235591205,,LONG,开多,ACTION
2025-08-24 08:00:00,114730.22,BEARISH_SINGULARITY,LONG_MODE,0.8964646670920398,-0.107674396,1.139269864959213,-0.19501333,,LONG,开多,ACTION
2025-08-24 12:00:00,114400.0,BEARISH_SINGULARITY,LONG_MODE,1.051035614462017,-0.357685233,1.0192522022452877,-0.158851272,,LONG,开多,ACTION
2025-08-24 16:00:00,112600.0,BEARISH_SINGULARITY,LONG_MODE,2.8962509888814183,-1.745305004,0.9794101648156004,-0.138467135,低点,LONG,开多,ACTION
2025-08-24 20:00:00,113493.59,BEARISH_SINGULARITY,LONG_MODE,1.4380470235102416,-0.874404982,0.8821901327914369,-0.114528374,,LONG,开多,ACTION
2025-08-25 00:00:00,112916.84,BEARISH_SINGULARITY,LONG_MODE,0.8068319560739156,-1.248527212,0.8172971586939266,-0.099729402,,LONG,开多,ACTION
2025-08-25 04:00:00,111511.55,BEARISH_SINGULARITY,LONG_MODE,1.3062239963449849,-2.24687112,0.8016967615958734,-0.096340341,,LONG,开多,ACTION
2025-08-25 08:00:00,111214.97,BEARISH_SINGULARITY,LONG_MODE,1.2492562543830392,-2.27353833,0.7620401801966074,-0.093315902,,LONG,开多,ACTION
2025-08-25 12:00:00,112200.64,BEARISH_SINGULARITY,LONG_MODE,1.3624460161588137,-1.275083277,0.6609391580152648,-0.084267998,高点,LONG,开多,ACTION
2025-08-25 16:00:00,110716.13,BEARISH_SINGULARITY,LONG_MODE,0.906471959,-2.341215677,0.6142846639661592,-0.083364458,,LONG,开多,ACTION
2025-08-25 20:00:00,110111.98,BEARISH_SINGULARITY,LONG_MODE,2.187672884390929,-2.607527253,0.5609428581367973,-0.082151648,,LONG,开多,ACTION
2025-08-26 00:00:00,109879.56,BEARISH_SINGULARITY,LONG_MODE,1.2993817374062877,-2.552022422,0.4846749760223121,-0.077905282,低点,LONG,开多,ACTION
2025-08-26 04:00:00,110303.2,BEARISH_SINGULARITY,LONG_MODE,0.5991984065493355,-1.973134149,0.3730260532710244,-0.068863556,,LONG,开多,ACTION
2025-08-26 20:00:00,111763.22,OSCILLATION,NO_TRADE,0.7255420339035564,-0.140363354,-0.126149885,-0.014206893,高点,LONG,空仓(震荡),HOLD
2025-08-27 00:00:00,111418.15,BULLISH_SINGULARITY,SHORT_MODE,0.6392791728839068,-0.406122953,-0.377406648,0.029888342,,SHORT,开空,ACTION
2025-08-27 04:00:00,110725.18,BULLISH_SINGULARITY,SHORT_MODE,0.5261567965420816,-0.928786978,-0.488870085,0.062807507,低点,SHORT,开空,ACTION
2025-08-27 08:00:00,111322.07,BULLISH_SINGULARITY,SHORT_MODE,0.4662171027785079,-0.357262298,-0.435686124,0.076525069,,SHORT,开空,ACTION
2025-08-27 20:00:00,111262.01,OSCILLATION,NO_TRADE,0.7481286805715702,-0.419023243,0.1882723634003226,0.016726879,,SHORT,空仓(震荡),HOLD
2025-08-28 00:00:00,112000.01,BEARISH_SINGULARITY,LONG_MODE,0.3852799545579685,0.2184466446915304,0.425120726,-0.033073307,,LONG,开多,ACTION
2025-08-28 04:00:00,113114.11,BEARISH_SINGULARITY,LONG_MODE,0.817583265,1.0983325850712489,0.5769941844199195,-0.075712694,高点,LONG,开多,ACTION
2025-08-28 08:00:00,112909.18,BEARISH_SINGULARITY,LONG_MODE,0.4750126080402641,0.8272914234575367,0.6100033265702685,-0.107878538,,LONG,开多,ACTION
2025-08-28 12:00:00,112678.53,BEARISH_SINGULARITY,LONG_MODE,1.0509701468803228,0.5618162214638037,0.6199666327898934,-0.131311209,,LONG,开多,ACTION
2025-08-28 16:00:00,111901.36,BEARISH_SINGULARITY,LONG_MODE,0.6411084836338397,-0.119246289,0.5885869345919705,-0.14521652,,LONG,开多,ACTION
2025-08-28 20:00:00,112566.9,BEARISH_SINGULARITY,LONG_MODE,0.4135199790094058,0.4293871849204796,0.5175099800723081,-0.150363827,,LONG,开多,ACTION
2025-08-29 16:00:00,108212.01,OSCILLATION,NO_TRADE,0.9544664611055004,-2.575736121,-0.375919005,-0.004285346,低点,LONG,空仓(震荡),HOLD
2025-08-29 20:00:00,108377.4,BULLISH_SINGULARITY,SHORT_MODE,1.1358943829325332,-2.200793571,-0.519345795,0.042386301,,SHORT,开空,ACTION
2025-08-30 00:00:00,108436.2,BULLISH_SINGULARITY,SHORT_MODE,1.2300505987398176,-1.947169635,-0.620997869,0.086513447,,SHORT,开空,ACTION
2025-08-30 04:00:00,108524.26,BULLISH_SINGULARITY,SHORT_MODE,1.1437571543846348,-1.69269138,-0.677178801,0.1196821754601336,,SHORT,开空,ACTION
2025-08-30 08:00:00,108680.01,BULLISH_SINGULARITY,SHORT_MODE,0.5385779558990268,-1.405910065,-0.669621958,0.1402095949328787,,SHORT,开空,ACTION
2025-08-30 12:00:00,108869.98,BULLISH_SINGULARITY,SHORT_MODE,0.5885642363758226,-1.117399902,-0.667535753,0.145401167,高点,SHORT,开空,ACTION
2025-08-30 16:00:00,108828.33,BULLISH_SINGULARITY,SHORT_MODE,0.2634861872117263,-1.046358472,-0.6745287,0.139263894,,SHORT,开空,ACTION
2025-08-30 20:00:00,108816.33,BULLISH_SINGULARITY,SHORT_MODE,0.3177352509579297,-0.95754146,-0.690023379,0.1234412142753026,,SHORT,开空,ACTION
2025-08-31 00:00:00,109223.84,BULLISH_SINGULARITY,SHORT_MODE,0.7206988869860957,-0.531060768,-0.674153464,0.1044918461340289,高点,SHORT,开空,ACTION
2025-08-31 04:00:00,108708.26,BULLISH_SINGULARITY,SHORT_MODE,0.4974993314729847,-0.906162635,-0.664589578,0.084417833,,SHORT,开空,ACTION
2025-08-31 08:00:00,108389.76,BULLISH_SINGULARITY,SHORT_MODE,0.6668434354753796,-1.083776921,-0.537035293,0.063466738,低点,SHORT,开空,ACTION
2025-08-31 12:00:00,108818.69,BULLISH_SINGULARITY,SHORT_MODE,1.0244078469761382,-0.626812972,-0.361532149,0.036585045,,SHORT,开空,ACTION
2025-08-31 16:00:00,108930.0,OSCILLATION,NO_TRADE,0.5190840144753737,-0.475386802,-0.223513464,0.010220745,高点,SHORT,空仓(震荡),HOLD
2025-08-31 20:00:00,108246.35,OSCILLATION,NO_TRADE,0.5647501203015255,-0.996289195,-0.145518828,-0.014036307,低点,SHORT,空仓(震荡),HOLD
2025-09-01 12:00:00,108784.33,OSCILLATION,NO_TRADE,0.9466299085628728,-0.312098242,-0.334250039,-0.013298438,,SHORT,空仓(震荡),HOLD
2025-09-01 16:00:00,109217.64,OSCILLATION,NO_TRADE,0.6667709059605984,0.076879398,-0.405472376,0.002114269,,SHORT,空仓(震荡),HOLD
2025-09-01 20:00:00,109237.42,OSCILLATION,NO_TRADE,1.4388743514287827,0.085948177,-0.473714232,0.018542745,,SHORT,空仓(震荡),HOLD
2025-09-02 00:00:00,110322.18,BULLISH_SINGULARITY,SHORT_MODE,1.4923277651309663,0.9759865503915492,-0.504395381,0.030635924,高点,SHORT,开空,ACTION
2025-09-02 04:00:00,110233.92,BULLISH_SINGULARITY,SHORT_MODE,0.9440195664875176,0.8092562497844566,-0.52071396,0.042667572,,SHORT,开空,ACTION
2025-09-02 08:00:00,109733.34,BULLISH_SINGULARITY,SHORT_MODE,1.2131705730985065,0.3178941570357698,-0.464000571,0.044121167,低点,SHORT,开空,ACTION
2025-09-02 20:00:00,111240.01,OSCILLATION,NO_TRADE,0.692369452,1.3141115415745417,-0.038003586,0.01411472,高点,SHORT,空仓(震荡),HOLD
2025-09-03 00:00:00,111054.01,OSCILLATION,NO_TRADE,0.9613212279414344,1.0345605332022083,0.1075443643192074,-0.000660111,,SHORT,空仓(震荡),HOLD
2025-09-03 04:00:00,111099.88,OSCILLATION,NO_TRADE,0.6434622572335598,0.9727909200673256,0.244915276,-0.016785434,,SHORT,空仓(震荡),HOLD
2025-09-03 12:00:00,112222.74,BEARISH_SINGULARITY,LONG_MODE,1.420357788248189,1.6881099113734306,0.4126614456767331,-0.034197824,高点,LONG,开多,ACTION
2025-09-03 16:00:00,112193.74,BEARISH_SINGULARITY,LONG_MODE,0.7774210970317674,1.5011865554574395,0.4229221088423481,-0.032713744,,LONG,开多,ACTION
2025-09-03 20:00:00,111705.71,BEARISH_SINGULARITY,LONG_MODE,0.3881492455163882,0.9577805898184903,0.4916138912599515,-0.028086657,,LONG,开多,ACTION
2025-09-04 00:00:00,111148.97,BEARISH_SINGULARITY,LONG_MODE,0.6046358005979585,0.4111341300250389,0.6135450319471839,-0.031218798,,LONG,开多,ACTION
2025-09-04 04:00:00,110463.36,BEARISH_SINGULARITY,LONG_MODE,0.9153657794991216,-0.188445652,0.7725714818745884,-0.040579118,,LONG,开多,ACTION
2025-09-04 08:00:00,110810.0,BEARISH_SINGULARITY,LONG_MODE,0.5195106195374984,0.1128722876514683,0.9156161548144712,-0.057164286,,LONG,开多,ACTION
2025-09-04 12:00:00,109510.31,BEARISH_SINGULARITY,LONG_MODE,1.2658511858862884,-0.96124172,0.9709678580906872,-0.068477121,低点,LONG,开多,ACTION
2025-09-04 16:00:00,109799.99,BEARISH_SINGULARITY,LONG_MODE,0.8978365284025687,-0.633086677,1.0023477315365754,-0.07910106,,LONG,开多,ACTION
2025-09-04 20:00:00,110730.87,BEARISH_SINGULARITY,LONG_MODE,0.8463131209436908,0.1893670105250857,0.9577506340761792,-0.075789291,,LONG,开多,ACTION
2025-09-05 00:00:00,111311.77,BEARISH_SINGULARITY,LONG_MODE,0.7062758632570026,0.646433585,0.8178938861902962,-0.062401897,,LONG,开多,ACTION
2025-09-05 04:00:00,112954.32,BEARISH_SINGULARITY,LONG_MODE,1.461637902800368,1.924685590872036,0.6150884416309799,-0.043785791,高点,LONG,开多,ACTION
2025-09-05 08:00:00,112354.0,OSCILLATION,NO_TRADE,0.8430118824648704,1.2496261815658796,0.4045588393517467,-0.015138164,,LONG,空仓(震荡),HOLD
2025-09-05 12:00:00,110716.82,OSCILLATION,NO_TRADE,3.613217884009143,-0.204289472,0.3206184238860197,0.002559868,,LONG,空仓(震荡),HOLD
2025-09-05 16:00:00,111614.54,OSCILLATION,NO_TRADE,0.8028808952378277,0.5469567570060887,0.387234569,0.002997831,,LONG,空仓(震荡),HOLD
2025-09-05 20:00:00,110659.99,OSCILLATION,NO_TRADE,1.0098942366255668,-0.283221547,0.44791101,-0.002499275,低点,LONG,空仓(震荡),HOLD
2025-09-06 04:00:00,110825.6,BEARISH_SINGULARITY,LONG_MODE,0.2924329479686491,-0.129613788,0.6753725573005069,-0.037341714,,LONG,开多,ACTION
2025-09-06 08:00:00,110781.02,BEARISH_SINGULARITY,LONG_MODE,0.2739010339112355,-0.153641666,0.7691169237974358,-0.057096075,,LONG,开多,ACTION
2025-09-06 12:00:00,110384.15,BEARISH_SINGULARITY,LONG_MODE,0.3959197004013461,-0.462865039,0.7987782100722204,-0.076453902,,LONG,开多,ACTION
2025-09-06 16:00:00,110038.41,BEARISH_SINGULARITY,LONG_MODE,0.6235897639813041,-0.70137363,0.7653844551175243,-0.09046517,低点,LONG,开多,ACTION
2025-09-06 20:00:00,110187.97,BEARISH_SINGULARITY,LONG_MODE,0.293819385,-0.512743448,0.6608895870753241,-0.095325326,,LONG,开多,ACTION
2025-09-07 00:00:00,110629.15,BEARISH_SINGULARITY,LONG_MODE,0.4663016649251086,-0.103523169,0.4664956719057319,-0.088454518,,LONG,开多,ACTION
2025-09-07 12:00:00,111329.99,OSCILLATION,NO_TRADE,0.4307621167242868,0.4351625538272183,-0.288604153,-0.012424641,高点,LONG,空仓(震荡),HOLD
2025-09-07 16:00:00,111259.99,OSCILLATION,NO_TRADE,0.4876118254795937,0.3364638017806783,-0.466289822,0.013381366,,LONG,空仓(震荡),HOLD
2025-09-07 20:00:00,111137.34,BULLISH_SINGULARITY,SHORT_MODE,0.4768444713210623,0.2043015985945931,-0.570164875,0.031621944,,SHORT,开空,ACTION
2025-09-08 00:00:00,111052.11,BULLISH_SINGULARITY,SHORT_MODE,0.9462725283319072,0.1153033597798491,-0.594495652,0.041910813,低点,SHORT,开空,ACTION
2025-09-08 04:00:00,111280.39,BULLISH_SINGULARITY,SHORT_MODE,0.7535990928123307,0.2904316180976915,-0.516491429,0.045350841,,SHORT,开空,ACTION
2025-09-08 08:00:00,112052.43,BULLISH_SINGULARITY,SHORT_MODE,1.4982310762518352,0.891462029,-0.499950993,0.038563244,,SHORT,开空,ACTION
2025-09-08 12:00:00,112631.75,BULLISH_SINGULARITY,SHORT_MODE,1.681659998679231,1.2767817086824036,-0.52264909,0.035380593,高点,SHORT,开空,ACTION
2025-09-08 16:00:00,112097.31,BULLISH_SINGULARITY,SHORT_MODE,0.9442892785149064,0.7198448100239001,-0.579691599,0.036211675,,SHORT,开空,ACTION
2025-09-08 20:00:00,112065.23,BULLISH_SINGULARITY,SHORT_MODE,0.8366734,0.6247981172101297,-0.583688939,0.039569011,,SHORT,开空,ACTION
2025-09-09 00:00:00,111708.0,BULLISH_SINGULARITY,SHORT_MODE,1.5571521161483448,0.2750012380802761,-0.588157018,0.044257435,低点,SHORT,开空,ACTION
2025-09-09 04:00:00,112991.11,BULLISH_SINGULARITY,SHORT_MODE,2.1323127087582527,1.2891521649922688,-0.564660308,0.050152504,高点,SHORT,开空,ACTION
2025-09-09 08:00:00,112433.59,BULLISH_SINGULARITY,SHORT_MODE,1.3061449409410406,0.7136570989633144,-0.551101864,0.061189191,,SHORT,开空,ACTION
2025-09-09 12:00:00,110880.76,BULLISH_SINGULARITY,SHORT_MODE,2.888088006725402,-0.61319793,-0.492662818,0.066092968,低点,SHORT,开空,ACTION
2025-09-09 16:00:00,111301.53,BULLISH_SINGULARITY,SHORT_MODE,1.2558857555327798,-0.213612699,-0.382301168,0.062842435,,SHORT,开空,ACTION
2025-09-11 04:00:00,114083.58,OSCILLATION,NO_TRADE,0.8137197408781234,1.3123113003164404,-0.062333138,0.014891443,,SHORT,空仓(震荡),HOLD
2025-09-11 08:00:00,113999.99,OSCILLATION,NO_TRADE,0.6323459420062114,1.11884738,0.00857843,-0.012760096,,SHORT,空仓(震荡),HOLD
2025-09-12 20:00:00,116029.42,OSCILLATION,NO_TRADE,0.8438159030817044,1.5105457756564442,-0.452534358,-0.005292771,高点,SHORT,空仓(震荡),HOLD
2025-09-13 00:00:00,115957.0,BULLISH_SINGULARITY,SHORT_MODE,0.89242691,1.3075581814193478,-0.571423693,0.024772714,,SHORT,开空,ACTION
2025-09-13 04:00:00,115778.71,BULLISH_SINGULARITY,SHORT_MODE,0.4262905693784213,1.040956077661537,-0.642571742,0.050435215,,SHORT,开空,ACTION
2025-09-13 08:00:00,115974.11,BULLISH_SINGULARITY,SHORT_MODE,0.4975662848722725,1.0948405696898211,-0.673801528,0.070882154,高点,SHORT,开空,ACTION
2025-09-13 12:00:00,115768.68,BULLISH_SINGULARITY,SHORT_MODE,0.568754823,0.8278289780013954,-0.662722397,0.087941842,低点,SHORT,开空,ACTION
2025-09-13 16:00:00,115797.12,BULLISH_SINGULARITY,SHORT_MODE,0.6722445669006868,0.7707728434888934,-0.548883544,0.098247627,,SHORT,开空,ACTION
2025-09-13 20:00:00,115918.29,BULLISH_SINGULARITY,SHORT_MODE,0.3671873554312763,0.7921088211607067,-0.396073201,0.099761065,,SHORT,开空,ACTION
2025-09-17 08:00:00,116258.13,OSCILLATION,NO_TRADE,0.925528475,0.3241969582681166,-0.13201881,0.004944907,,SHORT,空仓(震荡),HOLD
2025-09-18 16:00:00,117450.21,LOW_OSCILLATION,LONG_MODE,0.8361055147219159,0.8294793318271914,-0.744095242,0.00229098,高点,LONG,开多,ACTION
2025-09-18 20:00:00,117073.53,BULLISH_SINGULARITY,SHORT_MODE,0.6529802063964203,0.4576834170294723,-0.92558794,0.030791024,,SHORT,开空,ACTION
2025-09-19 00:00:00,116977.58,BULLISH_SINGULARITY,SHORT_MODE,0.6380706630574847,0.3394821755861466,-1.029625249,0.058001318,,SHORT,开空,ACTION
2025-09-19 04:00:00,116909.97,BULLISH_SINGULARITY,SHORT_MODE,0.7289035824244772,0.254611871,-1.032276495,0.083507985,,SHORT,开空,ACTION
2025-09-19 08:00:00,116394.72,BULLISH_SINGULARITY,SHORT_MODE,0.5842007910564682,-0.169432413,-1.013481732,0.098583683,,SHORT,开空,ACTION
2025-09-19 12:00:00,115884.03,BULLISH_SINGULARITY,SHORT_MODE,1.2265204390978877,-0.549912164,-0.910434495,0.1041085864983177,,SHORT,开空,ACTION
2025-09-19 16:00:00,115125.12,BULLISH_SINGULARITY,SHORT_MODE,0.6513305603654788,-1.088043213,-0.772570866,0.098967297,低点,SHORT,开空,ACTION
2025-09-19 20:00:00,115632.38,BULLISH_SINGULARITY,SHORT_MODE,0.3905267074593596,-0.590471536,-0.580003196,0.084864449,,SHORT,开空,ACTION
2025-09-20 00:00:00,115445.0,BULLISH_SINGULARITY,SHORT_MODE,0.3643659414484349,-0.680472386,-0.474755233,0.074635705,,SHORT,开空,ACTION
2025-09-20 04:00:00,115968.56,BULLISH_SINGULARITY,SHORT_MODE,0.3906684285135758,-0.208180447,-0.420528467,0.06198185,,SHORT,开空,ACTION
2025-09-20 08:00:00,115894.06,BULLISH_SINGULARITY,SHORT_MODE,0.4172236173545329,-0.246419945,-0.521042231,0.055762708,,SHORT,开空,ACTION
2025-09-20 12:00:00,115986.69,BULLISH_SINGULARITY,SHORT_MODE,0.4602568676654739,-0.150839121,-0.677411422,0.055896325,高点,SHORT,开空,ACTION
2025-09-20 16:00:00,115702.0,BULLISH_SINGULARITY,SHORT_MODE,0.50446407,-0.358347968,-0.861647236,0.065550861,,SHORT,开空,ACTION
2025-09-20 20:00:00,115685.63,BULLISH_SINGULARITY,SHORT_MODE,0.4009507412673723,-0.337094237,-1.007143874,0.078641142,,SHORT,开空,ACTION
2025-09-21 00:00:00,115669.41,BULLISH_SINGULARITY,SHORT_MODE,0.6424170944329632,-0.317738944,-1.108519833,0.09530128,,SHORT,开空,ACTION
2025-09-21 04:00:00,115815.97,BULLISH_SINGULARITY,SHORT_MODE,0.5966227853286702,-0.173235231,-1.168729043,0.1076480962902882,高点,SHORT,开空,ACTION
2025-09-21 08:00:00,115603.45,BULLISH_SINGULARITY,SHORT_MODE,0.6357014781627034,-0.322580535,-1.134883401,0.1219642257576847,,SHORT,开空,ACTION
2025-09-21 12:00:00,115531.61,BULLISH_SINGULARITY,SHORT_MODE,0.5680222694109844,-0.34802971,-0.985699175,0.1231190556132652,,SHORT,开空,ACTION
2025-09-21 16:00:00,115480.05,BULLISH_SINGULARITY,SHORT_MODE,0.6718564819010923,-0.355254441,-0.785071502,0.1114042973207993,,SHORT,开空,ACTION
2025-09-21 20:00:00,115232.29,BULLISH_SINGULARITY,SHORT_MODE,0.510919113,-0.515125001,-0.568116645,0.092081444,,SHORT,开空,ACTION
2025-09-22 00:00:00,114649.89,BULLISH_SINGULARITY,SHORT_MODE,2.720522422999454,-0.921882882,-0.414954191,0.065143861,,SHORT,开空,ACTION
2025-09-22 12:00:00,112815.5,OSCILLATION,NO_TRADE,2.0677606388937946,-1.853866734,-0.022389056,0.010957569,,SHORT,空仓(震荡),HOLD
2025-09-22 16:00:00,112122.9,OSCILLATION,NO_TRADE,1.6289635615146874,-2.22767603,-0.030529794,0.012210381,低点,SHORT,空仓(震荡),HOLD
2025-09-22 20:00:00,112650.99,OSCILLATION,NO_TRADE,0.816963911,-1.601569103,-0.074120397,0.014426183,,SHORT,空仓(震荡),HOLD
2025-09-23 08:00:00,112975.99,BULLISH_SINGULARITY,SHORT_MODE,1.0089783330540525,-0.944760467,-0.39203277,0.046539844,高点,SHORT,开空,ACTION
2025-09-23 12:00:00,112882.19,BULLISH_SINGULARITY,SHORT_MODE,1.0489449086748217,-0.93010252,-0.454778021,0.054793513,,SHORT,开空,ACTION
2025-09-23 16:00:00,111655.29,BULLISH_SINGULARITY,SHORT_MODE,1.2354167920151993,-1.819224534,-0.467732076,0.056394146,低点,SHORT,开空,ACTION
2025-09-23 20:00:00,111998.8,BULLISH_SINGULARITY,SHORT_MODE,0.6336681073442904,-1.374663159,-0.402133297,0.046775731,,SHORT,开空,ACTION
2025-09-24 12:00:00,113346.41,OSCILLATION,NO_TRADE,1.1088233476032336,0.053911756,-0.236348703,0.019122287,,SHORT,空仓(震荡),HOLD
2025-09-24 16:00:00,113420.01,OSCILLATION,NO_TRADE,0.5701617640986058,0.1075463235240209,-0.192203296,0.017336952,高点,SHORT,空仓(震荡),HOLD
2025-09-24 20:00:00,113307.0,OSCILLATION,NO_TRADE,0.5105047385958748,0.00705769,-0.109572426,0.013636151,,SHORT,空仓(震荡),HOLD
2025-09-25 00:00:00,112546.21,OSCILLATION,NO_TRADE,1.2435187607406708,-0.601532505,0.011121088,0.005764864,,SHORT,空仓(震荡),HOLD
2025-09-25 04:00:00,111766.72,OSCILLATION,NO_TRADE,1.1394473566140793,-1.16854392,0.1587724740651353,-0.008806618,,SHORT,空仓(震荡),HOLD
2025-09-25 12:00:00,111580.77,BEARISH_SINGULARITY,LONG_MODE,1.9693185870677123,-1.076221234,0.4059379795181171,-0.039630951,,LONG,开多,ACTION
2025-09-25 16:00:00,109360.0,BEARISH_SINGULARITY,LONG_MODE,2.396064240912296,-2.763087033,0.4615645605911289,-0.048110291,,LONG,开多,ACTION
2025-09-25 20:00:00,108994.49,BEARISH_SINGULARITY,LONG_MODE,0.8406212402499301,-2.802217159,0.5396007818039177,-0.05855174,低点,LONG,开多,ACTION
2025-09-26 00:00:00,109580.01,BEARISH_SINGULARITY,LONG_MODE,0.9379071356260548,-2.067409159,0.5048503110150431,-0.062429701,高点,LONG,开多,ACTION
2025-09-26 04:00:00,109320.02,BEARISH_SINGULARITY,LONG_MODE,1.191828774249875,-2.085306604,0.3868373516747267,-0.054331631,,LONG,开多,ACTION
2025-09-26 16:00:00,109172.2,OSCILLATION,NO_TRADE,0.7963718266804782,-1.63830672,0.059947363,-0.009818452,低点,LONG,空仓(震荡),HOLD
2025-09-26 20:00:00,109643.46,OSCILLATION,NO_TRADE,0.3314425460487944,-1.099391252,-0.022741245,0.003730937,高点,LONG,空仓(震荡),HOLD
2025-09-27 00:00:00,109553.77,OSCILLATION,NO_TRADE,0.415617139,-1.069086288,-0.100574789,0.013341534,,LONG,空仓(震荡),HOLD
2025-09-27 04:00:00,109411.2,OSCILLATION,NO_TRADE,0.3650409767352044,-1.084990529,-0.118771548,0.017887139,,LONG,空仓(震荡),HOLD
2025-09-27 08:00:00,109310.21,OSCILLATION,NO_TRADE,0.5615855078118447,-1.065457993,-0.116537265,0.013173578,低点,LONG,空仓(震荡),HOLD
2025-09-27 12:00:00,109402.24,OSCILLATION,NO_TRADE,0.4947093280160473,-0.889456049,-0.078867171,0.005493187,,LONG,空仓(震荡),HOLD
2025-09-27 16:00:00,109424.2,OSCILLATION,NO_TRADE,0.2592960562586834,-0.787398543,-0.030273984,-0.005032743,,LONG,空仓(震荡),HOLD
2025-09-27 20:00:00,109635.85,OSCILLATION,NO_TRADE,0.2082350927001208,-0.539091435,0.018069763,-0.017032932,,LONG,空仓(震荡),HOLD
2025-09-29 08:00:00,112100.0,BEARISH_SINGULARITY,LONG_MODE,1.3621454891352491,1.2689325061637795,0.3882324472848067,-0.036449271,,LONG,开多,ACTION
2025-09-29 12:00:00,113815.57,BEARISH_SINGULARITY,LONG_MODE,3.0485202637188324,2.543464809475803,0.4835409556775858,-0.044801766,,LONG,开多,ACTION
2025-09-29 16:00:00,114265.55,BEARISH_SINGULARITY,LONG_MODE,1.6330018236225865,2.660561794171433,0.5455670499158408,-0.046740474,,LONG,开多,ACTION
2025-09-29 20:00:00,114311.96,BEARISH_SINGULARITY,LONG_MODE,0.954491533,2.4386243930813967,0.6448678605747943,-0.053243038,,LONG,开多,ACTION
2025-09-30 00:00:00,114376.39,BEARISH_SINGULARITY,LONG_MODE,1.5622726100430362,2.253256319309817,0.7896974645012426,-0.065330666,高点,LONG,开多,ACTION
2025-09-30 04:00:00,113699.23,BEARISH_SINGULARITY,LONG_MODE,1.3930374742413103,1.4885944846419727,0.9465351554662738,-0.08143995,,LONG,开多,ACTION
2025-09-30 08:00:00,113055.01,BEARISH_SINGULARITY,LONG_MODE,1.6287028316353922,0.8258357279552061,1.1312299800976773,-0.101074851,低点,LONG,开多,ACTION
2025-09-30 12:00:00,113106.16,BEARISH_SINGULARITY,LONG_MODE,1.5284525719064228,0.7878034774445656,1.3070235135414476,-0.120894701,,LONG,开多,ACTION
2025-09-30 16:00:00,114359.99,BEARISH_SINGULARITY,LONG_MODE,1.3226652530434286,1.720521478279649,1.4176301201576478,-0.134511458,高点,LONG,开多,ACTION
2025-09-30 20:00:00,114048.93,BEARISH_SINGULARITY,LONG_MODE,1.0096637392635288,1.3045384113659209,1.420421352419989,-0.134870072,,LONG,开多,ACTION
2025-10-01 00:00:00,114176.92,BEARISH_SINGULARITY,LONG_MODE,1.005623672,1.2814262044638058,1.3981802130971814,-0.132145525,,LONG,开多,ACTION
2025-10-01 04:00:00,114539.02,BEARISH_SINGULARITY,LONG_MODE,0.9469262567596732,1.447788351170229,1.3337389948439795,-0.124041303,,LONG,开多,ACTION
2025-10-01 08:00:00,116789.58,BEARISH_SINGULARITY,LONG_MODE,2.2412637385032337,3.103224857309015,1.2432699647979617,-0.110237642,,LONG,开多,ACTION
2025-10-01 12:00:00,117423.73,BEARISH_SINGULARITY,LONG_MODE,1.7890298226649457,3.302675326543381,1.0665806788532513,-0.088755498,,LONG,开多,ACTION
2025-10-01 16:00:00,117439.53,BEARISH_SINGULARITY,LONG_MODE,1.4268999300460412,2.9912626202935244,0.9213777941936632,-0.070144232,,LONG,开多,ACTION
2025-10-01 20:00:00,118594.99,BEARISH_SINGULARITY,LONG_MODE,0.8969065053352752,3.609416068955319,0.8350401681434115,-0.060398706,,LONG,开多,ACTION
2025-10-02 00:00:00,118733.99,BEARISH_SINGULARITY,LONG_MODE,1.4556526703061958,3.363581430149296,0.758034165,-0.055216729,,LONG,开多,ACTION
2025-10-02 04:00:00,118489.76,BEARISH_SINGULARITY,LONG_MODE,0.6264832229402423,2.8423457976991173,0.7421820649532164,-0.056198138,低点,LONG,开多,ACTION
2025-10-02 08:00:00,118765.73,BEARISH_SINGULARITY,LONG_MODE,0.5238269893064658,2.780200170005313,0.7787053326831479,-0.063765136,,LONG,开多,ACTION
2025-10-02 12:00:00,119910.78,BEARISH_SINGULARITY,LONG_MODE,1.728187507,3.399764054661556,0.8188377680495513,-0.07406964,,LONG,开多,ACTION
2025-10-02 16:00:00,120836.49,BEARISH_SINGULARITY,LONG_MODE,1.5769228133114217,3.7830736598385326,0.8276487727060601,-0.081075123,高点,LONG,开多,ACTION
2025-10-02 20:00:00,120529.35,BEARISH_SINGULARITY,LONG_MODE,0.7742020968685157,3.173473711,0.81557094,-0.084710306,,LONG,开多,ACTION
2025-10-03 00:00:00,120225.89,BEARISH_SINGULARITY,LONG_MODE,0.7752788697193159,2.6289196226364537,0.80620496,-0.088555945,,LONG,开多,ACTION
2025-10-03 04:00:00,119640.21,BEARISH_SINGULARITY,LONG_MODE,0.773482447,1.922307162467383,0.7944862382611341,-0.089035688,低点,LONG,开多,ACTION
2025-10-03 08:00:00,120334.5,BEARISH_SINGULARITY,LONG_MODE,1.1502998488343943,2.2689381381843785,0.770006404,-0.087800495,,LONG,开多,ACTION
2025-10-03 12:00:00,122258.05,BEARISH_SINGULARITY,LONG_MODE,1.5676431566364253,3.5188453753540814,0.6906620363647622,-0.080717177,,LONG,开多,ACTION
2025-10-03 16:00:00,122660.99,BEARISH_SINGULARITY,LONG_MODE,2.720007810795217,3.479611243593237,0.5514164174918461,-0.064907801,高点,LONG,开多,ACTION
2025-10-03 20:00:00,122232.0,BEARISH_SINGULARITY,LONG_MODE,0.4487472114253196,2.8124303645573185,0.4194355133356947,-0.047209908,,LONG,开多,ACTION
2025-10-04 04:00:00,122324.08,OSCILLATION,NO_TRADE,0.4533318186545664,2.359213427,0.2269517151526755,-0.019297722,,LONG,空仓(震荡),HOLD
2025-10-04 08:00:00,121973.26,OSCILLATION,NO_TRADE,0.3837882504489875,1.865253543028218,0.17737974,-0.009101982,,LONG,空仓(震荡),HOLD
2025-10-04 12:00:00,121791.31,OSCILLATION,NO_TRADE,0.4464669591498293,1.547602483066689,0.1677596147333371,-0.003815075,低点,LONG,空仓(震荡),HOLD
2025-10-04 16:00:00,121959.25,OSCILLATION,NO_TRADE,0.4669951709549891,1.524451424806195,0.1756349793554783,-0.003289433,,LONG,空仓(震荡),HOLD
2025-10-04 20:00:00,122391.0,OSCILLATION,NO_TRADE,0.2704665053423146,1.701392069226518,0.1750330689567989,-0.005347199,,LONG,空仓(震荡),HOLD
2025-10-05 00:00:00,123776.22,OSCILLATION,NO_TRADE,1.4406456119510238,2.573793653728224,0.1666044122185861,-0.006573017,,LONG,空仓(震荡),HOLD
2025-10-05 04:00:00,124713.63,OSCILLATION,NO_TRADE,2.3173615880009613,3.021878123769868,0.1334952614213388,-0.005538498,高点,LONG,空仓(震荡),HOLD
2025-10-05 08:00:00,123464.64,OSCILLATION,NO_TRADE,1.4002070925128438,1.797185741285653,0.083834573,-0.00382538,,LONG,空仓(震荡),HOLD
2025-10-05 12:00:00,122803.17,OSCILLATION,NO_TRADE,0.6967672597738956,1.131232817964615,0.055260765,-0.004240954,,LONG,空仓(震荡),HOLD
2025-10-05 16:00:00,122591.79,OSCILLATION,NO_TRADE,0.7339238342870849,0.8652100590202574,0.026784435,-0.004040986,低点,LONG,空仓(震荡),HOLD
2025-10-05 20:00:00,123482.31,OSCILLATION,NO_TRADE,0.4610279137874591,1.4435275460867665,-0.017580204,-0.001933216,,LONG,空仓(震荡),HOLD
2025-10-06 00:00:00,123839.09,OSCILLATION,NO_TRADE,1.0169755936496172,1.5686426290161783,-0.095361322,0.004091582,,LONG,空仓(震荡),HOLD
2025-10-06 04:00:00,123390.47,OSCILLATION,NO_TRADE,0.744024892,1.0851064521109022,-0.181749297,0.012261615,低点,LONG,空仓(震荡),HOLD
2025-10-06 08:00:00,124215.0,OSCILLATION,NO_TRADE,0.9239220199335616,1.5902444387512076,-0.254660374,0.019968848,,LONG,空仓(震荡),HOLD
2025-10-06 16:00:00,125410.81,BULLISH_SINGULARITY,SHORT_MODE,1.4884326734496307,2.1220310655648333,-0.390677685,0.035928778,高点,SHORT,开空,ACTION
2025-10-06 20:00:00,124658.54,BULLISH_SINGULARITY,SHORT_MODE,0.7248137989961472,1.363739209093396,-0.437789108,0.040986283,,SHORT,开空,ACTION
2025-10-07 00:00:00,124329.74,BULLISH_SINGULARITY,SHORT_MODE,0.6686714772110123,0.9909296880156406,-0.45986687,0.041719382,,SHORT,开空,ACTION
2025-10-07 04:00:00,123667.99,BULLISH_SINGULARITY,SHORT_MODE,0.9097686839223856,0.410043286,-0.471241692,0.041122091,,SHORT,开空,ACTION
2025-10-07 08:00:00,124453.38,BULLISH_SINGULARITY,SHORT_MODE,0.8940515484116474,0.9469983873452312,-0.478593248,0.039965076,高点,SHORT,开空,ACTION
2025-10-07 12:00:00,121846.01,BULLISH_SINGULARITY,SHORT_MODE,2.431747306690877,-1.057847493,-0.507004745,0.042520546,,SHORT,开空,ACTION
2025-10-07 16:00:00,121637.17,BULLISH_SINGULARITY,SHORT_MODE,1.7623689932981763,-1.111832562,-0.505776674,0.04273084,,SHORT,开空,ACTION
2025-10-07 20:00:00,121332.95,BULLISH_SINGULARITY,SHORT_MODE,0.5729369045228989,-1.23130668,-0.535466072,0.047500433,低点,SHORT,开空,ACTION
2025-10-08 00:00:00,121374.75,BULLISH_SINGULARITY,SHORT_MODE,0.725324812,-1.084490136,-0.597986028,0.056653737,,SHORT,开空,ACTION
2025-10-08 04:00:00,121597.06,BULLISH_SINGULARITY,SHORT_MODE,0.7826769111610912,-0.817990058,-0.691180582,0.07043968,,SHORT,开空,ACTION
2025-10-08 08:00:00,122884.14,BULLISH_SINGULARITY,SHORT_MODE,1.010804880083144,0.2097057577361085,-0.808628571,0.086928513,,SHORT,开空,ACTION
2025-10-08 12:00:00,122189.72,BULLISH_SINGULARITY,SHORT_MODE,1.0628651665983582,-0.322730229,-0.955811946,0.1054539530519329,,SHORT,开空,ACTION
2025-10-08 16:00:00,123450.0,BULLISH_SINGULARITY,SHORT_MODE,1.2084384978097278,0.6377486072358924,-1.070423782,0.1181824127412983,高点,SHORT,开空,ACTION
2025-10-08 20:00:00,123306.0,BULLISH_SINGULARITY,SHORT_MODE,0.4382697702109335,0.4705671459445507,-1.182053698,0.1280757260986059,,SHORT,开空,ACTION
2025-10-09 00:00:00,122038.01,BULLISH_SINGULARITY,SHORT_MODE,0.7496409177858124,-0.509291684,-1.211819867,0.1302992337869932,,SHORT,开空,ACTION
2025-10-09 04:00:00,121906.1,BULLISH_SINGULARITY,SHORT_MODE,0.4687808666094385,-0.558412754,-1.177529809,0.1194343633220897,,SHORT,开空,ACTION
2025-10-09 08:00:00,122737.57,BULLISH_SINGULARITY,SHORT_MODE,0.8735394094876858,0.1084109429318103,-1.126503661,0.1022262412636256,高点,SHORT,开空,ACTION
2025-10-09 12:00:00,121147.14,BULLISH_SINGULARITY,SHORT_MODE,1.991793342497357,-1.076791976,-1.083850225,0.085227382,,SHORT,开空,ACTION
2025-10-09 16:00:00,120951.72,BULLISH_SINGULARITY,SHORT_MODE,1.7808844445239271,-1.119932852,-1.027349638,0.064472581,低点,SHORT,开空,ACTION
2025-10-09 20:00:00,121662.4,BULLISH_SINGULARITY,SHORT_MODE,0.7029685281033357,-0.487862779,-1.006454235,0.050801425,高点,SHORT,开空,ACTION
2025-10-10 00:00:00,121026.01,BULLISH_SINGULARITY,SHORT_MODE,0.649500634,-0.913229436,-1.06642681,0.048676451,,SHORT,开空,ACTION
2025-10-10 04:00:00,120932.05,BULLISH_SINGULARITY,SHORT_MODE,0.7913243256902585,-0.896701606,-1.150533325,0.056367174,,SHORT,开空,ACTION
2025-10-10 08:00:00,121554.55,BULLISH_SINGULARITY,SHORT_MODE,0.4807111226382789,-0.349878562,-1.259380939,0.074242897,高点,SHORT,开空,ACTION
2025-10-10 12:00:00,119018.98,BULLISH_SINGULARITY,SHORT_MODE,2.220587500178642,-2.202337558,-1.36508711,0.1015107488727116,,SHORT,开空,ACTION
2025-10-10 16:00:00,116661.5,BULLISH_SINGULARITY,SHORT_MODE,2.225770172359241,-3.760062112,-1.373680971,0.1212508034475714,,SHORT,开空,ACTION
2025-10-10 20:00:00,112774.5,BULLISH_SINGULARITY,SHORT_MODE,7.564454920395598,-6.345254104,-1.293266126,0.133120237,,SHORT,开空,ACTION
2025-10-11 00:00:00,112300.01,BULLISH_SINGULARITY,SHORT_MODE,1.985954647165604,-6.13684983,-1.119613827,0.1298791320923117,,SHORT,开空,ACTION
2025-10-11 04:00:00,110384.61,BULLISH_SINGULARITY,SHORT_MODE,1.176536082615425,-7.052831248,-0.97951604,0.1244645073790988,低点,SHORT,开空,ACTION
2025-10-11 08:00:00,112280.0,BULLISH_SINGULARITY,SHORT_MODE,0.9490983771030372,-4.962947658,-0.846765629,0.1137433210108438,,SHORT,开空,ACTION
2025-10-11 12:00:00,111793.2,BULLISH_SINGULARITY,SHORT_MODE,0.5845425843928906,-4.888107977,-0.814689498,0.1098835188184194,,SHORT,开空,ACTION
2025-10-11 16:00:00,111178.31,BULLISH_SINGULARITY,SHORT_MODE,0.4994960738710856,-4.921251875,-0.796586483,0.1046848173917238,,SHORT,开空,ACTION
2025-10-11 20:00:00,110644.4,BULLISH_SINGULARITY,SHORT_MODE,0.636878998,-4.89072035,-0.780148348,0.098894859,低点,SHORT,开空,ACTION
2025-10-12 00:00:00,110676.0,BULLISH_SINGULARITY,SHORT_MODE,0.7517249172673295,-4.420838397,-0.76137749,0.092726141,,SHORT,开空,ACTION
2025-10-12 04:00:00,111525.2,BULLISH_SINGULARITY,SHORT_MODE,0.4244549640511518,-3.348044043,-0.746996654,0.086881661,,SHORT,开空,ACTION
2025-10-12 08:00:00,111848.36,BULLISH_SINGULARITY,SHORT_MODE,0.4351508726136527,-2.783926984,-0.746930066,0.081957497,,SHORT,开空,ACTION
2025-10-12 12:00:00,113198.2,BULLISH_SINGULARITY,SHORT_MODE,1.3191831453181384,-1.459517594,-0.725870892,0.078406463,,SHORT,开空,ACTION
2025-10-12 16:00:00,114342.28,BULLISH_SINGULARITY,SHORT_MODE,0.9431674584410836,-0.419615968,-0.693044977,0.074422502,,SHORT,开空,ACTION
2025-10-12 20:00:00,114958.8,BULLISH_SINGULARITY,SHORT_MODE,0.8933645906755225,0.1061254376625061,-0.642071521,0.067808184,,SHORT,开空,ACTION
2025-10-13 00:00:00,114821.12,BULLISH_SINGULARITY,SHORT_MODE,0.5960744735979285,-0.012455395,-0.560083937,0.058239034,,SHORT,开空,ACTION
2025-10-13 04:00:00,115399.67,BULLISH_SINGULARITY,SHORT_MODE,0.492986568,0.4443491445224154,-0.440890273,0.044680101,,SHORT,开空,ACTION
2025-10-13 12:00:00,114312.1,OSCILLATION,NO_TRADE,0.7645434662320792,-0.401658558,-0.141207981,0.009692102,,SHORT,空仓(震荡),HOLD
2025-10-13 16:00:00,115792.84,OSCILLATION,NO_TRADE,0.4593279401818875,0.8031895492231926,0.006198056,-0.009039085,高点,SHORT,空仓(震荡),HOLD
2025-10-14 08:00:00,111313.98,BEARISH_SINGULARITY,LONG_MODE,1.1267612355125112,-2.505391613,0.3693179652819656,-0.05491968,低点,LONG,开多,ACTION
2025-10-14 12:00:00,112900.43,BEARISH_SINGULARITY,LONG_MODE,1.5324600014298515,-1.010694032,0.3891912048094917,-0.0560942,,LONG,开多,ACTION
2025-10-14 16:00:00,112613.7,BEARISH_SINGULARITY,LONG_MODE,1.5604890114646752,-1.143269089,0.3517483674698205,-0.049494507,,LONG,开多,ACTION
2025-10-15 04:00:00,112584.5,OSCILLATION,NO_TRADE,0.7351081662723918,-0.856412939,0.2311975600001379,-0.01681338,,LONG,空仓(震荡),HOLD
2025-10-15 08:00:00,111905.73,OSCILLATION,NO_TRADE,0.7992390978763306,-1.317482215,0.2255034387778418,-0.008499121,,LONG,空仓(震荡),HOLD
2025-10-15 12:00:00,110798.01,OSCILLATION,NO_TRADE,1.3669787593038742,-2.080349744,0.2613389385876997,-0.005383576,,LONG,空仓(震荡),HOLD
2025-10-15 16:00:00,111271.73,OSCILLATION,NO_TRADE,0.6845568670096801,-1.505818249,0.3224437235277709,-0.009148142,,LONG,空仓(震荡),HOLD
2025-10-15 20:00:00,110763.28,OSCILLATION,NO_TRADE,0.5337401703158565,-1.772909958,0.3946039514398194,-0.014883984,,LONG,空仓(震荡),HOLD
2025-10-16 00:00:00,111329.48,BEARISH_SINGULARITY,LONG_MODE,0.6285609449878707,-1.15115785,0.4882893940587329,-0.024293145,,LONG,开多,ACTION
2025-10-16 04:00:00,110584.2,BEARISH_SINGULARITY,LONG_MODE,0.7442672541105334,-1.643068788,0.5812725142867247,-0.035076215,,LONG,开多,ACTION
2025-10-16 08:00:00,111404.72,BEARISH_SINGULARITY,LONG_MODE,1.2519072423131905,-0.827014386,0.6636048957447869,-0.048708736,高点,LONG,开多,ACTION
2025-10-16 12:00:00,108549.21,BEARISH_SINGULARITY,LONG_MODE,1.8503868433506048,-3.05795662,0.7098983739396124,-0.059605798,,LONG,开多,ACTION
2025-10-16 16:00:00,108197.66,BEARISH_SINGULARITY,LONG_MODE,1.7773268113938387,-3.060609263,0.7614065754335562,-0.071252742,,LONG,开多,ACTION
2025-10-16 20:00:00,108194.28,BEARISH_SINGULARITY,LONG_MODE,0.5031505085765907,-2.779973828,0.7691370742308379,-0.077500105,,LONG,开多,ACTION
2025-10-17 00:00:00,109176.74,BEARISH_SINGULARITY,LONG_MODE,0.5454268128901983,-1.719590274,0.7439557724201341,-0.077428337,高点,LONG,开多,ACTION
2025-10-17 04:00:00,105633.75,BEARISH_SINGULARITY,LONG_MODE,1.685740458102449,-4.462314866,0.6929519530737761,-0.071241643,低点,LONG,开多,ACTION
2025-10-17 08:00:00,105683.72,BEARISH_SINGULARITY,LONG_MODE,2.6340680275935764,-4.013325819,0.6793922902408688,-0.0673595,,LONG,开多,ACTION
2025-10-17 12:00:00,106803.53,BEARISH_SINGULARITY,LONG_MODE,1.4645416646776606,-2.718663795,0.6314275634713848,-0.06060798,高点,LONG,开多,ACTION
2025-10-17 16:00:00,106454.72,BEARISH_SINGULARITY,LONG_MODE,0.7403591429583637,-2.755163982,0.5681624670156491,-0.0500006,,LONG,开多,ACTION
2025-10-17 20:00:00,106431.68,BEARISH_SINGULARITY,LONG_MODE,0.3605870581070626,-2.518468525,0.5285702009918395,-0.040966343,低点,LONG,开多,ACTION
2025-10-18 00:00:00,107070.4,BEARISH_SINGULARITY,LONG_MODE,0.5579015895941808,-1.752548388,0.5169878196428109,-0.035017349,,LONG,开多,ACTION
2025-10-18 04:00:00,106665.0,BEARISH_SINGULARITY,LONG_MODE,0.6174394660159471,-1.926101992,0.4990512106337937,-0.033471335,,LONG,开多,ACTION
2025-10-18 08:00:00,107208.6,BEARISH_SINGULARITY,LONG_MODE,0.4908105721726823,-1.292203692,0.5060337711487006,-0.036735164,高点,LONG,开多,ACTION
2025-10-18 12:00:00,106948.75,BEARISH_SINGULARITY,LONG_MODE,0.305918337,-1.387621152,0.5278738653980685,-0.041999677,,LONG,开多,ACTION
2025-10-18 16:00:00,107080.14,BEARISH_SINGULARITY,LONG_MODE,0.2015730930897279,-1.147239971,0.5600933539253724,-0.05143159,,LONG,开多,ACTION
2025-10-18 20:00:00,107185.01,BEARISH_SINGULARITY,LONG_MODE,0.190228349,-0.951338545,0.5978282409416469,-0.061442714,,LONG,开多,ACTION
2025-10-19 00:00:00,107275.78,BEARISH_SINGULARITY,LONG_MODE,0.2569182839865265,-0.785492648,0.6475768495829208,-0.070912676,,LONG,开多,ACTION
2025-10-19 04:00:00,106786.0,BEARISH_SINGULARITY,LONG_MODE,0.307167136,-1.121841848,0.7023851147550395,-0.079709117,低点,LONG,开多,ACTION
2025-10-19 08:00:00,107783.47,BEARISH_SINGULARITY,LONG_MODE,1.2111382825971575,-0.179391755,0.7498260693889942,-0.08857411,,LONG,开多,ACTION
2025-10-19 12:00:00,108486.7,BEARISH_SINGULARITY,LONG_MODE,0.8649022915716255,0.4267515960774907,0.746844004,-0.092060384,,LONG,开多,ACTION
2025-10-19 16:00:00,108908.43,BEARISH_SINGULARITY,LONG_MODE,0.5983789883136338,0.7387507616874506,0.729705497,-0.090308475,,LONG,开多,ACTION
2025-10-19 20:00:00,108642.78,BEARISH_SINGULARITY,LONG_MODE,0.5460874204873566,0.445863855,0.7232380867973212,-0.08600281,,LONG,开多,ACTION
2025-10-20 00:00:00,110145.44,BEARISH_SINGULARITY,LONG_MODE,1.0455365694406515,1.6574775380648392,0.7656759179598064,-0.083030114,,LONG,开多,ACTION
2025-10-20 04:00:00,111169.92,BEARISH_SINGULARITY,LONG_MODE,1.0995272271616228,2.349279987581028,0.7955143517635929,-0.079860964,高点,LONG,开多,ACTION
2025-10-20 08:00:00,111016.75,BEARISH_SINGULARITY,LONG_MODE,0.9432642124307166,1.993759212975743,0.8037425379037733,-0.081025937,,LONG,开多,ACTION
2025-10-20 12:00:00,111144.55,BEARISH_SINGULARITY,LONG_MODE,0.8816218236144319,1.9062753,0.8326691247922094,-0.087144256,,LONG,开多,ACTION
2025-10-20 16:00:00,110803.22,BEARISH_SINGULARITY,LONG_MODE,1.281484694638985,1.439387848470714,0.8732451079309187,-0.094630782,,LONG,开多,ACTION
2025-10-20 20:00:00,110532.09,BEARISH_SINGULARITY,LONG_MODE,0.5303053419799716,1.0765046169710395,0.922972212,-0.104280077,,LONG,开多,ACTION
2025-10-21 00:00:00,109059.22,BEARISH_SINGULARITY,LONG_MODE,0.9620624732692544,-0.244680901,0.962199506,-0.113559119,,LONG,开多,ACTION
2025-10-21 04:00:00,108086.37,BEARISH_SINGULARITY,LONG_MODE,1.855828414,-1.027595772,1.0142265220976974,-0.123065,低点,LONG,开多,ACTION
2025-10-21 08:00:00,108580.01,BEARISH_SINGULARITY,LONG_MODE,1.118598662311113,-0.521048534,1.043412053555031,-0.128601172,,LONG,开多,ACTION
2025-10-21 12:00:00,113422.61,BEARISH_SINGULARITY,LONG_MODE,3.307540779786577,3.5295685121396034,1.0015631858489895,-0.12487947,高点,LONG,开多,ACTION
2025-10-21 16:00:00,111780.39,BEARISH_SINGULARITY,LONG_MODE,3.1162015490698027,1.8336522128381223,0.8038111949130666,-0.102044025,,LONG,开多,ACTION
2025-10-21 20:00:00,108297.67,BEARISH_SINGULARITY,LONG_MODE,1.675823047480676,-1.213167491,0.6539013585873622,-0.085595457,,LONG,开多,ACTION
2025-10-22 00:00:00,108216.02,BEARISH_SINGULARITY,LONG_MODE,1.2510702060105623,-1.166444295,0.5664555071556913,-0.077140575,,LONG,开多,ACTION
2025-10-22 04:00:00,108321.63,BEARISH_SINGULARITY,LONG_MODE,0.96312289,-0.969074451,0.4586276476556469,-0.06170338,高点,LONG,开多,ACTION
2025-10-22 16:00:00,107870.35,OSCILLATION,NO_TRADE,0.8984818916351501,-1.047383406,0.1765491873788494,-0.009971162,,LONG,空仓(震荡),HOLD
2025-10-22 20:00:00,107567.44,OSCILLATION,NO_TRADE,0.8780256883803086,-1.200552414,0.1158227374693012,0.001102638,低点,LONG,空仓(震荡),HOLD
2025-10-23 00:00:00,108377.96,OSCILLATION,NO_TRADE,0.5306615036517055,-0.412840495,0.088356722,0.008508452,,LONG,空仓(震荡),HOLD
2025-10-23 04:00:00,109269.9,OSCILLATION,NO_TRADE,0.7307686115047828,0.3678712773217445,0.054277146,0.012993147,,LONG,空仓(震荡),HOLD
2025-10-23 08:00:00,109253.89,OSCILLATION,NO_TRADE,0.4939459070422007,0.3194233291841079,0.009446214,0.014855248,,LONG,空仓(震荡),HOLD
2025-10-23 12:00:00,109908.28,OSCILLATION,NO_TRADE,0.9568345271847232,0.8319225069279573,-0.029303803,0.013037598,,LONG,空仓(震荡),HOLD
2025-10-23 16:00:00,110200.0,OSCILLATION,NO_TRADE,0.8112582238841877,0.9937919979078872,-0.06768169,0.011118312,,LONG,空仓(震荡),HOLD
2025-10-23 20:00:00,110078.18,OSCILLATION,NO_TRADE,0.3968331029607496,0.7974647818770817,-0.099244013,0.007583591,,LONG,空仓(震荡),HOLD
2025-10-24 00:00:00,110441.46,OSCILLATION,NO_TRADE,0.3565659560715067,1.021387097,-0.11479819,0.0024157,,LONG,空仓(震荡),HOLD
2025-10-24 04:00:00,111054.61,OSCILLATION,NO_TRADE,0.6172299136215862,1.4293953003340445,-0.153384119,-0.003566154,,LONG,空仓(震荡),HOLD
2025-10-24 08:00:00,111066.29,OSCILLATION,NO_TRADE,0.4543403762511734,1.3011296430540176,-0.174495023,-0.005444052,高点,LONG,空仓(震荡),HOLD
2025-10-24 12:00:00,110046.91,OSCILLATION,NO_TRADE,1.2598958617286775,0.3358875860035754,-0.180606219,-0.008526364,低点,LONG,空仓(震荡),HOLD
2025-10-24 16:00:00,110615.07,OSCILLATION,NO_TRADE,0.3406288105007591,0.7719580358761886,-0.160789065,-0.013640976,,LONG,空仓(震荡),HOLD
2025-10-24 20:00:00,111004.89,OSCILLATION,NO_TRADE,0.454929951,1.0186544691942705,-0.162029,-0.015632457,,LONG,空仓(震荡),HOLD
2025-10-25 00:00:00,111029.99,OSCILLATION,NO_TRADE,0.2432574,0.9413725359938248,-0.182328457,-0.014320812,,LONG,空仓(震荡),HOLD
2025-10-25 04:00:00,111489.6,OSCILLATION,NO_TRADE,0.446781566,1.2281811263359168,-0.233526863,-0.010441666,,LONG,空仓(震荡),HOLD
2025-10-25 08:00:00,111563.81,OSCILLATION,NO_TRADE,0.4596858206349965,1.170729616752798,-0.299657414,0.000183693,,LONG,空仓(震荡),HOLD
2025-10-25 12:00:00,111385.18,OSCILLATION,NO_TRADE,0.4374737906767873,0.9117939753908286,-0.389534955,0.014002785,低点,LONG,空仓(震荡),HOLD
2025-10-25 16:00:00,111623.45,BULLISH_SINGULARITY,SHORT_MODE,0.3549927572383025,1.0191690753026583,-0.479364089,0.032042888,,SHORT,开空,ACTION
2025-10-25 20:00:00,111646.27,BULLISH_SINGULARITY,SHORT_MODE,0.2411298176031565,0.9398598286369134,-0.540838512,0.053935443,,SHORT,开空,ACTION
2025-10-26 00:00:00,111260.46,BULLISH_SINGULARITY,SHORT_MODE,0.4673277578538588,0.5344563188040257,-0.56209317,0.074551853,低点,SHORT,开空,ACTION
2025-10-26 04:00:00,111723.98,BULLISH_SINGULARITY,SHORT_MODE,0.3272045784490843,0.8617189637715246,-0.547615754,0.090591401,,SHORT,开空,ACTION
2025-10-26 08:00:00,113286.09,BULLISH_SINGULARITY,SHORT_MODE,1.447025760407173,2.0511394762448907,-0.468256772,0.1026332917326227,,SHORT,开空,ACTION
2025-10-27 04:00:00,115554.6,OSCILLATION,NO_TRADE,2.5116524763777908,2.7953354212535064,0.4100986469062209,0.015974128,高点,SHORT,空仓(震荡),HOLD
2025-10-27 12:00:00,114969.68,BEARISH_SINGULARITY,LONG_MODE,1.888813296641448,1.8241513003147285,0.5961265916824819,-0.049897664,,LONG,开多,ACTION
2025-10-27 16:00:00,114942.64,BEARISH_SINGULARITY,LONG_MODE,0.9437499183136332,1.625967434634534,0.6591719209459737,-0.072967362,,LONG,开多,ACTION
2025-10-27 20:00:00,114107.65,BEARISH_SINGULARITY,LONG_MODE,1.003641973378769,0.8024923886922951,0.6714283784795345,-0.090884901,,LONG,开多,ACTION
2025-10-28 00:00:00,113908.24,BEARISH_SINGULARITY,LONG_MODE,0.9648749571734409,0.5663452714793538,0.669404739,-0.101325102,低点,LONG,开多,ACTION
2025-10-28 04:00:00,114188.37,BEARISH_SINGULARITY,LONG_MODE,0.9589838377304196,0.7356022321412874,0.5816143088874332,-0.106115815,,LONG,开多,ACTION
2025-10-28 08:00:00,114357.73,BEARISH_SINGULARITY,LONG_MODE,0.5366878896049646,0.8000486199417691,0.4149662677437958,-0.097092879,高点,LONG,开多,ACTION
2025-10-28 20:00:00,112898.45,OSCILLATION,NO_TRADE,1.2253731283745704,-0.539715923,-0.200967708,-0.015681789,,LONG,空仓(震荡),HOLD
2025-10-29 00:00:00,112523.49,OSCILLATION,NO_TRADE,0.7824450007836176,-0.787836283,-0.345958433,0.01232217,低点,LONG,空仓(震荡),HOLD
2025-10-29 04:00:00,113577.9,BULLISH_SINGULARITY,SHORT_MODE,0.7468266972334671,0.1283131116713864,-0.45295841,0.037850748,高点,SHORT,开空,ACTION
2025-10-29 08:00:00,113132.36,BULLISH_SINGULARITY,SHORT_MODE,0.710457317,-0.239340176,-0.560605269,0.060837435,,SHORT,开空,ACTION
2025-10-29 12:00:00,111509.74,BULLISH_SINGULARITY,SHORT_MODE,1.5502943326842384,-1.513517551,-0.63304222,0.076311816,,SHORT,开空,ACTION
2025-10-29 16:00:00,110640.0,BULLISH_SINGULARITY,SHORT_MODE,2.412526157684436,-2.068873175,-0.657612524,0.082901683,,SHORT,开空,ACTION
2025-10-29 20:00:00,110021.29,BULLISH_SINGULARITY,SHORT_MODE,0.8362479646610524,-2.37323599,-0.660711411,0.084637975,低点,SHORT,开空,ACTION
2025-10-30 00:00:00,110751.47,BULLISH_SINGULARITY,SHORT_MODE,0.7284757617128346,-1.563568413,-0.679121582,0.082844883,,SHORT,开空,ACTION
2025-10-30 04:00:00,111366.72,BULLISH_SINGULARITY,SHORT_MODE,1.9653716394073664,-0.920791361,-0.719427254,0.084168603,高点,SHORT,开空,ACTION
2025-10-30 08:00:00,109717.29,BULLISH_SINGULARITY,SHORT_MODE,0.8911687385598726,-2.165708623,-0.791548191,0.086289983,,SHORT,开空,ACTION
2025-10-30 12:00:00,107711.56,BULLISH_SINGULARITY,SHORT_MODE,1.9323720528443569,-3.59113959,-0.880062235,0.082891613,,SHORT,开空,ACTION
2025-10-30 16:00:00,106536.39,BULLISH_SINGULARITY,SHORT_MODE,1.2770385558593946,-4.219461462,-0.964418354,0.079788873,低点,SHORT,开空,ACTION
2025-10-30 20:00:00,108322.88,BULLISH_SINGULARITY,SHORT_MODE,0.9489162882590424,-2.370344978,-1.048246179,0.083576645,,SHORT,开空,ACTION
2025-10-31 00:00:00,109227.86,BULLISH_SINGULARITY,SHORT_MODE,1.2098961013741778,-1.408720248,-1.191675565,0.1027626278690255,,SHORT,开空,ACTION
2025-10-31 04:00:00,109449.31,BULLISH_SINGULARITY,SHORT_MODE,1.022805026137814,-1.094968455,-1.331425678,0.1257860824159267,,SHORT,开空,ACTION
2025-10-31 08:00:00,110415.61,BULLISH_SINGULARITY,SHORT_MODE,0.6909683603076989,-0.200683466,-1.459125621,0.1437773748964095,高点,SHORT,开空,ACTION
2025-10-31 12:00:00,110202.9,BULLISH_SINGULARITY,SHORT_MODE,1.640211460790405,-0.355651797,-1.560663675,0.1607314255072542,,SHORT,开空,ACTION
2025-10-31 16:00:00,109828.78,BULLISH_SINGULARITY,SHORT_MODE,1.0015252159046524,-0.628254206,-1.598445727,0.1689594960943254,,SHORT,开空,ACTION
2025-10-31 20:00:00,109608.01,BULLISH_SINGULARITY,SHORT_MODE,0.3565324683151745,-0.7497379,-1.543703869,0.1692875886478078,低点,SHORT,开空,ACTION
2025-11-01 00:00:00,110226.37,BULLISH_SINGULARITY,SHORT_MODE,0.363758529,-0.171765482,-1.439026495,0.1599572622969343,高点,SHORT,开空,ACTION
2025-11-01 04:00:00,110071.4,BULLISH_SINGULARITY,SHORT_MODE,0.3578896858238109,-0.282475072,-1.297261661,0.1464261671722699,,SHORT,开空,ACTION
2025-11-01 08:00:00,110137.59,BULLISH_SINGULARITY,SHORT_MODE,0.3211719998604731,-0.201362365,-1.086120408,0.1268319081835456,,SHORT,开空,ACTION
2025-11-01 12:00:00,110310.65,BULLISH_SINGULARITY,SHORT_MODE,0.4379618913606324,-0.040307076,-0.862048363,0.1015125055159471,高点,SHORT,开空,ACTION
2025-11-01 16:00:00,110299.99,BULLISH_SINGULARITY,SHORT_MODE,0.361501137,-0.045210208,-0.634561681,0.07537497,,SHORT,开空,ACTION
2025-11-01 20:00:00,110098.1,BULLISH_SINGULARITY,SHORT_MODE,0.2674020709561994,-0.206479546,-0.443711863,0.049211127,低点,SHORT,开空,ACTION
2025-11-02 04:00:00,110895.53,OSCILLATION,NO_TRADE,1.4722048956392404,0.4883027248230938,-0.209185992,0.012310853,,SHORT,空仓(震荡),HOLD
2025-11-02 08:00:00,111196.99,OSCILLATION,NO_TRADE,0.8059788294682005,0.6884511946759001,-0.17033268,0.011132456,高点,SHORT,空仓(震荡),HOLD
2025-11-02 12:00:00,110117.48,OSCILLATION,NO_TRADE,0.6102727114417454,-0.261585295,-0.147282376,0.012910477,低点,SHORT,空仓(震荡),HOLD
2025-11-02 16:00:00,110180.84,OSCILLATION,NO_TRADE,0.4425096180672989,-0.184785837,-0.099003847,0.010803569,,SHORT,空仓(震荡),HOLD
2025-11-02 20:00:00,110540.68,OSCILLATION,NO_TRADE,0.6254367641824289,0.1277361339260979,-0.098419233,0.008232618,高点,SHORT,空仓(震荡),HOLD
2025-11-03 00:00:00,107937.45,OSCILLATION,NO_TRADE,1.6474624674368918,-2.022157917,-0.056461204,0.011766245,,SHORT,空仓(震荡),HOLD
2025-11-03 04:00:00,107468.23,OSCILLATION,NO_TRADE,1.5823163317323476,-2.220107559,0.083455415,0.001630184,,SHORT,空仓(震荡),HOLD
2025-11-03 08:00:00,107787.42,OSCILLATION,NO_TRADE,1.4421609088513918,-1.749127052,0.1861458556735533,-0.011884115,,SHORT,空仓(震荡),HOLD
2025-11-04 08:00:00,104584.76,OSCILLATION,NO_TRADE,1.655675133963417,-3.121502703,-0.056696158,-0.014859696,,SHORT,空仓(震荡),HOLD
2025-11-04 12:00:00,103197.01,OSCILLATION,NO_TRADE,2.1079967312178853,-4.004088914,-0.170787088,-0.003032297,,SHORT,空仓(震荡),HOLD
2025-11-04 16:00:00,100542.64,OSCILLATION,NO_TRADE,3.251423858238802,-5.89306864,-0.261220038,0.008189778,低点,SHORT,空仓(震荡),HOLD
2025-11-04 20:00:00,101497.22,OSCILLATION,NO_TRADE,2.615300462547725,-4.545081004,-0.299093913,0.01541347,,SHORT,空仓(震荡),HOLD
2025-11-05 00:00:00,102130.0,BULLISH_SINGULARITY,SHORT_MODE,2.134093529916885,-3.587278611,-0.374925616,0.029556793,高点,SHORT,开空,ACTION
2025-11-05 04:00:00,101993.02,BULLISH_SINGULARITY,SHORT_MODE,0.8713904498771712,-3.3745741,-0.46292152,0.043848557,,SHORT,开空,ACTION
2025-11-05 08:00:00,102070.61,BULLISH_SINGULARITY,SHORT_MODE,0.6521208305330114,-2.996099418,-0.52637952,0.05478307,,SHORT,开空,ACTION
2025-11-05 12:00:00,103728.3,BULLISH_SINGULARITY,SHORT_MODE,1.136897806313319,-1.287133095,-0.562987084,0.062501892,,SHORT,开空,ACTION
2025-11-05 16:00:00,104008.09,BULLISH_SINGULARITY,SHORT_MODE,0.9577618031042772,-0.924544448,-0.591028325,0.07080578,高点,SHORT,开空,ACTION
2025-11-05 20:00:00,103885.16,BULLISH_SINGULARITY,SHORT_MODE,0.4646376668442248,-0.94337607,-0.577140782,0.07099405,,SHORT,开空,ACTION
2025-11-06 00:00:00,103636.03,BULLISH_SINGULARITY,SHORT_MODE,0.6393836247605954,-1.069660455,-0.524048888,0.064131904,,SHORT,开空,ACTION
2025-11-06 04:00:00,103185.48,BULLISH_SINGULARITY,SHORT_MODE,0.496188328,-1.35886012,-0.432940134,0.053373767,,SHORT,开空,ACTION
2025-11-06 16:00:00,101388.81,OSCILLATION,NO_TRADE,0.9785321227566908,-2.482188386,-0.044466775,0.010071323,,SHORT,空仓(震荡),HOLD
2025-11-06 20:00:00,101346.04,OSCILLATION,NO_TRADE,0.6040475822069921,-2.288508398,0.1159852714640563,-0.003101286,低点,SHORT,空仓(震荡),HOLD
2025-11-07 00:00:00,101916.29,OSCILLATION,NO_TRADE,0.6748723877459898,-1.575727057,0.2773770309121019,-0.013904446,,SHORT,空仓(震荡),HOLD
2025-11-07 04:00:00,102010.0,BEARISH_SINGULARITY,LONG_MODE,0.5228239330819034,-1.345681091,0.411682425,-0.02341008,高点,LONG,开多,ACTION
2025-11-07 08:00:00,100411.89,BEARISH_SINGULARITY,LONG_MODE,1.1031211520720758,-2.623088764,0.4388277035695657,-0.035153028,低点,LONG,开多,ACTION
2025-11-07 12:00:00,100797.95,BEARISH_SINGULARITY,LONG_MODE,1.4355931402027775,-2.038902417,0.4458438251622449,-0.042166756,,LONG,开多,ACTION
2025-11-07 16:00:00,103395.25,BEARISH_SINGULARITY,LONG_MODE,1.1227131983826366,0.4388774767772667,0.4455518677571425,-0.040603863,高点,LONG,开多,ACTION
2025-11-07 20:00:00,103339.08,BEARISH_SINGULARITY,LONG_MODE,0.5048012502792113,0.347585031,0.3937295623254374,-0.033605698,,LONG,开多,ACTION
2025-11-08 00:00:00,102592.76,BEARISH_SINGULARITY,LONG_MODE,0.4520034792430314,-0.341335675,0.3657145939320628,-0.030375573,,LONG,开多,ACTION
2025-11-08 04:00:00,102352.96,BEARISH_SINGULARITY,LONG_MODE,0.4249808848278083,-0.519868763,0.3951509257831169,-0.032691997,,LONG,开多,ACTION
2025-11-08 08:00:00,101857.1,BEARISH_SINGULARITY,LONG_MODE,0.4229561428328855,-0.907266086,0.4427776162982345,-0.04077884,,LONG,开多,ACTION
2025-11-08 12:00:00,101711.45,BEARISH_SINGULARITY,LONG_MODE,0.7180056095202474,-0.950011012,0.5261842408787128,-0.052175507,低点,LONG,开多,ACTION
2025-11-08 16:00:00,101989.65,BEARISH_SINGULARITY,LONG_MODE,0.5056640581704214,-0.614812946,0.6324270031995074,-0.065020881,,LONG,开多,ACTION
2025-11-08 20:00:00,102312.94,BEARISH_SINGULARITY,LONG_MODE,0.2358989710044194,-0.271305765,0.7264162565498344,-0.07764836,高点,LONG,开多,ACTION
2025-11-09 00:00:00,101662.05,BEARISH_SINGULARITY,LONG_MODE,0.5741873713393693,-0.820200527,0.7930335290379741,-0.087750469,低点,LONG,开多,ACTION
2025-11-09 04:00:00,101944.59,BEARISH_SINGULARITY,LONG_MODE,0.2996789214006263,-0.492952094,0.8643025877823345,-0.095207834,,LONG,开多,ACTION
2025-11-09 08:00:00,102239.41,BEARISH_SINGULARITY,LONG_MODE,0.5101730691411793,-0.185676576,0.8994173528967889,-0.097229825,,LONG,开多,ACTION
2025-11-09 12:00:00,103762.17,BEARISH_SINGULARITY,LONG_MODE,1.2793195830384492,1.1756061086734748,0.9087435088106128,-0.093871683,,LONG,开多,ACTION
2025-11-09 16:00:00,104805.57,BEARISH_SINGULARITY,LONG_MODE,0.7690908382758446,1.980004253006295,0.8878585245682347,-0.08365914,,LONG,开多,ACTION
2025-11-09 20:00:00,104722.96,BEARISH_SINGULARITY,LONG_MODE,1.0617095575204112,1.7156012955949076,0.8660894168404274,-0.072941109,,LONG,开多,ACTION
2025-11-10 00:00:00,106027.97,BEARISH_SINGULARITY,LONG_MODE,1.8325127151913247,2.6913804356280955,0.8802745154671436,-0.069372791,,LONG,开多,ACTION
2025-11-10 04:00:00,106461.45,BEARISH_SINGULARITY,LONG_MODE,0.7671736984164703,2.806596544315936,0.8985705989898339,-0.069438868,高点,LONG,开多,ACTION
2025-11-10 08:00:00,106176.5,BEARISH_SINGULARITY,LONG_MODE,0.6893652031060056,2.2848320238277453,0.9787793000660576,-0.077028735,,LONG,开多,ACTION
2025-11-10 12:00:00,105079.99,BEARISH_SINGULARITY,LONG_MODE,1.610948873066641,1.110212082270009,1.1014518018927857,-0.096683519,低点,LONG,开多,ACTION
2025-11-10 16:00:00,105817.99,BEARISH_SINGULARITY,LONG_MODE,0.8206073555022515,1.6441162334626762,1.2562166749855217,-0.125703433,,LONG,开多,ACTION
2025-11-10 20:00:00,106011.13,BEARISH_SINGULARITY,LONG_MODE,0.8701676886267541,1.652507283,1.3461346356126682,-0.150067567,,LONG,开多,ACTION
2025-11-11 00:00:00,106456.0,BEARISH_SINGULARITY,LONG_MODE,1.6641939269156418,1.8773609844497448,1.371925571487396,-0.168662612,高点,LONG,开多,ACTION
2025-11-11 04:00:00,104783.98,BEARISH_SINGULARITY,LONG_MODE,1.1116501905944831,0.2507826718053397,1.3215935923262927,-0.176177476,,LONG,开多,ACTION
2025-11-11 08:00:00,105311.9,BEARISH_SINGULARITY,LONG_MODE,0.6110541370051449,0.6833846708458835,1.266637869,-0.177878228,,LONG,开多,ACTION
2025-11-11 12:00:00,103455.99,BEARISH_SINGULARITY,LONG_MODE,2.687223482891502,-0.988083026,1.1237556387869123,-0.164481567,,LONG,开多,ACTION
2025-11-11 16:00:00,103126.39,BEARISH_SINGULARITY,LONG_MODE,0.7653258608764207,-1.180845428,0.9854208583202558,-0.145102572,,LONG,开多,ACTION
2025-11-11 20:00:00,103058.99,BEARISH_SINGULARITY,LONG_MODE,0.8274818654927114,-1.128156079,0.8191221574719922,-0.114987632,低点,LONG,开多,ACTION
2025-11-12 00:00:00,103310.0,BEARISH_SINGULARITY,LONG_MODE,0.799836422,-0.803514336,0.6360261941268754,-0.07931281,,LONG,开多,ACTION
2025-11-12 04:00:00,103112.66,BEARISH_SINGULARITY,LONG_MODE,0.6364297277180043,-0.899276142,0.4331973756468078,-0.04342589,,LONG,开多,ACTION
2025-11-12 08:00:00,105020.83,OSCILLATION,NO_TRADE,1.0206119680418837,0.8448838705125343,0.2566884900197162,-0.010915453,高点,LONG,空仓(震荡),HOLD
2025-11-13 12:00:00,101382.64,OSCILLATION,NO_TRADE,1.6601936900748446,-1.718257243,-0.110383897,0.018460136,,LONG,空仓(震荡),HOLD
2025-11-13 16:00:00,98682.14,OSCILLATION,NO_TRADE,3.003822293829009,-3.939460661,-0.099402154,0.013540069,低点,LONG,空仓(震荡),HOLD
2025-11-13 20:00:00,99692.02,OSCILLATION,NO_TRADE,1.3821507645666644,-2.682399098,-0.040948084,0.006392715,,LONG,空仓(震荡),HOLD
2025-11-14 00:00:00,99139.38,OSCILLATION,NO_TRADE,1.3070954498678244,-2.924003352,-0.067313222,0.010788333,,LONG,空仓(震荡),HOLD
2025-11-14 20:00:00,94594.0,BULLISH_SINGULARITY,SHORT_MODE,0.9443282652090031,-5.129130516,-0.362882739,0.083647508,低点,SHORT,开空,ACTION
2025-11-15 00:00:00,96417.12,BULLISH_SINGULARITY,SHORT_MODE,0.7881659511245503,-2.995741552,-0.397165529,0.087114746,,SHORT,开空,ACTION
2025-11-15 04:00:00,96333.86,BULLISH_SINGULARITY,SHORT_MODE,0.4589262660143857,-2.79441769,-0.489271576,0.091835676,,SHORT,开空,ACTION
2025-11-15 08:00:00,95696.87,BULLISH_SINGULARITY,SHORT_MODE,0.4227347070105922,-3.120035526,-0.535895638,0.090243924,低点,SHORT,开空,ACTION
2025-11-15 12:00:00,96260.0,BULLISH_SINGULARITY,SHORT_MODE,0.360175864,-2.312708267,-0.52686072,0.078853653,,SHORT,开空,ACTION
2025-11-15 16:00:00,96012.01,BULLISH_SINGULARITY,SHORT_MODE,0.3460650137606526,-2.325829394,-0.508456686,0.062970955,,SHORT,开空,ACTION
2025-11-15 20:00:00,95596.24,BULLISH_SINGULARITY,SHORT_MODE,0.3765569296285521,-2.493534827,-0.490002689,0.040875538,低点,SHORT,开空,ACTION
2025-11-16 00:00:00,95825.02,OSCILLATION,NO_TRADE,0.3700487504918867,-2.049339059,-0.499226661,0.018286879,,SHORT,空仓(震荡),HOLD
2025-11-16 04:00:00,96099.99,LOW_OSCILLATION,LONG_MODE,0.2514089853337512,-1.602561728,-0.535688119,0.004584784,高点,LONG,开多,ACTION
2025-11-16 08:00:00,95627.13,LOW_OSCILLATION,LONG_MODE,0.5131124979554361,-1.891750067,-0.571376026,-0.000195875,,LONG,开多,ACTION
2025-11-16 12:00:00,94573.46,LOW_OSCILLATION,LONG_MODE,0.5144444084564758,-2.697275029,-0.56834558,-0.001069484,,LONG,开多,ACTION
2025-11-16 16:00:00,94020.0,LOW_OSCILLATION,LONG_MODE,1.724554899295272,-2.964816173,-0.556632024,-0.003277003,低点,LONG,开多,ACTION
2025-11-16 20:00:00,94261.44,LOW_OSCILLATION,LONG_MODE,1.2430054621729203,-2.46337261,-0.566417149,-0.001595056,,LONG,开多,ACTION
2025-11-17 00:00:00,95496.77,LOW_OSCILLATION,LONG_MODE,0.8559347347418327,-1.073463125,-0.612408414,0.006935127,,LONG,开多,ACTION
2025-11-17 04:00:00,95653.77,BULLISH_SINGULARITY,SHORT_MODE,0.8147971061565912,-0.824794752,-0.716510174,0.021536086,高点,SHORT,开空,ACTION
2025-11-17 08:00:00,95565.38,BULLISH_SINGULARITY,SHORT_MODE,0.743920035,-0.829883213,-0.812055724,0.037263085,,SHORT,开空,ACTION
2025-11-17 12:00:00,93959.67,BULLISH_SINGULARITY,SHORT_MODE,1.8211390192998689,-2.263812929,-0.872424971,0.050335064,,SHORT,开空,ACTION
2025-11-17 16:00:00,91678.93,BULLISH_SINGULARITY,SHORT_MODE,2.457005983877765,-4.213281138,-0.857000818,0.054535942,,SHORT,开空,ACTION
2025-11-17 20:00:00,92215.14,BULLISH_SINGULARITY,SHORT_MODE,1.8098777077763484,-3.316675493,-0.788102008,0.04888326,,SHORT,开空,ACTION
2025-11-18 00:00:00,90842.72,BULLISH_SINGULARITY,SHORT_MODE,2.2647967487065075,-4.322256938,-0.753335949,0.045681671,,SHORT,开空,ACTION
2025-11-18 04:00:00,90512.1,BULLISH_SINGULARITY,SHORT_MODE,1.844453981386705,-4.2445469,-0.706831415,0.040372522,低点,SHORT,开空,ACTION
2025-11-18 08:00:00,91517.82,BULLISH_SINGULARITY,SHORT_MODE,1.1636983634023337,-2.886397883,-0.691663549,0.038676444,,SHORT,开空,ACTION
2025-11-18 12:00:00,92910.1,BULLISH_SINGULARITY,SHORT_MODE,1.366898773704175,-1.276511666,-0.733604823,0.045373542,,SHORT,开空,ACTION
2025-11-18 16:00:00,93195.61,BULLISH_SINGULARITY,SHORT_MODE,0.9240605538533992,-0.881274316,-0.810871917,0.059688716,高点,SHORT,开空,ACTION
2025-11-18 20:00:00,92960.83,BULLISH_SINGULARITY,SHORT_MODE,0.4433106043970308,-1.024367305,-0.865702756,0.075073063,,SHORT,开空,ACTION
2025-11-19 00:00:00,91874.52,BULLISH_SINGULARITY,SHORT_MODE,0.5676510278135175,-1.977360636,-0.88816054,0.087017896,,SHORT,开空,ACTION
2025-11-19 04:00:00,91863.64,BULLISH_SINGULARITY,SHORT_MODE,1.0095056662547748,-1.802958384,-0.857682383,0.093401679,,SHORT,开空,ACTION
2025-11-19 08:00:00,91410.22,BULLISH_SINGULARITY,SHORT_MODE,0.4525627588735169,-2.07428765,-0.785020633,0.098009616,,SHORT,开空,ACTION
2025-11-19 12:00:00,89951.7,BULLISH_SINGULARITY,SHORT_MODE,1.0278523411592817,-3.301844753,-0.670501289,0.095938257,,SHORT,开空,ACTION
2025-11-19 16:00:00,88884.56,BULLISH_SINGULARITY,SHORT_MODE,1.4262113245711865,-4.042433322,-0.514295639,0.084409751,,SHORT,开空,ACTION
2025-11-20 12:00:00,89869.88,OSCILLATION,NO_TRADE,1.0232145861052302,-2.52769709,0.3161234324474947,-0.006810833,,SHORT,空仓(震荡),HOLD
2025-11-20 16:00:00,86921.28,BEARISH_SINGULARITY,LONG_MODE,2.6137249049167908,-5.208826494,0.474296974,-0.036504413,,LONG,开多,ACTION
2025-11-20 20:00:00,86637.23,BEARISH_SINGULARITY,LONG_MODE,0.7678667812023796,-5.019395042,0.576935695,-0.063789132,,LONG,开多,ACTION
2025-11-21 00:00:00,85821.34,BEARISH_SINGULARITY,LONG_MODE,1.017687340359965,-5.380939496,0.5904948086517197,-0.072897309,,LONG,开多,ACTION
2025-11-21 04:00:00,84049.39,BEARISH_SINGULARITY,LONG_MODE,2.1444033134280263,-6.682688893,0.5121265265146925,-0.069218901,,LONG,开多,ACTION
2025-11-21 08:00:00,82309.66,BEARISH_SINGULARITY,LONG_MODE,2.345188179657952,-7.85831953,0.4035177885954292,-0.054696932,低点,LONG,开多,ACTION
2025-11-21 16:00:00,84209.3,OSCILLATION,NO_TRADE,1.0504036539642532,-4.622582581,0.191455138,-0.004650078,,LONG,空仓(震荡),HOLD
2025-11-22 20:00:00,84739.74,OSCILLATION,NO_TRADE,0.2394108111931307,-1.924975752,0.2991334612846441,-0.004879031,,LONG,空仓(震荡),HOLD
2025-11-23 00:00:00,86308.54,BEARISH_SINGULARITY,LONG_MODE,0.586983418,-0.098898562,0.4164884103071479,-0.031921403,,LONG,开多,ACTION
2025-11-23 04:00:00,85782.19,BEARISH_SINGULARITY,LONG_MODE,0.4377166771934445,-0.641132645,0.4857561273353562,-0.053934715,,LONG,开多,ACTION
2025-11-23 08:00:00,86331.28,BEARISH_SINGULARITY,LONG_MODE,0.3180593185749097,-0.004649249,0.576586713,-0.073191063,,LONG,开多,ACTION
2025-11-23 12:00:00,87087.44,BEARISH_SINGULARITY,LONG_MODE,0.5302296527157068,0.787567761,0.6600891322133048,-0.086448439,,LONG,开多,ACTION
2025-11-23 16:00:00,87325.01,BEARISH_SINGULARITY,LONG_MODE,0.5647737687815152,0.960347682,0.7320203804639963,-0.09382606,,LONG,开多,ACTION
2025-11-23 20:00:00,86830.0,BEARISH_SINGULARITY,LONG_MODE,0.5505684973105135,0.3509581723270096,0.7980913137163602,-0.097829396,低点,LONG,开多,ACTION
2025-11-24 00:00:00,87460.02,BEARISH_SINGULARITY,LONG_MODE,0.7473740379865549,0.9753111968722036,0.8820962859358058,-0.100751234,高点,LONG,开多,ACTION
2025-11-24 04:00:00,87050.39,BEARISH_SINGULARITY,LONG_MODE,0.5759127615593909,0.454317485,0.9970781931220488,-0.099821056,,LONG,开多,ACTION
2025-11-24 08:00:00,86264.72,BEARISH_SINGULARITY,LONG_MODE,0.6287741123801397,-0.409426565,1.147967448435183,-0.104351402,低点,LONG,开多,ACTION
2025-11-24 12:00:00,86616.44,BEARISH_SINGULARITY,LONG_MODE,0.9155202904784084,-0.003052826,1.2724778065310884,-0.118228904,,LONG,开多,ACTION
2025-11-24 16:00:00,88327.29,BEARISH_SINGULARITY,LONG_MODE,1.3183240146413455,1.7809263454650357,1.3482731674675132,-0.131328739,高点,LONG,开多,ACTION
2025-11-24 20:00:00,88300.01,BEARISH_SINGULARITY,LONG_MODE,0.8296394971472524,1.580239997718784,1.3547534931276766,-0.138827671,,LONG,开多,ACTION
2025-11-25 00:00:00,87822.12,BEARISH_SINGULARITY,LONG_MODE,0.7666442905798085,0.9314211791374196,1.345597361181592,-0.147860237,,LONG,开多,ACTION
2025-11-25 04:00:00,87384.81,BEARISH_SINGULARITY,LONG_MODE,0.9457601363491656,0.3878337734152082,1.3330705004952303,-0.157800364,,LONG,开多,ACTION
2025-11-25 08:00:00,87361.71,BEARISH_SINGULARITY,LONG_MODE,1.053131692561778,0.3267748237750891,1.3005679695484933,-0.166251303,,LONG,开多,ACTION
2025-11-25 12:00:00,86988.94,BEARISH_SINGULARITY,LONG_MODE,1.4557053445062424,-0.091676381,1.2192520463641598,-0.169205134,,LONG,开多,ACTION
2025-11-25 16:00:00,86882.85,BEARISH_SINGULARITY,LONG_MODE,0.9611819749803724,-0.193226414,1.0974407542597668,-0.165319886,低点,LONG,开多,ACTION
2025-11-25 20:00:00,87369.96,BEARISH_SINGULARITY,LONG_MODE,0.7461841484748045,0.3313364634925169,0.9522543259273684,-0.150740873,,LONG,开多,ACTION
2025-11-26 00:00:00,87119.92,BEARISH_SINGULARITY,LONG_MODE,0.6584954006199814,0.039991423,0.775934068,-0.126405861,,LONG,开多,ACTION
2025-11-26 04:00:00,87935.05,BEARISH_SINGULARITY,LONG_MODE,0.5376129497774514,0.8822338474226581,0.620244681,-0.098315217,,LONG,开多,ACTION
2025-11-26 08:00:00,87095.79,BEARISH_SINGULARITY,LONG_MODE,0.6642707791511383,-0.072925097,0.4524569245924135,-0.068357191,低点,LONG,开多,ACTION
2025-11-26 20:00:00,90484.02,OSCILLATION,NO_TRADE,1.0124223214326675,3.1710153846204383,0.1455356585194894,-0.000465427,,LONG,空仓(震荡),HOLD
2025-11-27 00:00:00,91091.68,OSCILLATION,NO_TRADE,1.5276845203338374,3.483071369307087,0.085901935,0.011718367,,LONG,空仓(震荡),HOLD
2025-11-27 04:00:00,91408.34,OSCILLATION,NO_TRADE,0.6596477282635257,3.4641474993468915,0.084923258,0.014514904,高点,LONG,空仓(震荡),HOLD
2025-11-27 08:00:00,91371.88,OSCILLATION,NO_TRADE,0.6527132261863073,3.086827645809396,0.1512156863834767,0.008296402,,LONG,空仓(震荡),HOLD
2025-11-27 12:00:00,90958.3,OSCILLATION,NO_TRADE,0.8140791561480606,2.364775720011847,0.2482771857558032,-0.007337146,低点,LONG,空仓(震荡),HOLD
2025-11-27 16:00:00,91528.21,BEARISH_SINGULARITY,LONG_MODE,0.6460606991854743,2.712089208022792,0.3543433775852479,-0.027914432,高点,LONG,开多,ACTION
2025-11-27 20:00:00,91333.95,BEARISH_SINGULARITY,LONG_MODE,0.3254880852804345,2.251212497437288,0.415270975,-0.046842453,,LONG,开多,ACTION
2025-11-28 00:00:00,91208.85,BEARISH_SINGULARITY,LONG_MODE,0.6131912659024863,1.906263574973976,0.4555136257136957,-0.060028016,,LONG,开多,ACTION
2025-11-28 04:00:00,90910.87,BEARISH_SINGULARITY,LONG_MODE,0.6056603605363127,1.4213638195465412,0.4477209082067344,-0.067998928,,LONG,开多,ACTION
2025-11-28 08:00:00,91437.64,BEARISH_SINGULARITY,LONG_MODE,1.015301975,1.8142273841929064,0.4139690586377567,-0.066281176,高点,LONG,开多,ACTION
2025-11-29 00:00:00,90680.26,OSCILLATION,NO_TRADE,0.3095766301062779,0.454520158,0.086241181,-0.003302137,,LONG,空仓(震荡),HOLD
2025-11-29 04:00:00,90567.67,OSCILLATION,NO_TRADE,0.4132206249481385,0.2982916165504234,0.002590092,0.01282161,低点,LONG,空仓(震荡),HOLD
2025-11-30 04:00:00,90968.16,OSCILLATION,NO_TRADE,0.2457220327273998,0.4632424648229084,0.1162271288694388,0.018253968,,LONG,空仓(震荡),HOLD
2025-11-30 08:00:00,91048.78,OSCILLATION,NO_TRADE,1.211470461005055,0.4994168934905846,0.1232946382738659,0.007245146,,LONG,空仓(震荡),HOLD
2025-11-30 12:00:00,91435.31,OSCILLATION,NO_TRADE,1.260481919426137,0.8371324927147001,0.1309100820314438,-0.000456885,,LONG,空仓(震荡),HOLD
2025-11-30 16:00:00,91460.79,OSCILLATION,NO_TRADE,0.519165923,0.7821848331465797,0.097608134,-0.007087346,高点,LONG,空仓(震荡),HOLD
2025-11-30 20:00:00,90360.0,OSCILLATION,NO_TRADE,0.9302372841947956,-0.389926166,0.035907429,-0.009839381,,LONG,空仓(震荡),HOLD
2025-12-01 00:00:00,86346.13,OSCILLATION,NO_TRADE,4.334908124243001,-4.376217168,-0.01262947,-0.009213881,,LONG,空仓(震荡),HOLD
2025-12-01 04:00:00,86550.3,OSCILLATION,NO_TRADE,1.9310206290752685,-3.769761052,-0.008643181,-0.011658664,,LONG,空仓(震荡),HOLD
2025-12-01 08:00:00,86149.15,OSCILLATION,NO_TRADE,1.1513920073753312,-3.829650008,-0.074132785,-0.00722214,,LONG,空仓(震荡),HOLD
2025-12-01 12:00:00,84677.87,OSCILLATION,NO_TRADE,2.7793936216841635,-4.976861869,-0.170198962,0.003933114,低点,LONG,空仓(震荡),HOLD
2025-12-01 16:00:00,85024.5,OSCILLATION,NO_TRADE,1.535663352932701,-4.169158877,-0.255781162,0.017635092,,LONG,空仓(震荡),HOLD
2025-12-01 20:00:00,86286.01,BULLISH_SINGULARITY,SHORT_MODE,1.2301368258692824,-2.492186738,-0.396487003,0.03352254,,SHORT,开空,ACTION
2025-12-02 00:00:00,86976.99,BULLISH_SINGULARITY,SHORT_MODE,1.1613310281170657,-1.550885052,-0.576364049,0.053911203,,SHORT,开空,ACTION
2025-12-02 04:00:00,87012.65,BULLISH_SINGULARITY,SHORT_MODE,0.6123891049634337,-1.368631262,-0.745421933,0.074325116,,SHORT,开空,ACTION
2025-12-02 08:00:00,87368.92,BULLISH_SINGULARITY,SHORT_MODE,1.1388340844167388,-0.873707007,-0.886555032,0.089437088,,SHORT,开空,ACTION
2025-12-02 12:00:00,90850.01,BULLISH_SINGULARITY,SHORT_MODE,2.7722610802663734,2.7747733873300104,-0.990909169,0.099758685,,SHORT,开空,ACTION
2025-12-02 16:00:00,91903.39,BULLISH_SINGULARITY,SHORT_MODE,1.7021724477367044,3.5751582588481177,-1.093162432,0.1097091515420742,,SHORT,开空,ACTION
2025-12-02 20:00:00,91277.88,BULLISH_SINGULARITY,SHORT_MODE,1.1691107216783427,2.589775832896636,-1.126742951,0.1104117142311618,,SHORT,开空,ACTION
2025-12-03 00:00:00,92628.91,BULLISH_SINGULARITY,SHORT_MODE,1.1376456508239123,3.702489441435492,-1.077392125,0.099767666,,SHORT,开空,ACTION
2025-12-03 04:00:00,92999.99,BULLISH_SINGULARITY,SHORT_MODE,1.1173610809568415,3.7111925999269366,-0.986814901,0.084570542,,SHORT,开空,ACTION
2025-12-03 08:00:00,93005.68,BULLISH_SINGULARITY,SHORT_MODE,0.6672257077182349,3.3516202559860533,-0.835585579,0.064733221,,SHORT,开空,ACTION
2025-12-03 12:00:00,92373.3,BULLISH_SINGULARITY,SHORT_MODE,1.465785052,2.3905878568056167,-0.64307471,0.041446093,低点,SHORT,开空,ACTION
2025-12-03 16:00:00,93024.99,OSCILLATION,NO_TRADE,0.8044507861362434,2.8081526857926016,-0.438964375,0.015894841,,SHORT,空仓(震荡),HOLD
2025-12-03 20:00:00,93429.95,OSCILLATION,NO_TRADE,0.8373629780064671,2.9365291541480745,-0.295441212,-0.006346749,高点,SHORT,空仓(震荡),HOLD
2025-12-04 12:00:00,92971.49,OSCILLATION,NO_TRADE,0.9947880831005712,1.536923323886995,-0.276660911,-0.015086188,,SHORT,空仓(震荡),HOLD
2025-12-04 16:00:00,91975.44,OSCILLATION,NO_TRADE,1.1018488981228227,0.4061616867386091,-0.343370024,-0.002339749,低点,SHORT,空仓(震荡),HOLD
2025-12-04 20:00:00,92078.06,OSCILLATION,NO_TRADE,0.4430829164879887,0.4686056059987062,-0.384374579,0.011087475,,SHORT,空仓(震荡),HOLD
2025-12-05 00:00:00,92142.75,BULLISH_SINGULARITY,SHORT_MODE,0.4429617224785224,0.4875885808681472,-0.424156467,0.024865482,,SHORT,开空,ACTION
2025-12-05 04:00:00,92258.65,BULLISH_SINGULARITY,SHORT_MODE,0.360941485,0.555185574,-0.475999731,0.036574407,高点,SHORT,开空,ACTION
2025-12-05 08:00:00,91351.43,BULLISH_SINGULARITY,SHORT_MODE,0.6394909372893519,-0.392483059,-0.557516582,0.047178363,,SHORT,开空,ACTION
2025-12-05 12:00:00,90459.35,BULLISH_SINGULARITY,SHORT_MODE,1.3417095818970066,-1.236777,-0.640874654,0.057250582,,SHORT,开空,ACTION
2025-12-05 16:00:00,89629.26,BULLISH_SINGULARITY,SHORT_MODE,1.5717079339715136,-1.942930527,-0.72445969,0.069124969,,SHORT,开空,ACTION
2025-12-05 20:00:00,89330.04,BULLISH_SINGULARITY,SHORT_MODE,0.6249654478211264,-2.058519245,-0.787613738,0.084310911,低点,SHORT,开空,ACTION
2025-12-06 00:00:00,89688.35,BULLISH_SINGULARITY,SHORT_MODE,0.4297188305972293,-1.509427489,-0.84820175,0.1021331463566513,高点,SHORT,开空,ACTION
2025-12-06 04:00:00,89597.13,BULLISH_SINGULARITY,SHORT_MODE,0.2276360169884248,-1.458540664,-0.898206409,0.122931133,,SHORT,开空,ACTION
2025-12-06 08:00:00,89631.28,BULLISH_SINGULARITY,SHORT_MODE,0.4652075344940857,-1.287392201,-0.875725572,0.1422392351243493,,SHORT,开空,ACTION
2025-12-06 12:00:00,89758.77,BULLISH_SINGULARITY,SHORT_MODE,0.6598834548719814,-1.038883244,-0.759701593,0.1546522937098445,高点,SHORT,开空,ACTION
2025-12-06 16:00:00,89405.64,BULLISH_SINGULARITY,SHORT_MODE,0.4871537888881085,-1.293956584,-0.632951653,0.1547249905140744,,SHORT,开空,ACTION
2025-12-06 20:00:00,89236.79,BULLISH_SINGULARITY,SHORT_MODE,0.3853863236490551,-1.341274473,-0.487297292,0.1431953940008819,低点,SHORT,开空,ACTION
2025-12-07 20:00:00,90395.31,OSCILLATION,NO_TRADE,1.2642109737234948,0.1532969106399652,-0.005393938,0.013644676,,SHORT,空仓(震荡),HOLD
2025-12-08 00:00:00,91068.29,OSCILLATION,NO_TRADE,1.0786963150475315,0.8126162336822205,0.051892294,-0.002770438,,SHORT,空仓(震荡),HOLD
2025-12-08 04:00:00,91565.46,OSCILLATION,NO_TRADE,0.7035562615029207,1.2315768886492209,0.1311592413227079,-0.015466485,,SHORT,空仓(震荡),HOLD
2025-12-08 20:00:00,90634.34,BEARISH_SINGULARITY,LONG_MODE,0.859597021,0.1379308843454558,0.3563956919827402,-0.066046146,低点,LONG,开多,ACTION
2025-12-09 16:00:00,93800.83,OSCILLATION,NO_TRADE,2.840727520429994,3.083440351304528,0.1206672733168748,-0.008314748,高点,LONG,空仓(震荡),HOLD
2025-12-09 20:00:00,92678.8,OSCILLATION,NO_TRADE,1.2290258248746322,1.6712021808979631,0.050450729,0.003346909,,LONG,空仓(震荡),HOLD
2025-12-10 00:00:00,92410.62,OSCILLATION,NO_TRADE,0.751871764,1.2442266187662565,0.099155935,0.002909647,,LONG,空仓(震荡),HOLD
2025-12-10 04:00:00,92782.91,OSCILLATION,NO_TRADE,0.5106519069195881,1.4924126633640178,0.1965858267387605,-0.006692011,,LONG,空仓(震荡),HOLD
2025-12-10 12:00:00,92063.69,BEARISH_SINGULARITY,LONG_MODE,0.8835997642482012,0.5715530094500576,0.4024751863441992,-0.03686966,,LONG,开多,ACTION
2025-12-10 16:00:00,92957.67,BEARISH_SINGULARITY,LONG_MODE,1.755776857757878,1.3986433178102762,0.5062737400854339,-0.04967218,高点,LONG,开多,ACTION
2025-12-10 20:00:00,92015.37,BEARISH_SINGULARITY,LONG_MODE,1.6124752717386008,0.3353476187925906,0.5463656878461767,-0.055814093,,LONG,开多,ACTION
2025-12-11 00:00:00,89880.01,BEARISH_SINGULARITY,LONG_MODE,1.2926961408130386,-1.806701735,0.6062121209700214,-0.059900957,低点,LONG,开多,ACTION
2025-12-11 04:00:00,90272.75,BEARISH_SINGULARITY,LONG_MODE,0.7201279014299942,-1.248070047,0.720503498,-0.064672427,,LONG,开多,ACTION
2025-12-11 08:00:00,90242.35,BEARISH_SINGULARITY,LONG_MODE,0.489812443,-1.160710902,0.767865928,-0.06214787,,LONG,开多,ACTION
2025-12-11 12:00:00,89872.51,BEARISH_SINGULARITY,LONG_MODE,1.1177911090522843,-1.41877717,0.7293689783097485,-0.057167973,低点,LONG,开多,ACTION
2025-12-11 16:00:00,90839.81,BEARISH_SINGULARITY,LONG_MODE,1.120381827942419,-0.323784439,0.6430249952677954,-0.048322348,,LONG,开多,ACTION
2025-12-11 20:00:00,92513.38,BEARISH_SINGULARITY,LONG_MODE,1.5303700505255498,1.3665574304611792,0.499163204,-0.033449646,高点,LONG,开多,ACTION
2025-12-12 00:00:00,92283.4,OSCILLATION,NO_TRADE,0.6727109070698362,1.007350475368086,0.3180040681229757,-0.015603761,,LONG,空仓(震荡),HOLD
2025-12-12 04:00:00,92425.34,OSCILLATION,NO_TRADE,0.4678840360110664,1.0508109132165937,0.1843539228814214,-0.00713475,,LONG,空仓(震荡),HOLD
2025-12-12 08:00:00,92418.19,OSCILLATION,NO_TRADE,0.5144205818821922,0.9427244866187128,0.0976648,-0.007009796,,LONG,空仓(震荡),HOLD
2025-12-12 12:00:00,89935.14,OSCILLATION,NO_TRADE,1.6639202729978462,-1.603550622,0.060034288,-0.015910974,低点,LONG,空仓(震荡),HOLD
2025-12-13 16:00:00,90178.16,OSCILLATION,NO_TRADE,0.2461004127318459,-0.703496216,-0.332203584,-0.005093889,,LONG,空仓(震荡),HOLD
2025-12-13 20:00:00,90240.01,BULLISH_SINGULARITY,SHORT_MODE,0.259170959,-0.575226808,-0.499505612,0.028347027,,SHORT,开空,ACTION
2025-12-14 00:00:00,90258.98,BULLISH_SINGULARITY,SHORT_MODE,0.294205544,-0.501797973,-0.64712689,0.062031929,高点,SHORT,开空,ACTION
2025-12-14 04:00:00,90245.6,BULLISH_SINGULARITY,SHORT_MODE,0.3139308689376386,-0.467582615,-0.741858806,0.090122804,,SHORT,开空,ACTION
2025-12-14 08:00:00,89360.0,BULLISH_SINGULARITY,SHORT_MODE,0.9718235196444882,-1.308562259,-0.754396038,0.1073787999762323,,SHORT,开空,ACTION
2025-12-14 12:00:00,89022.91,BULLISH_SINGULARITY,SHORT_MODE,0.8358568763583734,-1.523210096,-0.678609938,0.1056391572972353,,SHORT,开空,ACTION
2025-12-14 16:00:00,88644.88,BULLISH_SINGULARITY,SHORT_MODE,0.8108029957761116,-1.759745197,-0.550583196,0.090227468,,SHORT,开空,ACTION
2025-12-14 20:00:00,88172.17,BULLISH_SINGULARITY,SHORT_MODE,1.263826110375463,-2.070639159,-0.397518671,0.063957468,低点,SHORT,开空,ACTION
2025-12-15 04:00:00,89753.42,OSCILLATION,NO_TRADE,0.7314607117998536,-0.21252971,-0.197850273,0.007159497,高点,SHORT,空仓(震荡),HOLD
2025-12-15 08:00:00,89641.28,OSCILLATION,NO_TRADE,0.8620136368976357,-0.305189593,-0.250343406,-0.009715873,,SHORT,空仓(震荡),HOLD
2025-12-15 12:00:00,87033.22,OSCILLATION,NO_TRADE,2.961640673,-2.909323928,-0.336057929,-0.012241088,,SHORT,空仓(震荡),HOLD
2025-12-15 16:00:00,86149.96,OSCILLATION,NO_TRADE,2.635830950172896,-3.536851999,-0.371993512,-0.010074202,,SHORT,空仓(震荡),HOLD
2025-12-15 20:00:00,86432.08,OSCILLATION,NO_TRADE,1.2512108078712327,-2.923167903,-0.436176718,0.006138545,,SHORT,空仓(震荡),HOLD
2025-12-16 00:00:00,85875.92,BULLISH_SINGULARITY,SHORT_MODE,1.1794489364777692,-3.220817971,-0.542909248,0.036964307,低点,SHORT,开空,ACTION
2025-12-16 04:00:00,86021.51,BULLISH_SINGULARITY,SHORT_MODE,1.2227310997376328,-2.773699453,-0.621982257,0.071780241,,SHORT,开空,ACTION
2025-12-16 08:00:00,87261.45,BULLISH_SINGULARITY,SHORT_MODE,1.1630951105520353,-1.243184448,-0.675473868,0.1060202367114437,,SHORT,开空,ACTION
2025-12-16 12:00:00,87977.43,BULLISH_SINGULARITY,SHORT_MODE,2.8133448618098384,-0.391819392,-0.691197189,0.1379530396585281,高点,SHORT,开空,ACTION
2025-12-16 16:00:00,87585.77,BULLISH_SINGULARITY,SHORT_MODE,1.4042645312711142,-0.756310747,-0.619134884,0.1555990328607352,,SHORT,开空,ACTION
2025-12-16 20:00:00,87863.42,BULLISH_SINGULARITY,SHORT_MODE,0.4508849348871319,-0.399805799,-0.42005201,0.1499643583108152,,SHORT,开空,ACTION
2025-12-17 08:00:00,86983.26,OSCILLATION,NO_TRADE,0.6479183683454266,-1.065084753,0.4866350922057326,0.01588741,,SHORT,空仓(震荡),HOLD
2025-12-17 12:00:00,87233.44,BEARISH_SINGULARITY,LONG_MODE,2.740960963709343,-0.706718772,0.6847860976126298,-0.04380548,,LONG,开多,ACTION
2025-12-17 16:00:00,86018.53,BEARISH_SINGULARITY,LONG_MODE,1.6185240460773425,-1.894349122,0.7618899923971699,-0.092163525,低点,LONG,开多,ACTION
2025-12-17 20:00:00,86243.22,BEARISH_SINGULARITY,LONG_MODE,0.5457479749113118,-1.484393779,0.8385789210754072,-0.128460528,,LONG,开多,ACTION
2025-12-18 00:00:00,86618.34,BEARISH_SINGULARITY,LONG_MODE,0.5504415373062349,-0.956294607,0.7974423592100456,-0.151267991,,LONG,开多,ACTION
2025-12-18 04:00:00,86833.84,BEARISH_SINGULARITY,LONG_MODE,0.5058042305226685,-0.642708006,0.6540125732710189,-0.157783727,,LONG,开多,ACTION
2025-12-18 08:00:00,87300.74,BEARISH_SINGULARITY,LONG_MODE,0.6260627651327233,-0.098149849,0.469064995,-0.149387195,,LONG,开多,ACTION
2025-12-19 04:00:00,87953.4,BULLISH_SINGULARITY,SHORT_MODE,1.050212322760691,0.9575246399656484,-0.530182774,0.020460714,,SHORT,开空,ACTION
2025-12-19 08:00:00,88198.7,BULLISH_SINGULARITY,SHORT_MODE,0.5118658957012466,1.1197625820069306,-0.642696073,0.04415104,高点,SHORT,开空,ACTION
2025-12-19 12:00:00,87951.87,BULLISH_SINGULARITY,SHORT_MODE,1.622926694969814,0.7564766799366665,-0.678802114,0.052391261,,SHORT,开空,ACTION
2025-12-19 16:00:00,87845.92,BULLISH_SINGULARITY,SHORT_MODE,1.2069714693613462,0.5742685521449209,-0.579141561,0.047581881,低点,SHORT,开空,ACTION
2025-12-19 20:00:00,88136.94,BULLISH_SINGULARITY,SHORT_MODE,0.5232807235285725,0.8203223080666955,-0.439659832,0.028771392,,SHORT,开空,ACTION
2025-12-20 00:00:00,88214.98,OSCILLATION,NO_TRADE,0.2870710028691103,0.8222525113610377,-0.30219766,0.007828032,,SHORT,空仓(震荡),HOLD
2025-12-20 04:00:00,88275.41,OSCILLATION,NO_TRADE,0.2337110138351694,0.8057473927091807,-0.166991174,-0.010694293,,SHORT,空仓(震荡),HOLD
2025-12-20 20:00:00,88360.9,OSCILLATION,NO_TRADE,0.2150333515488725,0.6391864921868894,0.2407774115891518,-0.019956619,高点,SHORT,空仓(震荡),HOLD
2025-12-21 00:00:00,88070.64,OSCILLATION,NO_TRADE,0.3639753404177154,0.2791212415465505,0.2763233075265021,-0.0048821,低点,SHORT,空仓(震荡),HOLD
2025-12-21 04:00:00,88174.79,OSCILLATION,NO_TRADE,0.17116455,0.3596954094303261,0.3418670971977559,0.010327417,,SHORT,空仓(震荡),HOLD
2025-12-21 20:00:00,88658.86,HIGH_OSCILLATION,SHORT_MODE,0.3441315064046015,0.6828666587578752,0.862130895,0.001357368,,SHORT,开空,ACTION
2025-12-22 00:00:00,88774.12,BEARISH_SINGULARITY,LONG_MODE,1.318931150563008,0.7356873818305063,0.9983098806535972,-0.025790661,,LONG,开多,ACTION
2025-12-22 04:00:00,89170.1,BEARISH_SINGULARITY,LONG_MODE,0.6897853010594227,1.0709544184664257,1.1179091237105088,-0.055199787,,LONG,开多,ACTION
2025-12-22 08:00:00,89945.43,BEARISH_SINGULARITY,LONG_MODE,1.428029198200341,1.7608005513824476,1.207130882736708,-0.082539624,高点,LONG,开多,ACTION
2025-12-22 12:00:00,89726.92,BEARISH_SINGULARITY,LONG_MODE,2.1332942322668305,1.3674644070566426,1.2561400626387311,-0.103799578,,LONG,开多,ACTION
2025-12-22 16:00:00,88052.43,BEARISH_SINGULARITY,LONG_MODE,1.381612141237072,-0.474569454,1.3056611124776172,-0.12338647,低点,LONG,开多,ACTION
2025-12-22 20:00:00,88620.79,BEARISH_SINGULARITY,LONG_MODE,0.9512552312578004,0.1518367232098692,1.3801084693123349,-0.145412339,,LONG,开多,ACTION
2025-12-23 00:00:00,88170.0,BEARISH_SINGULARITY,LONG_MODE,0.9940232216758468,-0.323660865,1.3482689473295204,-0.150770259,,LONG,开多,ACTION
2025-12-23 04:00:00,87574.79,BEARISH_SINGULARITY,LONG_MODE,1.3120876895738125,-0.902494141,1.2689825208439476,-0.14491034,,LONG,开多,ACTION
2025-12-23 08:00:00,87856.65,BEARISH_SINGULARITY,LONG_MODE,0.9277276007928296,-0.528265778,1.1482963677555358,-0.128759424,,LONG,开多,ACTION
2025-12-23 12:00:00,87443.45,BEARISH_SINGULARITY,LONG_MODE,2.035266008587535,-0.902082647,0.9823255891655688,-0.099779742,低点,LONG,开多,ACTION
2025-12-23 16:00:00,87752.87,BEARISH_SINGULARITY,LONG_MODE,1.7949081649775216,-0.499168791,0.8381483915362001,-0.06824928,,LONG,开多,ACTION
2025-12-23 20:00:00,87486.0,BEARISH_SINGULARITY,LONG_MODE,1.2713990188632958,-0.725961805,0.6852275708709246,-0.037812146,,LONG,开多,ACTION
2025-12-24 04:00:00,86911.53,HIGH_OSCILLATION,SHORT_MODE,0.6981193581133937,-1.17185809,0.5952586302801312,-0.005762841,低点,SHORT,开空,ACTION
2025-12-24 12:00:00,87049.99,BEARISH_SINGULARITY,LONG_MODE,1.1302906509664423,-0.846908095,0.643281295,-0.03131885,,LONG,开多,ACTION
2025-12-24 16:00:00,87566.06,BEARISH_SINGULARITY,LONG_MODE,0.8516462700161755,-0.2344687,0.6427403212325107,-0.050452035,,LONG,开多,ACTION
2025-12-24 20:00:00,87669.45,BEARISH_SINGULARITY,LONG_MODE,0.4813247323902653,-0.105574536,0.5604090283476268,-0.067203701,,LONG,开多,ACTION
2025-12-25 00:00:00,87840.42,BEARISH_SINGULARITY,LONG_MODE,0.3332941162998473,0.080730652,0.4037910815471308,-0.077906294,,LONG,开多,ACTION
2025-12-25 16:00:00,88151.18,OSCILLATION,NO_TRADE,0.5682270778738804,0.350769063,-0.440164825,-0.005816711,,LONG,空仓(震荡),HOLD
2025-12-25 20:00:00,87225.27,BULLISH_SINGULARITY,SHORT_MODE,0.9889539120557272,-0.636728576,-0.537364334,0.022682709,低点,SHORT,开空,ACTION
2025-12-26 00:00:00,88844.87,BULLISH_SINGULARITY,SHORT_MODE,2.705537060992342,1.0919220805060417,-0.504842642,0.040218817,高点,SHORT,开空,ACTION
2025-12-26 04:00:00,88470.75,BULLISH_SINGULARITY,SHORT_MODE,1.6486727014651343,0.6023977846289111,-0.44578132,0.056341937,,SHORT,开空,ACTION
2025-12-26 08:00:00,88533.42,BULLISH_SINGULARITY,SHORT_MODE,0.6578673522114016,0.6091124448597804,-0.356078016,0.053596518,,SHORT,开空,ACTION
2025-12-26 20:00:00,87369.56,OSCILLATION,NO_TRADE,0.5489681808509624,-0.521862837,-0.029762568,0.003385996,低点,SHORT,空仓(震荡),HOLD
2025-12-27 00:00:00,87514.22,OSCILLATION,NO_TRADE,0.3591869392545763,-0.32324961,0.007483233,-0.014909651,,SHORT,空仓(震荡),HOLD
2025-12-27 12:00:00,87551.25,OSCILLATION,NO_TRADE,0.4325316358304378,-0.199882772,-0.330690198,-0.019767851,,SHORT,空仓(震荡),HOLD
2025-12-27 16:00:00,87569.39,LOW_OSCILLATION,LONG_MODE,0.332999201,-0.162165437,-0.585048042,0.001261766,,LONG,开多,ACTION
2025-12-27 20:00:00,87877.01,BULLISH_SINGULARITY,SHORT_MODE,0.542777305,0.1705640650779619,-0.771047594,0.033730176,高点,SHORT,开空,ACTION
2025-12-28 00:00:00,87740.01,BULLISH_SINGULARITY,SHORT_MODE,0.4261830718136315,0.013026991,-0.919430954,0.063990445,,SHORT,开空,ACTION
2025-12-28 04:00:00,87730.85,BULLISH_SINGULARITY,SHORT_MODE,0.2850793124073612,0.002339433,-0.975938928,0.086641086,低点,SHORT,开空,ACTION
2025-12-28 08:00:00,87883.25,BULLISH_SINGULARITY,SHORT_MODE,0.4882678430689913,0.1592626196816033,-0.9205129,0.099435199,高点,SHORT,开空,ACTION
2025-12-28 12:00:00,87836.27,BULLISH_SINGULARITY,SHORT_MODE,0.5233464013527908,0.095641977,-0.824150558,0.099355117,,SHORT,开空,ACTION
2025-12-28 16:00:00,87520.75,BULLISH_SINGULARITY,SHORT_MODE,0.5677749940297195,-0.238840613,-0.76094667,0.087950367,低点,SHORT,开空,ACTION
2025-12-28 20:00:00,87952.71,BULLISH_SINGULARITY,SHORT_MODE,0.579259191,0.2293308250004243,-0.687678592,0.071056907,,SHORT,开空,ACTION
2025-12-29 00:00:00,90123.55,BULLISH_SINGULARITY,SHORT_MODE,2.8228766952368542,2.4394550542109634,-0.685083174,0.05521696,高点,SHORT,开空,ACTION
2025-12-29 04:00:00,89617.71,BULLISH_SINGULARITY,SHORT_MODE,1.9722635436969689,1.683928540796845,-0.837206297,0.053268239,,SHORT,开空,ACTION
2025-12-29 08:00:00,87567.66,BULLISH_SINGULARITY,SHORT_MODE,2.621102939317758,-0.581341374,-0.815710555,0.050904651,,SHORT,开空,ACTION
2025-12-29 12:00:00,87691.62,BULLISH_SINGULARITY,SHORT_MODE,2.309085583226397,-0.398810156,-0.678485347,0.03216374,,SHORT,开空,ACTION
2025-12-30 04:00:00,87502.85,BULLISH_SINGULARITY,SHORT_MODE,0.6861674417373956,-0.365227675,-0.652588859,0.035528177,低点,SHORT,开空,ACTION
2025-12-30 08:00:00,87903.89,BULLISH_SINGULARITY,SHORT_MODE,1.4868131033765934,0.082701543,-0.77950529,0.067379873,,SHORT,开空,ACTION
2025-12-30 12:00:00,89016.35,BULLISH_SINGULARITY,SHORT_MODE,2.123354441,1.2192189314301092,-0.937487047,0.1075134472423988,高点,SHORT,开空,ACTION
2025-12-30 16:00:00,88226.16,BULLISH_SINGULARITY,SHORT_MODE,1.516724643183804,0.2900732311321845,-1.121393623,0.1529027401110204,,SHORT,开空,ACTION
2025-12-30 20:00:00,88485.49,BULLISH_SINGULARITY,SHORT_MODE,0.6399498690493653,0.5288677435955692,-1.163230088,0.1821626779591547,,SHORT,开空,ACTION
2025-12-31 00:00:00,88453.04,BULLISH_SINGULARITY,SHORT_MODE,0.5736735583500931,0.444935381,-1.140285797,0.199334346,,SHORT,开空,ACTION
2025-12-31 04:00:00,88613.12,BULLISH_SINGULARITY,SHORT_MODE,0.4917183285708941,0.5666923270594127,-0.947592089,0.1969354748192269,,SHORT,开空,ACTION
2025-12-31 08:00:00,89011.52,BULLISH_SINGULARITY,SHORT_MODE,0.8258917718273133,0.9209094915610538,-0.628623555,0.1713211758400016,高点,SHORT,开空,ACTION
2025-12-31 20:00:00,87648.22,BEARISH_SINGULARITY,LONG_MODE,0.6830293995358833,-0.480075441,0.8457918203215765,-0.036449815,,LONG,开多,ACTION
2026-01-01 00:00:00,87846.02,BEARISH_SINGULARITY,LONG_MODE,0.3604437053748428,-0.231208437,1.0466359356234527,-0.110942606,,LONG,开多,ACTION
2026-01-01 04:00:00,87631.88,BEARISH_SINGULARITY,LONG_MODE,0.4767665779850533,-0.429424175,0.8672797031160548,-0.142145735,低点,LONG,开多,ACTION
2026-01-01 08:00:00,88024.64,BEARISH_SINGULARITY,LONG_MODE,0.3852329655894642,0.015239774,0.6524537242720652,-0.129272007,,LONG,开多,ACTION
2026-01-01 12:00:00,88032.18,BEARISH_SINGULARITY,LONG_MODE,0.5021243142723213,0.021539054,0.3839331094775007,-0.089064321,,LONG,开多,ACTION
2026-01-02 20:00:00,89995.13,HIGH_OSCILLATION,SHORT_MODE,0.7756418071828831,1.405312319890401,0.6616923740044728,0.0063773,,SHORT,开空,ACTION
2026-01-03 00:00:00,90321.22,BEARISH_SINGULARITY,LONG_MODE,0.5472155819381462,1.6012098432343258,0.967793046,-0.048468323,高点,LONG,开多,ACTION
2026-01-03 04:00:00,89577.13,BEARISH_SINGULARITY,LONG_MODE,0.934528921,0.6909092500417018,1.2135017527099758,-0.101987307,低点,LONG,开多,ACTION
2026-01-03 08:00:00,89752.74,BEARISH_SINGULARITY,LONG_MODE,0.6810680815521245,0.803027034,1.4599216742982697,-0.160841174,,LONG,开多,ACTION
2026-01-03 12:00:00,89969.31,BEARISH_SINGULARITY,LONG_MODE,0.5815553842648471,0.9456747546259294,1.6252875611980953,-0.196417551,,LONG,开多,ACTION
2026-01-03 16:00:00,90123.77,BEARISH_SINGULARITY,LONG_MODE,0.2775207122667595,1.0113318565634066,1.6660351585297313,-0.216373962,,LONG,开多,ACTION
2026-01-03 20:00:00,90628.01,BEARISH_SINGULARITY,LONG_MODE,0.749760748,1.4242074719407614,1.576824132733343,-0.219520906,,LONG,开多,ACTION
2026-01-04 00:00:00,91236.78,BEARISH_SINGULARITY,LONG_MODE,1.552409677,1.9011622012637588,1.340233324447709,-0.200392652,,LONG,开多,ACTION
2026-01-04 04:00:00,91532.0,BEARISH_SINGULARITY,LONG_MODE,1.0392826901340613,2.014144508251912,0.9682259743672186,-0.162103516,高点,LONG,开多,ACTION
2026-01-04 08:00:00,91300.0,BEARISH_SINGULARITY,LONG_MODE,1.401503581273652,1.5857270964952022,0.480738984,-0.115764332,,LONG,开多,ACTION
2026-01-04 16:00:00,91138.07,OSCILLATION,NO_TRADE,0.6070178358062974,1.1286127653718865,0.2684388201561231,-0.017336532,低点,LONG,空仓(震荡),HOLD
2026-01-04 20:00:00,91529.73,OSCILLATION,NO_TRADE,0.438763521,1.4122271945130156,0.3297656269769822,-0.008892696,,LONG,空仓(震荡),HOLD
2026-01-05 00:00:00,92878.22,OSCILLATION,NO_TRADE,2.6547648828503587,2.622264099932882,0.382713921,-0.013583704,,LONG,空仓(震荡),HOLD
2026-01-05 04:00:00,92520.63,OSCILLATION,NO_TRADE,0.8700906262471553,2.010783179276663,0.3638990582702343,-0.017117653,,LONG,空仓(震荡),HOLD
2026-01-05 08:00:00,93134.26,BEARISH_SINGULARITY,LONG_MODE,1.1578679456205134,2.425209633226909,0.4316368198461949,-0.031009167,,LONG,开多,ACTION
2026-01-05 12:00:00,93957.73,BEARISH_SINGULARITY,LONG_MODE,1.8291948928720536,3.004076614689779,0.4808241060579759,-0.044167544,,LONG,开多,ACTION
2026-01-05 16:00:00,94303.4,BEARISH_SINGULARITY,LONG_MODE,1.7815825781425056,3.051004798189489,0.4866383450832925,-0.054957752,高点,LONG,开多,ACTION
2026-01-05 20:00:00,93859.71,BEARISH_SINGULARITY,LONG_MODE,1.058634468932769,2.3161015522174577,0.4846544529960871,-0.064298162,,LONG,开多,ACTION
2026-01-06 00:00:00,93769.24,BEARISH_SINGULARITY,LONG_MODE,0.7414834027915579,2.002063804434407,0.50630404,-0.075003331,,LONG,开多,ACTION
2026-01-06 04:00:00,93255.08,BEARISH_SINGULARITY,LONG_MODE,0.9766304629026348,1.3035641888317722,0.5043926141775692,-0.080892247,低点,LONG,开多,ACTION
2026-01-06 08:00:00,93840.0,BEARISH_SINGULARITY,LONG_MODE,0.6468585424585515,1.751069316369294,0.4938757237674291,-0.082550508,高点,LONG,开多,ACTION
2026-01-06 12:00:00,93648.99,BEARISH_SINGULARITY,LONG_MODE,1.7024231125033409,1.3948619216178797,0.4075855304991708,-0.072533087,,LONG,开多,ACTION
2026-01-07 00:00:00,92815.83,OSCILLATION,NO_TRADE,0.9967010207616374,0.3375332163770861,0.1002752018937165,-0.017456543,,LONG,空仓(震荡),HOLD
2026-01-07 04:00:00,92879.13,OSCILLATION,NO_TRADE,0.3911198642775769,0.3671578895880842,-0.009856941,0.004458919,,LONG,空仓(震荡),HOLD
2026-01-08 08:00:00,90226.77,BULLISH_SINGULARITY,SHORT_MODE,0.8795947191555351,-1.661707943,-0.432627025,0.083095694,低点,SHORT,开空,ACTION
2026-01-08 12:00:00,90781.57,BULLISH_SINGULARITY,SHORT_MODE,1.5163301439041654,-0.957324745,-0.520152386,0.093463839,,SHORT,开空,ACTION
2026-01-08 16:00:00,90937.41,BULLISH_SINGULARITY,SHORT_MODE,0.9162922359195568,-0.712856574,-0.660297649,0.1035918712573319,,SHORT,开空,ACTION
2026-01-08 20:00:00,91099.99,BULLISH_SINGULARITY,SHORT_MODE,0.6333059019545807,-0.484610216,-0.780268318,0.1119929103032724,,SHORT,开空,ACTION
2026-01-09 00:00:00,91220.23,BULLISH_SINGULARITY,SHORT_MODE,0.5950008218209611,-0.31972647,-0.853814899,0.1164635465862039,高点,SHORT,开空,ACTION
2026-01-09 04:00:00,90741.84,BULLISH_SINGULARITY,SHORT_MODE,0.5741893209828938,-0.762859362,-0.898571691,0.1125118670703386,,SHORT,开空,ACTION
2026-01-09 08:00:00,90463.11,BULLISH_SINGULARITY,SHORT_MODE,0.9746160885741468,-0.966983275,-0.870714017,0.099687665,,SHORT,开空,ACTION
2026-01-09 12:00:00,91176.47,BULLISH_SINGULARITY,SHORT_MODE,2.007216885732162,-0.168355381,-0.829087575,0.080181058,高点,SHORT,开空,ACTION
2026-01-09 16:00:00,90332.15,BULLISH_SINGULARITY,SHORT_MODE,1.0154454330021716,-0.989776352,-0.831657275,0.065661283,低点,SHORT,开空,ACTION
2026-01-09 20:00:00,90641.28,BULLISH_SINGULARITY,SHORT_MODE,0.4580695202874993,-0.589318933,-0.790613136,0.047588562,,SHORT,开空,ACTION
2026-01-10 00:00:00,90626.14,BULLISH_SINGULARITY,SHORT_MODE,0.2105547652658797,-0.548533227,-0.781387342,0.037686728,,SHORT,开空,ACTION
2026-01-10 04:00:00,90678.5,BULLISH_SINGULARITY,SHORT_MODE,0.2091129858203934,-0.444513233,-0.796689529,0.032400398,,SHORT,开空,ACTION
2026-01-10 08:00:00,90723.86,BULLISH_SINGULARITY,SHORT_MODE,0.2877677806600527,-0.35725532,-0.826439955,0.034460357,高点,SHORT,开空,ACTION
2026-01-10 12:00:00,90665.75,BULLISH_SINGULARITY,SHORT_MODE,0.1868496082071065,-0.381128176,-0.879923616,0.041322144,,SHORT,开空,ACTION
2026-01-10 16:00:00,90626.54,BULLISH_SINGULARITY,SHORT_MODE,0.2506986425510751,-0.383964273,-0.935318316,0.052857891,,SHORT,开空,ACTION
2026-01-10 20:00:00,90504.7,BULLISH_SINGULARITY,SHORT_MODE,0.2509976309404785,-0.468798293,-0.984286545,0.066874661,低点,SHORT,开空,ACTION
2026-01-11 00:00:00,90733.5,BULLISH_SINGULARITY,SHORT_MODE,0.2509371722347084,-0.196535834,-1.00650761,0.080732969,,SHORT,开空,ACTION
2026-01-11 04:00:00,90710.79,BULLISH_SINGULARITY,SHORT_MODE,0.3051759411966337,-0.200461517,-0.99659747,0.093955891,,SHORT,开空,ACTION
2026-01-11 08:00:00,90754.99,BULLISH_SINGULARITY,SHORT_MODE,0.3997853918209131,-0.137392497,-0.963864192,0.098713922,,SHORT,开空,ACTION
2026-01-11 12:00:00,90875.79,BULLISH_SINGULARITY,SHORT_MODE,0.6981379678650685,-0.004044073,-0.894641189,0.097963859,,SHORT,开空,ACTION
2026-01-11 16:00:00,90690.8,BULLISH_SINGULARITY,SHORT_MODE,0.6142427495851903,-0.187865179,-0.763892175,0.092044451,低点,SHORT,开空,ACTION
2026-01-11 20:00:00,91013.65,BULLISH_SINGULARITY,SHORT_MODE,1.1660189007691395,0.1514835080454683,-0.641039696,0.072816157,,SHORT,开空,ACTION
2026-01-12 00:00:00,91808.12,BULLISH_SINGULARITY,SHORT_MODE,2.548434048708016,0.9271256512634044,-0.539744233,0.053436244,高点,SHORT,开空,ACTION
2026-01-12 04:00:00,91408.09,BULLISH_SINGULARITY,SHORT_MODE,1.1503640661198398,0.4407419596843455,-0.496112616,0.036737121,,SHORT,开空,ACTION
2026-01-12 08:00:00,90620.96,BULLISH_SINGULARITY,SHORT_MODE,1.7899559205933917,-0.383927665,-0.402092318,0.020711797,低点,SHORT,开空,ACTION
2026-01-12 12:00:00,91665.0,OSCILLATION,NO_TRADE,1.800302470248625,0.6905047795299992,-0.294888905,0.000981236,,SHORT,空仓(震荡),HOLD
2026-01-12 16:00:00,91861.27,OSCILLATION,NO_TRADE,2.1798189949753817,0.8190978158339814,-0.271474333,-0.007589724,高点,SHORT,空仓(震荡),HOLD
2026-01-12 20:00:00,91296.2,OSCILLATION,NO_TRADE,0.9652819189935103,0.1799458172619094,-0.277156195,-0.010829284,低点,SHORT,空仓(震荡),HOLD
2026-01-13 00:00:00,91408.91,OSCILLATION,NO_TRADE,0.959393782,0.2746273577725385,-0.272564549,-0.011503813,,SHORT,空仓(震荡),HOLD
2026-01-13 04:00:00,91942.0,OSCILLATION,NO_TRADE,1.793053891565821,0.776935973,-0.289769426,-0.005390556,,SHORT,空仓(震荡),HOLD
2026-01-13 08:00:00,92000.74,OSCILLATION,NO_TRADE,1.6599232983878651,0.7605852645616159,-0.333043483,0.007123373,,SHORT,空仓(震荡),HOLD
2026-01-13 12:00:00,93449.99,BULLISH_SINGULARITY,SHORT_MODE,2.5132720715806736,2.1194838734091506,-0.354380603,0.020364559,,SHORT,开空,ACTION
2026-01-13 16:00:00,94226.84,BULLISH_SINGULARITY,SHORT_MODE,2.4613925570469948,2.678127110582855,-0.405198782,0.037112929,,SHORT,开空,ACTION
2026-01-13 20:00:00,95414.0,BULLISH_SINGULARITY,SHORT_MODE,3.284165280276304,3.5799595614223243,-0.401309185,0.049044242,,SHORT,开空,ACTION
2026-01-14 08:00:00,94792.99,OSCILLATION,NO_TRADE,0.6854902660115006,2.017474099899004,0.091229496,0.013961113,,SHORT,空仓(震荡),HOLD
2026-01-14 12:00:00,96764.57,BEARISH_SINGULARITY,LONG_MODE,2.126837059922224,3.730388268617317,0.4118741963288748,-0.022123765,,LONG,开多,ACTION
2026-01-14 16:00:00,97267.42,BEARISH_SINGULARITY,LONG_MODE,2.1307974518489834,3.847180878517893,0.6249320653205981,-0.051737033,高点,LONG,开多,ACTION
2026-01-14 20:00:00,96951.78,BEARISH_SINGULARITY,LONG_MODE,0.9671023609267332,3.165303617595667,0.7450181711811715,-0.082751853,,LONG,开多,ACTION
2026-01-15 00:00:00,95985.1,BEARISH_SINGULARITY,LONG_MODE,0.8479914535547804,1.9292519663901868,0.8200698986212055,-0.105401715,低点,LONG,开多,ACTION
2026-01-15 04:00:00,96630.48,BEARISH_SINGULARITY,LONG_MODE,0.6143737537024371,2.3597136345198404,0.9104870974497252,-0.116680563,,LONG,开多,ACTION
2026-01-15 08:00:00,96581.08,BEARISH_SINGULARITY,LONG_MODE,0.8471565866057532,2.083056242787346,0.9138120014584512,-0.114492977,,LONG,开多,ACTION
2026-01-15 12:00:00,96737.04,BEARISH_SINGULARITY,LONG_MODE,1.3953955986503066,2.029470277604943,0.8908682477024427,-0.102993982,高点,LONG,开多,ACTION
2026-01-15 16:00:00,95516.01,BEARISH_SINGULARITY,LONG_MODE,2.121965969853812,0.6705325571352233,0.8496367782384115,-0.084571069,,LONG,开多,ACTION
2026-01-15 20:00:00,95604.8,BEARISH_SINGULARITY,LONG_MODE,0.3765481808388319,0.6908385956604618,0.8550415861531351,-0.069049124,,LONG,开多,ACTION
2026-01-16 00:00:00,95354.69,BEARISH_SINGULARITY,LONG_MODE,0.3438827147151022,0.3865587830675078,0.8473098246906674,-0.051504711,低点,LONG,开多,ACTION
2026-01-16 04:00:00,95653.16,BEARISH_SINGULARITY,LONG_MODE,0.6455370932230495,0.6336153082980521,0.844788773,-0.036856296,高点,LONG,开多,ACTION
2026-01-16 08:00:00,95429.09,BEARISH_SINGULARITY,LONG_MODE,0.4521895451578842,0.3598489178155405,0.8048662055324957,-0.025321864,,LONG,开多,ACTION
2026-01-17 04:00:00,95101.67,BEARISH_SINGULARITY,LONG_MODE,0.1965812447723877,-0.010014034,0.6810952968370716,-0.025174298,低点,LONG,开多,ACTION
2026-01-17 08:00:00,95323.86,BEARISH_SINGULARITY,LONG_MODE,0.2233414019938066,0.2022587442106324,0.6373629428397113,-0.030065084,,LONG,开多,ACTION
2026-01-17 12:00:00,95573.64,BEARISH_SINGULARITY,LONG_MODE,0.5410604142922241,0.4203669301056817,0.5900333308610507,-0.033208262,高点,LONG,开多,ACTION
2026-01-17 16:00:00,95291.38,BEARISH_SINGULARITY,LONG_MODE,0.2424001699425011,0.1119899611338772,0.5338499414412404,-0.035260363,,LONG,开多,ACTION
2026-01-17 20:00:00,95147.77,BEARISH_SINGULARITY,LONG_MODE,0.2124014620538615,-0.035182966,0.4854705894353574,-0.037658417,,LONG,开多,ACTION
2026-01-18 00:00:00,95200.29,BEARISH_SINGULARITY,LONG_MODE,0.3515232178584764,0.018091242,0.4456420259171167,-0.037844579,,LONG,开多,ACTION
2026-01-18 04:00:00,95028.27,BEARISH_SINGULARITY,LONG_MODE,0.3654304191189667,-0.147168,0.3942193342767988,-0.035980758,,LONG,开多,ACTION
2026-01-18 20:00:00,93673.14,OSCILLATION,NO_TRADE,1.5264109972765745,-1.438620211,0.1705594059109069,-0.013104559,,LONG,空仓(震荡),HOLD
2026-01-19 00:00:00,92690.09,OSCILLATION,NO_TRADE,4.114569697020532,-2.242730876,0.1800493724559827,-0.013029872,低点,LONG,空仓(震荡),HOLD
2026-01-19 04:00:00,92841.62,OSCILLATION,NO_TRADE,1.1340267038954055,-1.888289845,0.183619795,-0.015792206,,LONG,空仓(震荡),HOLD
2026-01-19 08:00:00,93191.96,OSCILLATION,NO_TRADE,1.2356170604020604,-1.375474231,0.1382488296254052,-0.01323275,高点,LONG,空仓(震荡),HOLD
2026-01-19 12:00:00,93068.62,OSCILLATION,NO_TRADE,1.183311791873994,-1.364532416,0.035989853,-0.006798622,,LONG,空仓(震荡),HOLD
2026-01-19 16:00:00,93105.85,OSCILLATION,NO_TRADE,0.7702780830698208,-1.200392723,-0.085911172,0.001298833,,LONG,空仓(震荡),HOLD
2026-01-19 20:00:00,92631.0,OSCILLATION,NO_TRADE,1.108964774185657,-1.54447586,-0.230848345,0.010462989,,LONG,空仓(震荡),HOLD
2026-01-20 00:00:00,92434.92,OSCILLATION,NO_TRADE,0.9028679116266018,-1.588595714,-0.344035458,0.019508296,,LONG,空仓(震荡),HOLD
